{"type": "FeatureCollection", "features": [{"id": "0", "type": "Feature", "properties": {"adm1_code": "1420", "adm1_name": "Atlantida"}, "geometry": {"type": "MultiPolygon", "coordinates": [[[[-87.5616, 15.8121], [-87.56, 15.8113], [-87.5605, 15.8106], [-87.5616, 15.8121]]], [[[-87.5645, 15.8142], [-87.5651, 15.8137], [-87.5651, 15.8142], [-87.5645, 15.8142]]], [[[-87.5709, 15.8147], [-87.5704, 15.8139], [-87.5715, 15.8144], [-87.5709, 15.8147]]], [[[-87.5779, 15.8177], [-87.5768, 15.8172], [-87.5779, 15.8175], [-87.5779, 15.8177]]], [[[-87.5862, 15.8314], [-87.5861, 15.8303], [-87.587, 15.8314], [-87.5862, 15.8314]]], [[[-87.5997, 15.8318], [-87.5988, 15.8313], [-87.5995, 15.8311], [-87.5997, 15.8318]]], [[[-87.5875, 15.8316], [-87.5883, 15.8311], [-87.5888, 15.8319], [-87.5875, 15.8316]]], [[[-87.596, 15.8326], [-87.5968, 15.8326], [-87.5963, 15.8332], [-87.596, 15.8326]]], [[[-87.6064, 15.8334], [-87.5939, 15.837], [-87.6016, 15.8308], [-87.6064, 15.8334]]], [[[-87.6032, 15.8411], [-87.6021, 15.8401], [-87.6035, 15.8398], [-87.6032, 15.8411]]], [[[-87.5883, 15.8409], [-87.587, 15.8401], [-87.5883, 15.8406], [-87.5883, 15.8409]]], [[[-87.5985, 15.853], [-87.5979, 15.8502], [-87.5998, 15.8532], [-87.5985, 15.853]]], [[[-87.7392, 15.9103], [-87.7393, 15.9098], [-87.7393, 15.9102], [-87.7392, 15.9103]]], [[[-87.6009, 15.928], [-87.6189, 15.9101], [-87.629, 15.9052], [-87.6174, 15.8769], [-87.5883, 15.8443], [-87.5998, 15.8543], [-87.6009, 15.8519], [-87.5993, 15.8478], [-87.5954, 15.846], [-87.5974, 15.8424], [-87.6112, 15.8408], [-87.6104, 15.8421], [-87.6109, 15.8457], [-87.6292, 15.8163], [-87.6262, 15.7957], [-87.6379, 15.7745], [-87.6323, 15.7702], [-87.6142, 15.779], [-87.599, 15.7767], [-87.5908, 15.7883], [-87.5812, 15.7706], [-87.5408, 15.7731], [-87.5274, 15.7661], [-87.5085, 15.7659], [-87.549, 15.7763], [-87.5968, 15.8221], [-87.6013, 15.8282], [-87.592, 15.8326], [-87.5875, 15.8218], [-87.5608, 15.8058], [-87.5581, 15.8086], [-87.5587, 15.8165], [-87.5878, 15.843], [-87.5202, 15.794], [-87.5242, 15.7877], [-87.5142, 15.779], [-87.5036, 15.7747], [-87.5203, 15.7871], [-87.5201, 15.7934], [-87.487, 15.7827], [-87.4545, 15.7833], [-87.4578, 15.777], [-87.4521, 15.7778], [-87.4542, 15.7807], [-87.4541, 15.7826], [-87.4545, 15.7835], [-87.4548, 15.7835], [-87.4329, 15.8027], [-87.431, 15.8141], [-87.4004, 15.8162], [-87.3839, 15.8311], [-87.3825, 15.8251], [-87.3768, 15.8211], [-87.3833, 15.8316], [-87.373, 15.8483], [-87.2186, 15.8032], [-87.2375, 15.8007], [-87.2361, 15.793], [-87.2369, 15.7993], [-87.2194, 15.7971], [-87.218, 15.8032], [-87.0472, 15.776], [-87.0168, 15.7775], [-86.9512, 15.76], [-86.9509, 15.7594], [-86.9481, 15.7588], [-86.9492, 15.7557], [-86.9484, 15.7536], [-86.9463, 15.7526], [-86.9474, 15.7585], [-86.9481, 15.7593], [-86.9507, 15.7599], [-86.8982, 15.7526], [-86.8843, 15.7634], [-86.8312, 15.7674], [-86.7775, 15.7996], [-86.7606, 15.7986], [-86.7651, 15.788], [-86.7619, 15.786], [-86.7601, 15.7997], [-86.7103, 15.787], [-86.6268, 15.7963], [-86.6314, 15.7484], [-86.6552, 15.7211], [-86.6386, 15.6938], [-86.6482, 15.6783], [-86.6381, 15.6398], [-86.642, 15.6078], [-86.7256, 15.5776], [-86.7959, 15.5407], [-86.8316, 15.5461], [-86.8411, 15.5533], [-86.8589, 15.54], [-86.8829, 15.5463], [-86.8857, 15.5639], [-86.8928, 15.5648], [-86.9087, 15.5563], [-86.9322, 15.5528], [-86.9418, 15.5573], [-86.9624, 15.5426], [-87.0073, 15.5425], [-87.02, 15.5506], [-87.0443, 15.5223], [-87.0779, 15.5024], [-87.0844, 15.4796], [-87.1097, 15.4653], [-87.1265, 15.4643], [-87.1412, 15.4483], [-87.1852, 15.4501], [-87.2127, 15.4103], [-87.2247, 15.4174], [-87.2465, 15.4132], [-87.2796, 15.427], [-87.2898, 15.4245], [-87.3198, 15.4392], [-87.3417, 15.4322], [-87.3513, 15.4444], [-87.3683, 15.4488], [-87.3863, 15.4355], [-87.4065, 15.4315], [-87.4125, 15.4454], [-87.4204, 15.442], [-87.4206, 15.4485], [-87.4422, 15.458], [-87.4436, 15.4719], [-87.4555, 15.4796], [-87.4496, 15.4858], [-87.4574, 15.4937], [-87.4522, 15.5267], [-87.4654, 15.5275], [-87.4757, 15.5405], [-87.5283, 15.5107], [-87.5403, 15.5198], [-87.585, 15.5061], [-87.6348, 15.5051], [-87.6527, 15.5298], [-87.6757, 15.5456], [-87.6847, 15.5641], [-87.6921, 15.644], [-87.705, 15.6538], [-87.7072, 15.6657], [-87.7285, 15.6687], [-87.747, 15.6808], [-87.7568, 15.697], [-87.7832, 15.7028], [-87.7844, 15.7273], [-87.7649, 15.7337], [-87.7808, 15.7683], [-87.7927, 15.7557], [-87.7895, 15.7715], [-87.7978, 15.7848], [-87.8087, 15.7853], [-87.8036, 15.8084], [-87.7887, 15.8064], [-87.7927, 15.8231], [-87.7784, 15.8184], [-87.7802, 15.8406], [-87.7744, 15.8442], [-87.781, 15.8569], [-87.7587, 15.8819], [-87.7483, 15.8781], [-87.7394, 15.8839], [-87.7381, 15.9112], [-87.7286, 15.9108], [-87.7285, 15.9002], [-87.7273, 15.912], [-87.7381, 15.9123], [-87.7321, 15.9199], [-87.7193, 15.9193], [-87.7193, 15.9181], [-87.7259, 15.9144], [-87.7271, 15.9122], [-87.7249, 15.9144], [-87.7249, 15.9008], [-87.7229, 15.8963], [-87.7175, 15.8918], [-87.7245, 15.8845], [-87.7246, 15.8825], [-87.7177, 15.8776], [-87.7186, 15.8706], [-87.7149, 15.8748], [-87.7238, 15.884], [-87.7161, 15.8915], [-87.7235, 15.8977], [-87.7244, 15.9134], [-87.715, 15.9192], [-87.6542, 15.8907], [-87.6568, 15.8869], [-87.6462, 15.8951], [-87.6534, 15.8825], [-87.64, 15.8706], [-87.631, 15.8748], [-87.6316, 15.881], [-87.6398, 15.9066], [-87.6439, 15.8979], [-87.6465, 15.8966], [-87.6437, 15.9062], [-87.6364, 15.9103], [-87.6329, 15.9052], [-87.6258, 15.918], [-87.6229, 15.914], [-87.6194, 15.9212], [-87.6009, 15.928]]], [[[-87.5981, 15.9285], [-87.5987, 15.928], [-87.5987, 15.9285], [-87.5981, 15.9285]]]]}}, {"id": "1", "type": "Feature", "properties": {"adm1_code": "1421", "adm1_name": "Choluteca"}, "geometry": {"type": "MultiPolygon", "coordinates": [[[[-87.4059, 13.1118], [-87.4026, 13.1142], [-87.4019, 13.1129], [-87.4059, 13.1118]]], [[[-87.5194, 13.2563], [-87.519, 13.2539], [-87.5202, 13.2561], [-87.5194, 13.2563]]], [[[-87.4186, 13.3561], [-87.4206, 13.3529], [-87.4237, 13.3518], [-87.4239, 13.3521], [-87.4164, 13.3603], [-87.4186, 13.3561]]], [[[-87.3793, 13.3896], [-87.3815, 13.3843], [-87.3855, 13.3832], [-87.3793, 13.3896]]], [[[-87.3764, 13.3909], [-87.377, 13.3906], [-87.3778, 13.3908], [-87.3764, 13.3909]]], [[[-87.4428, 13.7635], [-87.4025, 13.7524], [-87.3836, 13.7556], [-87.3965, 13.732], [-87.397, 13.7148], [-87.39, 13.7158], [-87.3809, 13.6981], [-87.365, 13.6929], [-87.363, 13.6791], [-87.3158, 13.6842], [-87.3013, 13.6747], [-87.2845, 13.6732], [-87.2559, 13.6819], [-87.2136, 13.6627], [-87.2248, 13.6107], [-87.2012, 13.6095], [-87.1857, 13.588], [-87.1845, 13.5582], [-87.1689, 13.5444], [-87.1569, 13.5486], [-87.1424, 13.5429], [-87.1108, 13.5502], [-87.1141, 13.5299], [-87.1069, 13.511], [-87.0833, 13.4976], [-87.0813, 13.5062], [-87.0639, 13.4981], [-87.0513, 13.516], [-87.0259, 13.5199], [-87.0254, 13.5344], [-87.0091, 13.5463], [-87.0064, 13.5691], [-86.9926, 13.5798], [-86.976, 13.5801], [-86.9414, 13.6131], [-86.9336, 13.6291], [-86.9323, 13.655], [-86.9255, 13.6442], [-86.8898, 13.6498], [-86.8869, 13.6415], [-86.8527, 13.6575], [-86.8414, 13.6721], [-86.8216, 13.6731], [-86.8082, 13.6656], [-86.7937, 13.6941], [-86.7885, 13.689], [-86.7708, 13.6934], [-86.785, 13.6567], [-86.7515, 13.6359], [-86.7683, 13.573], [-86.7511, 13.5626], [-86.7457, 13.5507], [-86.7373, 13.4783], [-86.7221, 13.4341], [-86.7429, 13.3929], [-86.7359, 13.3798], [-86.7104, 13.3694], [-86.7025, 13.3248], [-86.7046, 13.3], [-86.7405, 13.2711], [-86.7563, 13.267], [-86.8192, 13.3063], [-86.8288, 13.3054], [-86.8646, 13.2942], [-86.8769, 13.2749], [-86.9079, 13.2564], [-86.9111, 13.2219], [-86.929, 13.1823], [-86.9173, 13.1456], [-86.926, 13.1415], [-86.9234, 13.1337], [-86.9333, 13.1211], [-86.9184, 13.0893], [-86.9525, 13.0589], [-86.959, 13.0322], [-86.9773, 13.0157], [-86.9907, 13.0181], [-87.0123, 13.0025], [-87.0219, 13.006], [-87.0277, 12.9888], [-87.0486, 12.9849], [-87.0635, 12.9969], [-87.0853, 12.9985], [-87.3108, 12.9827], [-87.2987, 13.0151], [-87.2805, 13.0233], [-87.3091, 13.0227], [-87.322, 13.0284], [-87.3555, 13.0593], [-87.3683, 13.0815], [-87.3416, 13.0952], [-87.3896, 13.1155], [-87.3994, 13.1099], [-87.4018, 13.115], [-87.4245, 13.1163], [-87.4307, 13.1009], [-87.4262, 13.1251], [-87.4319, 13.1629], [-87.4584, 13.2198], [-87.4545, 13.232], [-87.4862, 13.2646], [-87.5041, 13.2718], [-87.5136, 13.2651], [-87.5068, 13.2635], [-87.5137, 13.2639], [-87.5123, 13.2838], [-87.5001, 13.2998], [-87.4736, 13.3054], [-87.4645, 13.3286], [-87.4671, 13.341], [-87.4568, 13.3447], [-87.4573, 13.3554], [-87.4387, 13.3568], [-87.424, 13.3503], [-87.4105, 13.3525], [-87.4096, 13.3577], [-87.4179, 13.355], [-87.4087, 13.3691], [-87.3914, 13.3664], [-87.3907, 13.3603], [-87.3799, 13.3749], [-87.3843, 13.3741], [-87.3848, 13.3806], [-87.3824, 13.3789], [-87.3793, 13.3811], [-87.385, 13.3825], [-87.3798, 13.383], [-87.3784, 13.3898], [-87.3777, 13.3839], [-87.3758, 13.3846], [-87.3748, 13.393], [-87.3557, 13.4029], [-87.3416, 13.4414], [-87.3672, 13.4778], [-87.3624, 13.5208], [-87.3964, 13.537], [-87.4159, 13.5714], [-87.4177, 13.5862], [-87.4302, 13.5909], [-87.4142, 13.6362], [-87.4553, 13.6591], [-87.468, 13.6866], [-87.4534, 13.7318], [-87.4596, 13.7567], [-87.4428, 13.7635]]]]}}, {"id": "2", "type": "Feature", "properties": {"adm1_code": "1422", "adm1_name": "Colon"}, "geometry": {"type": "MultiPolygon", "coordinates": [[[[-86.5258, 15.9285], [-86.5251, 15.9275], [-86.5256, 15.9275], [-86.5258, 15.9285]]], [[[-86.5242, 15.9355], [-86.5245, 15.935], [-86.5245, 15.9355], [-86.5242, 15.9355]]], [[[-86.5248, 15.9383], [-86.5245, 15.937], [-86.525, 15.9373], [-86.5248, 15.9383]]], [[[-86.504, 15.9424], [-86.5032, 15.9419], [-86.504, 15.9421], [-86.504, 15.9424]]], [[[-86.4781, 15.9457], [-86.4795, 15.9441], [-86.4787, 15.9457], [-86.4781, 15.9457]]], [[[-86.4776, 15.9485], [-86.4771, 15.947], [-86.4779, 15.9477], [-86.4776, 15.9485]]], [[[-86.497, 15.9499], [-86.4976, 15.9496], [-86.4976, 15.9499], [-86.497, 15.9499]]], [[[-86.5186, 15.9522], [-86.5199, 15.9511], [-86.521, 15.952], [-86.5186, 15.9522]]], [[[-86.4744, 15.9526], [-86.4755, 15.9511], [-86.4755, 15.9521], [-86.4744, 15.9526]]], [[[-85.9056, 15.9551], [-85.9066, 15.9542], [-85.9066, 15.9548], [-85.9056, 15.9551]]], [[[-86.4656, 15.9552], [-86.468, 15.9539], [-86.4677, 15.9552], [-86.4656, 15.9552]]], [[[-86.4627, 15.9593], [-86.4651, 15.9575], [-86.4629, 15.9601], [-86.4627, 15.9593]]], [[[-86.4722, 15.9609], [-86.4709, 15.9597], [-86.4725, 15.9593], [-86.4722, 15.9609]]], [[[-86.4616, 15.9607], [-86.4621, 15.9613], [-86.4603, 15.9619], [-86.4616, 15.9607]]], [[[-86.4994, 15.9653], [-86.4981, 15.9519], [-86.5077, 15.9553], [-86.4994, 15.9653]]], [[[-86.4703, 15.9789], [-86.4762, 15.9638], [-86.4799, 15.974], [-86.4859, 15.9743], [-86.4703, 15.9789]]], [[[-85.8845, 15.9896], [-85.8851, 15.9889], [-85.885, 15.9898], [-85.8845, 15.9896]]], [[[-86.0012, 16.0277], [-85.8595, 16.0064], [-85.7327, 15.9713], [-85.6967, 15.9593], [-85.5958, 15.8987], [-85.5613, 15.8845], [-85.4981, 15.8625], [-85.487, 15.86], [-85.4994, 15.8643], [-85.4649, 15.8597], [-85.391, 15.8789], [-85.324, 15.8762], [-85.2339, 15.8881], [-85.1773, 15.9087], [-85.1116, 15.961], [-85.0732, 15.9805], [-85.039, 15.9865], [-84.9969, 15.9803], [-84.994, 15.0612], [-85.0944, 15.1731], [-85.2315, 15.2062], [-85.3166, 15.3129], [-85.3729, 15.3959], [-85.5135, 15.4458], [-85.5375, 15.4626], [-85.5968, 15.5232], [-85.7059, 15.5758], [-85.7313, 15.5604], [-85.7431, 15.5626], [-85.7611, 15.5795], [-85.7831, 15.5709], [-85.7832, 15.5508], [-85.8084, 15.5418], [-85.8301, 15.5144], [-85.8583, 15.5196], [-85.8635, 15.5271], [-85.885, 15.5242], [-85.8909, 15.5161], [-85.8859, 15.4975], [-85.9276, 15.4575], [-85.944, 15.4548], [-85.9617, 15.4355], [-85.9655, 15.4194], [-85.9782, 15.4098], [-85.9885, 15.4107], [-85.9924, 15.4026], [-86.0204, 15.3984], [-86.0275, 15.3865], [-86.0375, 15.384], [-86.049, 15.3947], [-86.0849, 15.3986], [-86.0892, 15.3864], [-86.1009, 15.3913], [-86.1243, 15.3744], [-86.1487, 15.3699], [-86.1647, 15.3732], [-86.2309, 15.4126], [-86.2301, 15.4423], [-86.2393, 15.4536], [-86.2262, 15.4661], [-86.2315, 15.4773], [-86.2241, 15.5051], [-86.2359, 15.5265], [-86.2277, 15.5328], [-86.2497, 15.5312], [-86.2512, 15.522], [-86.2799, 15.5406], [-86.3203, 15.5485], [-86.3593, 15.5465], [-86.3667, 15.5395], [-86.3946, 15.5367], [-86.4326, 15.5669], [-86.5011, 15.5887], [-86.5518, 15.5768], [-86.5644, 15.5877], [-86.6038, 15.5816], [-86.6696, 15.5985], [-86.6416, 15.6092], [-86.6381, 15.6398], [-86.6482, 15.6783], [-86.6386, 15.6938], [-86.6552, 15.7211], [-86.6314, 15.7484], [-86.6268, 15.7963], [-86.5432, 15.804], [-86.4963, 15.8155], [-86.4137, 15.7777], [-86.3929, 15.7861], [-86.3588, 15.7809], [-86.3327, 15.8011], [-86.3021, 15.8076], [-86.2973, 15.8035], [-86.3007, 15.8079], [-86.2622, 15.8294], [-86.2543, 15.8435], [-86.2458, 15.845], [-86.2223, 15.8707], [-86.2007, 15.8805], [-86.1618, 15.8876], [-86.1236, 15.904], [-86.0635, 15.8979], [-85.9898, 15.9052], [-85.9388, 15.9278], [-85.9241, 15.9439], [-85.9237, 15.9424], [-85.9201, 15.9422], [-85.9143, 15.9445], [-85.9027, 15.9547], [-85.9027, 15.9616], [-85.8673, 15.9384], [-85.8503, 15.9426], [-85.8403, 15.9553], [-85.8313, 15.952], [-85.8297, 15.956], [-85.839, 15.9558], [-85.8325, 15.9701], [-85.817, 15.9711], [-85.8173, 15.9827], [-85.8569, 15.9983], [-85.8852, 15.9838], [-85.868, 15.9952], [-85.8773, 15.9991], [-85.8884, 15.993], [-85.8915, 15.9799], [-85.8861, 15.9763], [-85.8993, 15.9695], [-85.9155, 15.9456], [-85.923, 15.9434], [-85.9112, 15.979], [-85.9198, 16.0052], [-85.9623, 16.011], [-85.9806, 16.0038], [-86.0138, 16.0233], [-86.0012, 16.0277]]]]}}, {"id": "3", "type": "Feature", "properties": {"adm1_code": "1423", "adm1_name": "Comayagua"}, "geometry": {"type": "Polygon", "coordinates": [[[-87.5469, 15.0457], [-87.5187, 15.0167], [-87.5172, 14.9851], [-87.5097, 14.9716], [-87.4913, 14.9659], [-87.4934, 14.9571], [-87.4811, 14.9577], [-87.4827, 14.9335], [-87.4721, 14.9217], [-87.4778, 14.9136], [-87.4705, 14.8939], [-87.4476, 14.8885], [-87.4256, 14.8931], [-87.3988, 14.9215], [-87.383, 14.9248], [-87.367, 14.9143], [-87.3371, 14.916], [-87.3231, 14.8985], [-87.3127, 14.911], [-87.3021, 14.9122], [-87.2778, 14.8865], [-87.2412, 14.8732], [-87.2474, 14.8597], [-87.2337, 14.8474], [-87.2377, 14.8364], [-87.2685, 14.8349], [-87.2847, 14.8171], [-87.2882, 14.8005], [-87.2724, 14.7761], [-87.2713, 14.7346], [-87.2773, 14.7173], [-87.2889, 14.716], [-87.2918, 14.698], [-87.2865, 14.6909], [-87.3015, 14.6817], [-87.3102, 14.6834], [-87.3087, 14.6779], [-87.3235, 14.6673], [-87.3343, 14.6674], [-87.3316, 14.6517], [-87.3455, 14.6567], [-87.3417, 14.6347], [-87.3481, 14.6282], [-87.3435, 14.6221], [-87.3522, 14.6144], [-87.3531, 14.5964], [-87.3745, 14.5955], [-87.3825, 14.6055], [-87.422, 14.6069], [-87.4239, 14.5616], [-87.484, 14.5077], [-87.4681, 14.462], [-87.4541, 14.4595], [-87.4303, 14.4395], [-87.4172, 14.4391], [-87.4173, 14.4207], [-87.4333, 14.4105], [-87.4104, 14.4068], [-87.4063, 14.3937], [-87.3991, 14.3909], [-87.419, 14.3385], [-87.4533, 14.3272], [-87.4823, 14.2828], [-87.4725, 14.2581], [-87.4243, 14.2347], [-87.4356, 14.2284], [-87.4318, 14.2159], [-87.4746, 14.2019], [-87.4888, 14.169], [-87.552, 14.1281], [-87.5893, 14.1344], [-87.5989, 14.1295], [-87.6257, 14.0975], [-87.6247, 14.0753], [-87.6591, 14.0746], [-87.6933, 14.0359], [-87.6976, 14.0552], [-87.6912, 14.0715], [-87.7013, 14.0937], [-87.717, 14.0839], [-87.7397, 14.1202], [-87.784, 14.1268], [-87.7841, 14.1421], [-87.7687, 14.1516], [-87.7858, 14.1783], [-87.821, 14.1882], [-87.829, 14.2106], [-87.8137, 14.2229], [-87.8129, 14.2172], [-87.7796, 14.2319], [-87.7747, 14.2232], [-87.7429, 14.2256], [-87.737, 14.2349], [-87.7039, 14.2399], [-87.6865, 14.2548], [-87.6831, 14.248], [-87.6762, 14.253], [-87.674, 14.2475], [-87.6692, 14.2566], [-87.6634, 14.2534], [-87.6603, 14.2585], [-87.6569, 14.2523], [-87.6454, 14.2586], [-87.6484, 14.2694], [-87.6416, 14.2669], [-87.6335, 14.2751], [-87.6432, 14.2946], [-87.6348, 14.3032], [-87.6447, 14.307], [-87.6476, 14.3222], [-87.6421, 14.3324], [-87.6547, 14.3523], [-87.6525, 14.3634], [-87.6625, 14.3636], [-87.7049, 14.3381], [-87.7157, 14.3478], [-87.7565, 14.3613], [-87.7814, 14.3626], [-87.7882, 14.3807], [-87.8305, 14.3829], [-87.8484, 14.415], [-87.8398, 14.4216], [-87.8441, 14.4368], [-87.8816, 14.4833], [-87.8937, 14.4897], [-87.8966, 14.5211], [-87.9351, 14.5332], [-87.9426, 14.5728], [-87.9536, 14.5853], [-87.9532, 14.6008], [-87.9767, 14.6013], [-87.9858, 14.6114], [-88.0384, 14.6256], [-88.0583, 14.6231], [-88.0734, 14.6472], [-88.0501, 14.6668], [-88.0684, 14.6942], [-88.0805, 14.6991], [-88.0422, 14.7437], [-88.0218, 14.7519], [-87.9892, 14.7851], [-87.976, 14.7856], [-87.9668, 14.7971], [-87.8763, 14.8563], [-87.8717, 14.8659], [-87.8526, 14.8777], [-87.845, 14.893], [-87.8276, 14.8959], [-87.8139, 14.9087], [-87.8091, 14.905], [-87.8016, 14.9099], [-87.7989, 14.9233], [-87.7848, 14.9194], [-87.7792, 14.9362], [-87.7505, 14.9448], [-87.7362, 14.969], [-87.7458, 14.9857], [-87.7433, 15.0045], [-87.7042, 15.0034], [-87.6742, 15.0163], [-87.6542, 15.0106], [-87.6412, 15.015], [-87.6259, 15.0023], [-87.6154, 15.0155], [-87.5918, 15.0186], [-87.5968, 15.0308], [-87.5809, 15.0316], [-87.5709, 15.0452], [-87.5469, 15.0457]]]}}, {"id": "4", "type": "Feature", "properties": {"adm1_code": "1424", "adm1_name": "Copan"}, "geometry": {"type": "Polygon", "coordinates": [[[-88.6743, 15.1576], [-88.664, 15.1573], [-88.6418, 15.1419], [-88.6538, 15.1348], [-88.6584, 15.1029], [-88.6388, 15.0839], [-88.6306, 15.0648], [-88.6347, 15.0543], [-88.6499, 15.0513], [-88.6691, 15.0319], [-88.6742, 14.9842], [-88.6966, 14.9363], [-88.6829, 14.9061], [-88.6694, 14.9045], [-88.653, 14.914], [-88.6354, 14.9098], [-88.632, 14.8829], [-88.6428, 14.8666], [-88.6366, 14.849], [-88.6459, 14.8503], [-88.6461, 14.8287], [-88.6618, 14.8198], [-88.67, 14.8039], [-88.6745, 14.7703], [-88.6612, 14.761], [-88.6527, 14.7345], [-88.6575, 14.7266], [-88.6463, 14.7129], [-88.6466, 14.7017], [-88.6744, 14.7067], [-88.6844, 14.696], [-88.7262, 14.6914], [-88.7854, 14.7031], [-88.7941, 14.6864], [-88.7708, 14.6389], [-88.7478, 14.6286], [-88.7279, 14.5967], [-88.7527, 14.5798], [-88.7724, 14.5349], [-88.809, 14.5186], [-88.8292, 14.5202], [-88.8223, 14.4869], [-88.8437, 14.4813], [-88.8509, 14.4964], [-88.8919, 14.5037], [-88.9125, 14.5268], [-88.9094, 14.5423], [-88.9284, 14.5481], [-88.9229, 14.5505], [-88.9169, 14.5821], [-88.9922, 14.6441], [-89.007, 14.701], [-89.0634, 14.7038], [-89.0793, 14.714], [-89.1356, 14.6969], [-89.1348, 14.7094], [-89.1659, 14.7271], [-89.1684, 14.7732], [-89.2219, 14.8335], [-89.2244, 14.8799], [-89.1831, 14.9091], [-89.1659, 14.9476], [-89.1583, 14.9785], [-89.1777, 14.9871], [-89.1822, 14.997], [-89.1544, 15.0653], [-88.9671, 15.1371], [-88.8262, 15.2552], [-88.7609, 15.2891], [-88.706, 15.2328], [-88.7171, 15.2062], [-88.6848, 15.1819], [-88.6743, 15.1576]]]}}, {"id": "5", "type": "Feature", "properties": {"adm1_code": "1425", "adm1_name": "Cortes"}, "geometry": {"type": "MultiPolygon", "coordinates": [[[[-87.7389, 15.8984], [-87.7389, 15.8984], [-87.7389, 15.8985], [-87.7389, 15.8984]]], [[[-87.7929, 15.8974], [-87.8046, 15.8863], [-87.7977, 15.8892], [-87.7862, 15.8753], [-87.7962, 15.8892], [-87.7881, 15.8989], [-87.7485, 15.8971], [-87.7511, 15.8904], [-87.7388, 15.8972], [-87.7411, 15.8821], [-87.7496, 15.878], [-87.7587, 15.8819], [-87.781, 15.8569], [-87.7744, 15.8442], [-87.7802, 15.8406], [-87.7784, 15.8184], [-87.7927, 15.8231], [-87.7887, 15.8064], [-87.8036, 15.8084], [-87.8028, 15.7939], [-87.8084, 15.7877], [-87.7978, 15.7848], [-87.7895, 15.7715], [-87.7927, 15.7557], [-87.7808, 15.7683], [-87.765, 15.7306], [-87.7839, 15.7281], [-87.7836, 15.7144], [-87.7906, 15.7071], [-87.8111, 15.7213], [-87.815, 15.7024], [-87.8346, 15.695], [-87.8468, 15.6805], [-87.8151, 15.6844], [-87.8158, 15.6784], [-87.833, 15.6743], [-87.8374, 15.6556], [-87.8261, 15.6484], [-87.8158, 15.6596], [-87.8199, 15.6435], [-87.8157, 15.6365], [-87.7825, 15.633], [-87.7839, 15.6144], [-87.7746, 15.606], [-87.7743, 15.5892], [-87.7924, 15.5881], [-87.7808, 15.5674], [-87.7841, 15.5608], [-87.8034, 15.5743], [-87.8134, 15.5715], [-87.807, 15.5519], [-87.8233, 15.5399], [-87.814, 15.5114], [-87.8313, 15.5207], [-87.8384, 15.518], [-87.8336, 15.5057], [-87.8419, 15.4904], [-87.8293, 15.4816], [-87.8331, 15.4653], [-87.817, 15.4597], [-87.8153, 15.4452], [-87.8315, 15.4265], [-87.8402, 15.4467], [-87.8687, 15.4415], [-87.8289, 15.4183], [-87.8248, 15.3909], [-87.8434, 15.3907], [-87.8521, 15.3624], [-87.8815, 15.337], [-87.8811, 15.332], [-87.8676, 15.3295], [-87.8692, 15.3226], [-87.8863, 15.3309], [-87.8943, 15.3096], [-87.9168, 15.3099], [-87.9071, 15.2902], [-87.923, 15.2894], [-87.9275, 15.2792], [-87.9113, 15.2731], [-87.9126, 15.2616], [-87.9334, 15.2593], [-87.9367, 15.2397], [-87.9337, 15.2209], [-87.9205, 15.2298], [-87.9209, 15.1868], [-87.8964, 15.1771], [-87.8658, 15.1795], [-87.8592, 15.1665], [-87.8482, 15.1624], [-87.8471, 15.1489], [-87.8215, 15.1511], [-87.8154, 15.1417], [-87.8038, 15.1472], [-87.7974, 15.1392], [-87.7998, 15.1294], [-87.7835, 15.1267], [-87.7722, 15.1336], [-87.7362, 15.1035], [-87.7426, 15.0935], [-87.7363, 15.0778], [-87.7479, 15.0664], [-87.7522, 15.04], [-87.7455, 15.0183], [-87.737, 15.0109], [-87.7458, 14.9857], [-87.7362, 14.969], [-87.7505, 14.9448], [-87.7792, 14.9362], [-87.7848, 14.9194], [-87.7989, 14.9233], [-87.8025, 14.9089], [-87.8139, 14.9087], [-87.8276, 14.8959], [-87.8411, 14.8956], [-87.8763, 14.8563], [-87.9668, 14.7971], [-87.976, 14.7856], [-87.9875, 14.7846], [-88.0007, 14.8137], [-87.9916, 14.8659], [-88.0019, 14.8741], [-88.0216, 14.8755], [-88.0158, 14.8828], [-88.0242, 14.8939], [-88.0224, 14.9029], [-88.0317, 14.8994], [-88.02, 14.9227], [-88.0518, 14.9144], [-88.021, 15.0521], [-88.0346, 15.0672], [-88.079, 15.078], [-88.1145, 15.1181], [-88.0769, 15.1614], [-88.059, 15.2], [-88.099, 15.205], [-88.1086, 15.2364], [-88.1222, 15.252], [-88.1295, 15.3608], [-88.1459, 15.3672], [-88.1629, 15.3614], [-88.1843, 15.3745], [-88.1928, 15.388], [-88.2298, 15.3993], [-88.2427, 15.4314], [-88.2366, 15.4864], [-88.4344, 15.5418], [-88.3548, 15.604], [-88.3061, 15.666], [-88.2519, 15.6873], [-88.2444, 15.6994], [-88.2499, 15.7174], [-88.2213, 15.7205], [-88.1547, 15.6821], [-88.1202, 15.6874], [-88.1025, 15.7067], [-88.1035, 15.716], [-88.11, 15.7098], [-88.1011, 15.7277], [-88.0837, 15.7337], [-88.0761, 15.7485], [-88.0481, 15.7634], [-88.0421, 15.7776], [-88.0479, 15.7823], [-87.9985, 15.7868], [-87.9747, 15.8028], [-87.9518, 15.807], [-87.9388, 15.8154], [-87.9329, 15.8283], [-87.9264, 15.8278], [-87.924, 15.8339], [-87.9163, 15.8289], [-87.906, 15.8329], [-87.8934, 15.8575], [-87.8982, 15.8518], [-87.901, 15.8513], [-87.9014, 15.8519], [-87.8997, 15.8523], [-87.898, 15.8543], [-87.8976, 15.8559], [-87.896, 15.8567], [-87.894, 15.8598], [-87.8927, 15.8584], [-87.8872, 15.8582], [-87.8919, 15.8585], [-87.8934, 15.8599], [-87.8937, 15.86], [-87.8946, 15.8597], [-87.8963, 15.8567], [-87.8979, 15.8559], [-87.9006, 15.8521], [-87.8973, 15.8591], [-87.9141, 15.8582], [-87.9316, 15.841], [-87.9296, 15.8282], [-87.9362, 15.8406], [-87.9638, 15.8451], [-87.9542, 15.863], [-87.9054, 15.8636], [-87.8706, 15.8894], [-87.8435, 15.8909], [-87.8345, 15.8985], [-87.8135, 15.9021], [-87.7929, 15.8974]]], [[[-87.7413, 15.9095], [-87.7389, 15.8989], [-87.7477, 15.8971], [-87.7413, 15.9095]]]]}}, {"id": "6", "type": "Feature", "properties": {"adm1_code": "1426", "adm1_name": "Francisco Morazan"}, "geometry": {"type": "Polygon", "coordinates": [[[-87.2004, 15.0108], [-87.1368, 15.0189], [-87.1083, 15.0029], [-87.055, 15.0132], [-87.0136, 15.0042], [-86.9874, 14.9637], [-86.9574, 14.9563], [-86.9537, 14.9437], [-86.9245, 14.9301], [-86.9323, 14.927], [-86.9448, 14.8985], [-86.9559, 14.8894], [-86.9519, 14.8617], [-86.9376, 14.8533], [-86.9262, 14.8271], [-86.9232, 14.8127], [-86.9287, 14.8109], [-86.9285, 14.7982], [-86.9094, 14.7884], [-86.919, 14.7594], [-86.8959, 14.7351], [-86.8709, 14.6587], [-86.854, 14.6496], [-86.8388, 14.6302], [-86.815, 14.63], [-86.8077, 14.6131], [-86.7801, 14.5967], [-86.7714, 14.5769], [-86.7551, 14.5674], [-86.7634, 14.5209], [-86.7563, 14.4995], [-86.7438, 14.496], [-86.7475, 14.4699], [-86.7242, 14.4191], [-86.8423, 14.3214], [-86.8402, 14.2818], [-86.8534, 14.2821], [-86.8716, 14.251], [-86.9068, 14.2226], [-86.9068, 14.2044], [-86.9129, 14.1995], [-86.9085, 14.1901], [-86.9317, 14.1748], [-86.9371, 14.1634], [-86.9046, 14.1497], [-86.9211, 14.12], [-86.9809, 14.132], [-86.9944, 14.1147], [-86.9772, 14.0895], [-86.9541, 14.0747], [-86.9516, 14.0528], [-86.9165, 14.0402], [-86.9168, 13.9908], [-86.9254, 13.9902], [-86.9205, 13.9789], [-86.9547, 13.9418], [-86.99, 13.9578], [-86.9952, 13.9533], [-86.9855, 13.9245], [-87.0011, 13.9015], [-86.9907, 13.8778], [-86.9985, 13.852], [-86.9934, 13.839], [-86.9989, 13.8127], [-87.029, 13.7691], [-87.0552, 13.765], [-87.0823, 13.7702], [-87.0891, 13.7833], [-87.1161, 13.8031], [-87.1237, 13.7996], [-87.1227, 13.7916], [-87.1292, 13.7913], [-87.1304, 13.7447], [-87.1016, 13.7043], [-87.1165, 13.6941], [-87.1324, 13.6673], [-87.1251, 13.649], [-87.1864, 13.6805], [-87.2136, 13.6627], [-87.2559, 13.6819], [-87.2845, 13.6732], [-87.3013, 13.6747], [-87.3158, 13.6842], [-87.363, 13.6791], [-87.365, 13.6929], [-87.3809, 13.6981], [-87.39, 13.7158], [-87.397, 13.7148], [-87.3965, 13.732], [-87.3836, 13.7556], [-87.4025, 13.7524], [-87.4428, 13.7635], [-87.4596, 13.7567], [-87.4534, 13.7318], [-87.468, 13.6866], [-87.4615, 13.6721], [-87.4691, 13.6723], [-87.4783, 13.681], [-87.5224, 13.6943], [-87.549, 13.7204], [-87.5887, 13.7165], [-87.6344, 13.7432], [-87.6554, 13.7395], [-87.6491, 13.7756], [-87.6505, 13.8229], [-87.6246, 13.8612], [-87.6249, 13.8806], [-87.6117, 13.8899], [-87.6096, 13.9357], [-87.6024, 13.9554], [-87.6082, 13.9624], [-87.6029, 13.9718], [-87.6156, 13.9902], [-87.6257, 14.0975], [-87.5911, 14.1344], [-87.552, 14.1281], [-87.4888, 14.169], [-87.4746, 14.2019], [-87.4318, 14.2159], [-87.4356, 14.2284], [-87.4243, 14.2347], [-87.4725, 14.2581], [-87.4823, 14.2828], [-87.4533, 14.3272], [-87.419, 14.3385], [-87.3991, 14.3909], [-87.4063, 14.3937], [-87.4104, 14.4068], [-87.4333, 14.4105], [-87.4173, 14.4207], [-87.4172, 14.4391], [-87.4303, 14.4395], [-87.4541, 14.4595], [-87.4681, 14.462], [-87.484, 14.5077], [-87.4239, 14.5616], [-87.422, 14.6069], [-87.3825, 14.6055], [-87.3745, 14.5955], [-87.3541, 14.5955], [-87.3522, 14.6144], [-87.3435, 14.6221], [-87.3481, 14.6282], [-87.3417, 14.6347], [-87.3455, 14.6567], [-87.3316, 14.6517], [-87.3343, 14.6674], [-87.3235, 14.6673], [-87.3087, 14.6779], [-87.3102, 14.6834], [-87.3015, 14.6817], [-87.2865, 14.6909], [-87.2918, 14.698], [-87.2889, 14.716], [-87.2773, 14.7173], [-87.2702, 14.746], [-87.2724, 14.7761], [-87.2882, 14.8005], [-87.2847, 14.8171], [-87.2685, 14.8349], [-87.236, 14.8379], [-87.2357, 14.8528], [-87.2473, 14.8619], [-87.2406, 14.8678], [-87.2247, 14.8622], [-87.2195, 14.8757], [-87.2223, 14.8922], [-87.2395, 14.8963], [-87.236, 14.9086], [-87.2467, 14.926], [-87.2125, 14.9556], [-87.2107, 15.0016], [-87.2004, 15.0108]]]}}, {"id": "7", "type": "Feature", "properties": {"adm1_code": "1427", "adm1_name": "Gracias A Dios"}, "geometry": {"type": "MultiPolygon", "coordinates": [[[[-83.1292, 15.0016], [-83.1273, 14.9913], [-83.1362, 14.9975], [-83.1292, 15.0016]]], [[[-83.1286, 15.0067], [-83.1294, 15.0069], [-83.1311, 15.0075], [-83.1286, 15.0067]]], [[[-82.6765, 15.0816], [-82.6754, 15.0804], [-82.6766, 15.0808], [-82.6765, 15.0816]]], [[[-82.4437, 15.0827], [-82.4437, 15.0824], [-82.4442, 15.0829], [-82.4437, 15.0827]]], [[[-82.5898, 15.1211], [-82.5888, 15.1216], [-82.5893, 15.1207], [-82.5898, 15.1211]]], [[[-82.5841, 15.1397], [-82.5828, 15.1386], [-82.5838, 15.1386], [-82.5841, 15.1397]]], [[[-82.6352, 15.1669], [-82.6358, 15.1663], [-82.6358, 15.1669], [-82.6352, 15.1669]]], [[[-83.7406, 15.1893], [-83.7408, 15.1878], [-83.7412, 15.1896], [-83.7406, 15.1893]]], [[[-83.7393, 15.1914], [-83.7385, 15.1909], [-83.7393, 15.1904], [-83.7393, 15.1914]]], [[[-83.7428, 15.1927], [-83.743, 15.1924], [-83.743, 15.1927], [-83.7428, 15.1927]]], [[[-83.7417, 15.1904], [-83.7412, 15.1911], [-83.7398, 15.1925], [-83.7401, 15.1904], [-83.7417, 15.1904]]], [[[-83.7431, 15.1942], [-83.7433, 15.1929], [-83.7433, 15.1942], [-83.7431, 15.1942]]], [[[-83.7659, 15.1945], [-83.7664, 15.1937], [-83.7664, 15.1944], [-83.7659, 15.1945]]], [[[-83.7364, 15.1943], [-83.7388, 15.1935], [-83.7364, 15.1946], [-83.7364, 15.1943]]], [[[-83.7396, 15.1953], [-83.7399, 15.1948], [-83.7399, 15.1953], [-83.7396, 15.1953]]], [[[-83.7365, 15.1994], [-83.737, 15.1992], [-83.737, 15.1994], [-83.7365, 15.1994]]], [[[-83.763, 15.2004], [-83.7622, 15.1991], [-83.7627, 15.1991], [-83.763, 15.2004]]], [[[-83.7628, 15.2026], [-83.763, 15.2012], [-83.7633, 15.2032], [-83.7628, 15.2026]]], [[[-83.8161, 15.2649], [-83.8174, 15.2643], [-83.8153, 15.2657], [-83.8161, 15.2649]]], [[[-83.8243, 15.2663], [-83.8193, 15.2651], [-83.8193, 15.2648], [-83.8217, 15.2638], [-83.8243, 15.2663]]], [[[-83.6672, 15.3208], [-83.6572, 15.3224], [-83.6637, 15.3136], [-83.6672, 15.3208]]], [[[-84.0639, 15.3277], [-84.0639, 15.3272], [-84.0642, 15.3272], [-84.0639, 15.3277]]], [[[-84.0541, 15.3283], [-84.0541, 15.3273], [-84.0559, 15.3276], [-84.0541, 15.3283]]], [[[-83.6871, 15.339], [-83.6874, 15.3382], [-83.6874, 15.339], [-83.6871, 15.339]]], [[[-83.6877, 15.3403], [-83.6882, 15.3401], [-83.6882, 15.3408], [-83.6877, 15.3403]]], [[[-83.6911, 15.3429], [-83.6895, 15.3421], [-83.6911, 15.3421], [-83.6911, 15.3429]]], [[[-83.7552, 15.3746], [-83.7544, 15.3739], [-83.7557, 15.3748], [-83.7552, 15.3746]]], [[[-83.7446, 15.3754], [-83.7441, 15.3739], [-83.7451, 15.3754], [-83.7446, 15.3754]]], [[[-83.7608, 15.376], [-83.7584, 15.3742], [-83.7562, 15.3724], [-83.7608, 15.376]]], [[[-83.7184, 15.3793], [-83.7187, 15.3791], [-83.7187, 15.3793], [-83.7184, 15.3793]]], [[[-84.1377, 15.3981], [-84.1327, 15.3978], [-84.137, 15.3958], [-84.1377, 15.3981]]], [[[-84.1369, 15.3991], [-84.1367, 15.3986], [-84.1369, 15.3986], [-84.1369, 15.3991]]], [[[-84.1268, 15.4036], [-84.126, 15.4031], [-84.1268, 15.4031], [-84.1268, 15.4036]]], [[[-84.1324, 15.4184], [-84.1322, 15.4176], [-84.1327, 15.4179], [-84.1324, 15.4184]]], [[[-84.1329, 15.4215], [-84.1324, 15.421], [-84.1329, 15.421], [-84.1329, 15.4215]]], [[[-84.1154, 15.4617], [-84.1151, 15.4614], [-84.1154, 15.4614], [-84.1154, 15.4617]]], [[[-84.1031, 15.4643], [-84.1029, 15.4641], [-84.1031, 15.4641], [-84.1031, 15.4643]]], [[[-84.1166, 15.4648], [-84.1148, 15.464], [-84.1165, 15.4637], [-84.1166, 15.4648]]], [[[-84.1174, 15.4658], [-84.1168, 15.4655], [-84.1172, 15.4653], [-84.1174, 15.4658]]], [[[-84.1118, 15.4661], [-84.1121, 15.4657], [-84.1126, 15.4668], [-84.1118, 15.4661]]], [[[-84.0993, 15.4692], [-84.1092, 15.4654], [-84.1123, 15.4688], [-84.1094, 15.4683], [-84.0993, 15.4692]]], [[[-84.0993, 15.4697], [-84.0985, 15.4692], [-84.0993, 15.4694], [-84.0993, 15.4697]]], [[[-84.1134, 15.4694], [-84.1129, 15.4681], [-84.1147, 15.4696], [-84.1134, 15.4694]]], [[[-84.0956, 15.4717], [-84.0948, 15.4709], [-84.0961, 15.4709], [-84.0956, 15.4717]]], [[[-84.1047, 15.4745], [-84.0977, 15.4699], [-84.1144, 15.4725], [-84.1047, 15.4745]]], [[[-84.0847, 15.4846], [-84.0549, 15.4719], [-84.0377, 15.4189], [-84.0472, 15.4062], [-84.0539, 15.4048], [-84.0615, 15.4507], [-84.0731, 15.4681], [-84.0842, 15.4736], [-84.0847, 15.4846]]], [[[-83.9799, 15.4926], [-83.9715, 15.4938], [-83.9678, 15.4953], [-83.9686, 15.4929], [-83.9799, 15.4926]]], [[[-82.88, 15.6991], [-82.8806, 15.6973], [-82.8808, 15.6986], [-82.88, 15.6991]]], [[[-82.8774, 15.7004], [-82.8777, 15.7002], [-82.8777, 15.7004], [-82.8774, 15.7004]]], [[[-82.9991, 15.7004], [-82.9981, 15.7001], [-82.9991, 15.7001], [-82.9991, 15.7004]]], [[[-82.879, 15.7017], [-82.8792, 15.6996], [-82.8798, 15.7014], [-82.879, 15.7017]]], [[[-83.0058, 15.7019], [-83.0061, 15.7016], [-83.0061, 15.7019], [-83.0058, 15.7019]]], [[[-83.0023, 15.7021], [-83.0037, 15.7008], [-83.0034, 15.7024], [-83.0023, 15.7021]]], [[[-83.0064, 15.7039], [-83.0069, 15.7031], [-83.0069, 15.7039], [-83.0064, 15.7039]]], [[[-82.9278, 15.7224], [-82.9284, 15.7216], [-82.9289, 15.7224], [-82.9278, 15.7224]]], [[[-84.3024, 15.8154], [-84.3032, 15.8131], [-84.3037, 15.8157], [-84.3024, 15.8154]]], [[[-83.3036, 15.831], [-83.3047, 15.8279], [-83.306, 15.828], [-83.3058, 15.8302], [-83.3036, 15.831]]], [[[-83.2963, 15.8362], [-83.2955, 15.8347], [-83.2957, 15.8347], [-83.2963, 15.8362]]], [[[-83.3069, 15.8593], [-83.3087, 15.8585], [-83.3088, 15.8593], [-83.3069, 15.8593]]], [[[-83.2607, 15.91], [-83.2598, 15.9084], [-83.2604, 15.9084], [-83.2607, 15.91]]], [[[-83.2596, 15.9149], [-83.2571, 15.9131], [-83.2588, 15.9128], [-83.2596, 15.9149]]], [[[-83.2785, 15.9546], [-83.2771, 15.9541], [-83.2782, 15.9533], [-83.2785, 15.9546]]], [[[-84.9969, 15.9803], [-84.8122, 15.9079], [-84.701, 15.8744], [-84.6586, 15.869], [-84.6506, 15.8617], [-84.6432, 15.8646], [-84.4579, 15.8271], [-84.3063, 15.8166], [-84.3012, 15.8099], [-84.1089, 15.6585], [-83.8878, 15.4642], [-83.8137, 15.4193], [-83.7283, 15.393], [-83.7396, 15.3752], [-83.7486, 15.3787], [-83.7478, 15.3736], [-83.7491, 15.3733], [-83.7747, 15.3828], [-83.8048, 15.4094], [-83.836, 15.426], [-83.8608, 15.4294], [-83.8832, 15.441], [-83.9222, 15.4417], [-83.9375, 15.4551], [-83.9242, 15.4496], [-83.9301, 15.4732], [-83.9596, 15.4936], [-83.9629, 15.5057], [-83.9687, 15.4983], [-83.9827, 15.4974], [-84.0164, 15.5167], [-84.0297, 15.5165], [-84.042, 15.5262], [-84.0556, 15.5252], [-84.0439, 15.5238], [-84.0586, 15.4993], [-84.0716, 15.4897], [-84.0716, 15.4818], [-84.084, 15.4867], [-84.0961, 15.4722], [-84.1048, 15.4749], [-84.1155, 15.4733], [-84.119, 15.4757], [-84.1177, 15.4625], [-84.1047, 15.4494], [-84.1044, 15.4309], [-84.1143, 15.4245], [-84.1256, 15.4303], [-84.1388, 15.4203], [-84.1247, 15.41], [-84.126, 15.4036], [-84.1403, 15.4049], [-84.1384, 15.3953], [-84.1304, 15.3795], [-84.0966, 15.3381], [-84.0795, 15.332], [-84.054, 15.3337], [-84.0538, 15.3291], [-84.0634, 15.329], [-84.0676, 15.3259], [-84.065, 15.3236], [-84.0618, 15.3288], [-84.0555, 15.3283], [-84.0589, 15.328], [-84.0599, 15.3268], [-84.0544, 15.3269], [-84.0522, 15.3285], [-84.0386, 15.3208], [-84.0302, 15.3265], [-84.0296, 15.3383], [-84.0513, 15.3754], [-84.0491, 15.3885], [-84.0242, 15.3944], [-84.0263, 15.3882], [-84.0149, 15.3804], [-84.0029, 15.3853], [-84.0126, 15.3857], [-84.0156, 15.3978], [-84.024, 15.3948], [-84.0217, 15.4021], [-83.9638, 15.3911], [-83.9152, 15.3539], [-83.8968, 15.3475], [-83.8844, 15.3314], [-83.8635, 15.3191], [-83.8332, 15.317], [-83.8232, 15.3021], [-83.8005, 15.2898], [-83.8038, 15.2812], [-83.821, 15.2733], [-83.8301, 15.2606], [-83.8257, 15.2659], [-83.8248, 15.2606], [-83.7992, 15.2682], [-83.7871, 15.2796], [-83.7761, 15.2726], [-83.7659, 15.2561], [-83.7774, 15.2301], [-83.7677, 15.2076], [-83.7732, 15.1962], [-83.7647, 15.1914], [-83.7658, 15.2027], [-83.7639, 15.2037], [-83.7627, 15.1932], [-83.7627, 15.1986], [-83.7604, 15.1968], [-83.7617, 15.1945], [-83.7586, 15.1884], [-83.7598, 15.1971], [-83.7525, 15.198], [-83.7565, 15.2076], [-83.738, 15.2012], [-83.7462, 15.1947], [-83.7434, 15.182], [-83.7285, 15.1954], [-83.7359, 15.1951], [-83.7373, 15.1987], [-83.7145, 15.2021], [-83.7086, 15.2338], [-83.6946, 15.2427], [-83.6756, 15.2447], [-83.6725, 15.2553], [-83.6624, 15.2546], [-83.6486, 15.2641], [-83.6478, 15.2901], [-83.6283, 15.3063], [-83.6502, 15.3143], [-83.6298, 15.3144], [-83.6252, 15.3189], [-83.6473, 15.3158], [-83.6546, 15.324], [-83.651, 15.3333], [-83.6446, 15.3326], [-83.6574, 15.3373], [-83.6551, 15.3314], [-83.6698, 15.3281], [-83.6781, 15.341], [-83.686, 15.338], [-83.692, 15.3462], [-83.7002, 15.3489], [-83.7016, 15.3535], [-83.738, 15.358], [-83.7343, 15.3678], [-83.7149, 15.3755], [-83.7167, 15.3891], [-83.7195, 15.3822], [-83.7242, 15.3788], [-83.7184, 15.3806], [-83.7197, 15.3768], [-83.7361, 15.3704], [-83.7221, 15.3811], [-83.7193, 15.3868], [-83.7264, 15.3834], [-83.7203, 15.397], [-83.6685, 15.3586], [-83.6194, 15.3337], [-83.4658, 15.2857], [-83.3919, 15.2549], [-83.3558, 15.2037], [-83.3314, 15.1319], [-83.2934, 15.0752], [-83.2273, 15.0302], [-83.1448, 15.0075], [-83.1582, 15.007], [-83.1416, 15.0051], [-83.1368, 15.0081], [-83.1353, 15.0029], [-83.172, 14.9898], [-83.2092, 14.993], [-83.2369, 14.9806], [-83.2742, 14.9838], [-83.2805, 14.9741], [-83.2926, 14.9802], [-83.2794, 14.9914], [-83.2809, 14.999], [-83.3032, 14.9947], [-83.3448, 15.0108], [-83.3556, 14.9961], [-83.3665, 15.0105], [-83.3892, 15.0151], [-83.4048, 15.0259], [-83.4085, 15.0034], [-83.4249, 14.9888], [-83.4397, 14.9883], [-83.4556, 14.9776], [-83.4681, 14.9751], [-83.4839, 14.9871], [-83.4837, 15.0], [-83.4981, 15.0029], [-83.5178, 14.9802], [-83.5289, 14.9898], [-83.5317, 14.9863], [-83.5257, 14.9671], [-83.5416, 14.974], [-83.545, 14.962], [-83.5353, 14.9442], [-83.5525, 14.9473], [-83.5451, 14.935], [-83.5628, 14.9314], [-83.5653, 14.9053], [-83.5749, 14.909], [-83.5874, 14.9045], [-83.5977, 14.9102], [-83.6027, 14.9048], [-83.5988, 14.8962], [-83.6194, 14.8903], [-83.6147, 14.8804], [-83.6246, 14.8673], [-83.6216, 14.8567], [-83.6308, 14.86], [-83.6337, 14.8729], [-83.6473, 14.8751], [-83.6715, 14.8712], [-83.6897, 14.8606], [-83.7009, 14.8662], [-83.6999, 14.8534], [-83.7177, 14.8435], [-83.7034, 14.8378], [-83.7052, 14.8257], [-83.7388, 14.8314], [-83.7359, 14.8157], [-83.757, 14.8235], [-83.7634, 14.8021], [-83.7852, 14.8146], [-83.7952, 14.7979], [-83.8195, 14.8038], [-83.7994, 14.7851], [-83.8355, 14.7837], [-83.8515, 14.7668], [-83.8772, 14.7618], [-83.8818, 14.7778], [-83.889, 14.7799], [-83.8897, 14.7624], [-83.8989, 14.759], [-83.918, 14.7722], [-83.9365, 14.7682], [-83.9321, 14.7427], [-83.9548, 14.7505], [-83.9803, 14.74], [-84.0039, 14.7493], [-84.0272, 14.7384], [-84.0436, 14.7425], [-84.0485, 14.7644], [-84.0824, 14.7533], [-84.0871, 14.7818], [-84.1136, 14.7838], [-84.1182, 14.7702], [-84.0992, 14.7376], [-84.0985, 14.7223], [-84.1289, 14.7259], [-84.1464, 14.7136], [-84.1802, 14.7079], [-84.2061, 14.7157], [-84.2287, 14.7312], [-84.2224, 14.7483], [-84.2388, 14.7544], [-84.2676, 14.7322], [-84.269, 14.7189], [-84.2593, 14.6977], [-84.2626, 14.6825], [-84.2545, 14.6746], [-84.2788, 14.6551], [-84.2964, 14.6604], [-84.3093, 14.6817], [-84.3267, 14.671], [-84.3483, 14.676], [-84.351, 14.6858], [-84.3431, 14.7017], [-84.3646, 14.7117], [-84.3832, 14.6773], [-84.4084, 14.6538], [-84.41, 14.6433], [-84.4331, 14.6319], [-84.4577, 14.6302], [-84.4691, 14.6145], [-84.498, 14.621], [-84.511, 14.6344], [-84.5344, 14.6287], [-84.5369, 14.6415], [-84.5279, 14.6443], [-84.5245, 14.6538], [-84.5605, 14.6463], [-84.5693, 14.6535], [-84.5818, 14.6501], [-84.5903, 14.6576], [-84.6326, 14.662], [-84.6374, 14.6723], [-84.6595, 14.6678], [-84.681, 14.687], [-84.6958, 14.6609], [-84.705, 14.6617], [-84.7122, 14.6887], [-84.7468, 14.7115], [-84.749, 14.7446], [-84.7609, 14.7389], [-84.7713, 14.7471], [-84.7653, 14.7531], [-84.7564, 14.7514], [-84.7546, 14.7664], [-84.7823, 14.7837], [-84.7929, 14.8095], [-84.8197, 14.8233], [-84.86, 14.807], [-84.9034, 14.8077], [-84.9264, 14.7719], [-84.9289, 14.7579], [-84.9615, 14.7513], [-84.9959, 14.7247], [-84.9969, 15.9803]]], [[[-83.3192, 16.0239], [-83.321, 16.0239], [-83.3194, 16.0247], [-83.3192, 16.0239]]], [[[-83.3222, 16.0288], [-83.323, 16.0283], [-83.3227, 16.0291], [-83.3222, 16.0288]]], [[[-83.3282, 16.0424], [-83.3279, 16.0406], [-83.3283, 16.0408], [-83.3282, 16.0424]]]]}}, {"id": "8", "type": "Feature", "properties": {"adm1_code": "1428", "adm1_name": "Intibuca"}, "geometry": {"type": "Polygon", "coordinates": [[[-88.0734, 14.6472], [-88.0574, 14.6228], [-88.0384, 14.6256], [-87.9858, 14.6114], [-87.9767, 14.6013], [-87.9532, 14.6008], [-87.9536, 14.5853], [-87.9426, 14.5728], [-87.9351, 14.5332], [-87.8966, 14.5211], [-87.8937, 14.4897], [-87.8816, 14.4833], [-87.8446, 14.4375], [-87.8398, 14.4216], [-87.9087, 14.369], [-87.9502, 14.3763], [-87.9478, 14.3605], [-87.9561, 14.3525], [-87.9441, 14.3279], [-87.9469, 14.312], [-87.9655, 14.3055], [-87.9648, 14.2924], [-87.9732, 14.277], [-87.9963, 14.2699], [-88.0037, 14.237], [-88.044, 14.2379], [-88.0588, 14.2305], [-88.1031, 14.1959], [-88.1037, 14.1777], [-88.1164, 14.1581], [-88.1538, 14.1436], [-88.1676, 14.127], [-88.1788, 14.1236], [-88.1934, 14.0975], [-88.2135, 14.0833], [-88.2201, 14.0696], [-88.2323, 14.0713], [-88.2248, 14.0539], [-88.2012, 14.0353], [-88.2103, 13.992], [-88.226, 13.9975], [-88.2378, 13.9934], [-88.236, 13.9699], [-88.2196, 13.9536], [-88.2273, 13.9372], [-88.265, 13.936], [-88.2627, 13.9186], [-88.2685, 13.9119], [-88.2805, 13.9086], [-88.2895, 13.9137], [-88.3134, 13.9015], [-88.3178, 13.889], [-88.3438, 13.8958], [-88.356, 13.8712], [-88.3688, 13.8752], [-88.3758, 13.8861], [-88.4137, 13.88], [-88.4185, 13.8868], [-88.4309, 13.8795], [-88.4388, 13.8608], [-88.4658, 13.8639], [-88.4665, 13.8504], [-88.4915, 13.861], [-88.4958, 13.8704], [-88.4913, 13.8786], [-88.5105, 13.9123], [-88.5065, 13.9395], [-88.4969, 13.9402], [-88.4977, 13.9516], [-88.4909, 13.9499], [-88.4874, 13.9604], [-88.4754, 13.9654], [-88.4789, 13.9784], [-88.4672, 13.9812], [-88.4614, 13.994], [-88.4436, 13.9955], [-88.4368, 14.0038], [-88.3823, 14.0239], [-88.3627, 14.0384], [-88.3489, 14.0596], [-88.3272, 14.0613], [-88.3306, 14.0798], [-88.3128, 14.0946], [-88.3201, 14.1209], [-88.3162, 14.1418], [-88.3253, 14.1514], [-88.3164, 14.1994], [-88.3289, 14.213], [-88.3809, 14.216], [-88.4171, 14.2345], [-88.4194, 14.2465], [-88.4053, 14.2703], [-88.4215, 14.3488], [-88.4333, 14.3535], [-88.4495, 14.3498], [-88.4871, 14.3804], [-88.4943, 14.3925], [-88.4897, 14.3967], [-88.4942, 14.4414], [-88.4477, 14.4644], [-88.4259, 14.4588], [-88.3759, 14.4618], [-88.341, 14.4897], [-88.3433, 14.5155], [-88.3186, 14.5545], [-88.3249, 14.6044], [-88.3427, 14.6368], [-88.3387, 14.6395], [-88.2462, 14.6308], [-88.2249, 14.6403], [-88.1532, 14.6441], [-88.0939, 14.6291], [-88.0824, 14.6447], [-88.0734, 14.6472]]]}}, {"id": "9", "type": "Feature", "properties": {"adm1_code": "1429", "adm1_name": "Islas De Bahia"}, "geometry": {"type": "MultiPolygon", "coordinates": [[[[-86.9804, 16.0548], [-86.9806, 16.0545], [-86.9806, 16.0548], [-86.9804, 16.0548]]], [[[-86.9793, 16.0553], [-86.979, 16.0548], [-86.9797, 16.0548], [-86.9793, 16.0553]]], [[[-86.9797, 16.0581], [-86.9802, 16.0577], [-86.9801, 16.0582], [-86.9797, 16.0581]]], [[[-86.976, 16.0599], [-86.975, 16.0586], [-86.9778, 16.0586], [-86.976, 16.0599]]], [[[-86.9734, 16.0618], [-86.9744, 16.0607], [-86.9739, 16.0618], [-86.9734, 16.0618]]], [[[-86.9717, 16.0632], [-86.9719, 16.0627], [-86.9722, 16.0632], [-86.9717, 16.0632]]], [[[-86.969, 16.0636], [-86.968, 16.0627], [-86.9693, 16.0627], [-86.969, 16.0636]]], [[[-86.9638, 16.0646], [-86.9659, 16.0639], [-86.966, 16.0646], [-86.9638, 16.0646]]], [[[-86.9624, 16.0648], [-86.9632, 16.0653], [-86.9622, 16.0656], [-86.9624, 16.0648]]], [[[-87.011, 16.0653], [-87.0121, 16.0656], [-87.0113, 16.0659], [-87.011, 16.0653]]], [[[-86.9996, 16.0692], [-87.0004, 16.069], [-87.0004, 16.0695], [-86.9996, 16.0692]]], [[[-86.998, 16.0852], [-86.9985, 16.0847], [-86.9985, 16.0852], [-86.998, 16.0852]]], [[[-86.8979, 16.0861], [-86.8979, 16.0861], [-86.8979, 16.0861], [-86.8979, 16.0861], [-86.8979, 16.0861], [-86.8979, 16.0861]]], [[[-86.8828, 16.0893], [-86.8839, 16.089], [-86.8831, 16.09], [-86.8828, 16.0893]]], [[[-86.8882, 16.1234], [-86.8753, 16.12], [-86.8722, 16.1125], [-86.8885, 16.0864], [-86.9007, 16.0973], [-86.9099, 16.0895], [-86.9127, 16.0891], [-86.9031, 16.0972], [-86.9129, 16.0983], [-86.9117, 16.0929], [-86.9239, 16.0864], [-86.914, 16.0899], [-86.9182, 16.0839], [-86.9593, 16.0686], [-86.9668, 16.0693], [-86.9704, 16.0778], [-86.99, 16.0813], [-86.9894, 16.0924], [-86.9813, 16.1], [-86.957, 16.1091], [-86.9436, 16.1076], [-86.9447, 16.1146], [-86.9372, 16.1205], [-86.9109, 16.1148], [-86.8882, 16.1234]]], [[[-86.5378, 16.3111], [-86.5358, 16.311], [-86.5379, 16.3092], [-86.5378, 16.3111]]], [[[-86.5033, 16.321], [-86.5039, 16.3196], [-86.5049, 16.3206], [-86.5033, 16.321]]], [[[-86.5039, 16.3219], [-86.5041, 16.3216], [-86.5042, 16.3218], [-86.5039, 16.3219]]], [[[-86.4965, 16.3213], [-86.4948, 16.3215], [-86.4937, 16.3205], [-86.4965, 16.3213]]], [[[-86.576, 16.3271], [-86.5749, 16.3263], [-86.5751, 16.3262], [-86.576, 16.3271]]], [[[-86.5736, 16.3285], [-86.5716, 16.3277], [-86.5732, 16.3277], [-86.5736, 16.3285]]], [[[-86.4822, 16.3315], [-86.4838, 16.3306], [-86.4846, 16.3331], [-86.4822, 16.3315]]], [[[-86.4766, 16.3357], [-86.4764, 16.3339], [-86.4786, 16.3351], [-86.4766, 16.3357]]], [[[-86.4746, 16.3387], [-86.4754, 16.3368], [-86.4757, 16.3368], [-86.4746, 16.3387]]], [[[-86.4719, 16.3388], [-86.4716, 16.3386], [-86.472, 16.3385], [-86.4719, 16.3388]]], [[[-86.4685, 16.3426], [-86.4695, 16.3392], [-86.4721, 16.3398], [-86.4685, 16.3426]]], [[[-86.4629, 16.3479], [-86.4618, 16.3466], [-86.4641, 16.3461], [-86.4629, 16.3479]]], [[[-86.4429, 16.3515], [-86.4432, 16.3514], [-86.4433, 16.3517], [-86.4429, 16.3515]]], [[[-86.4458, 16.3522], [-86.4438, 16.3509], [-86.4453, 16.3502], [-86.4458, 16.3522]]], [[[-86.4434, 16.3525], [-86.4421, 16.3517], [-86.4433, 16.352], [-86.4434, 16.3525]]], [[[-86.5232, 16.3549], [-86.5243, 16.3548], [-86.5229, 16.3558], [-86.5232, 16.3549]]], [[[-86.514, 16.3586], [-86.5158, 16.3551], [-86.5188, 16.3561], [-86.514, 16.3586]]], [[[-86.5125, 16.3587], [-86.5133, 16.3584], [-86.5128, 16.3589], [-86.5125, 16.3587]]], [[[-86.4357, 16.3599], [-86.4378, 16.3558], [-86.4392, 16.3578], [-86.4357, 16.3599]]], [[[-86.4339, 16.3599], [-86.4345, 16.3597], [-86.4346, 16.3601], [-86.4339, 16.3599]]], [[[-86.3734, 16.3852], [-86.3713, 16.3833], [-86.3728, 16.3831], [-86.3734, 16.3852]]], [[[-86.3507, 16.3914], [-86.3478, 16.3913], [-86.352, 16.3915], [-86.3507, 16.3914]]], [[[-86.4155, 16.3963], [-86.4158, 16.3955], [-86.4159, 16.3965], [-86.4155, 16.3963]]], [[[-86.3168, 16.3966], [-86.3171, 16.3961], [-86.317, 16.3966], [-86.3168, 16.3966]]], [[[-86.3094, 16.3996], [-86.3075, 16.3987], [-86.309, 16.3983], [-86.3094, 16.3996]]], [[[-86.2881, 16.4058], [-86.285, 16.4031], [-86.2811, 16.4034], [-86.2843, 16.4014], [-86.2881, 16.4058]]], [[[-86.2774, 16.4074], [-86.2778, 16.4071], [-86.2778, 16.4073], [-86.2774, 16.4074]]], [[[-85.8817, 16.407], [-85.8866, 16.4042], [-85.8822, 16.4086], [-85.8817, 16.407]]], [[[-86.2757, 16.4101], [-86.2727, 16.4098], [-86.2721, 16.4086], [-86.2757, 16.4101]]], [[[-86.1291, 16.4108], [-86.1297, 16.4103], [-86.1297, 16.4108], [-86.1291, 16.4108]]], [[[-86.115, 16.4116], [-86.1153, 16.411], [-86.1152, 16.4116], [-86.115, 16.4116]]], [[[-86.1195, 16.4113], [-86.1209, 16.4111], [-86.1209, 16.4116], [-86.1195, 16.4113]]], [[[-86.2612, 16.4147], [-86.2602, 16.4144], [-86.2615, 16.4137], [-86.2612, 16.4147]]], [[[-86.2621, 16.4145], [-86.2641, 16.4136], [-86.2623, 16.4148], [-86.2621, 16.4145]]], [[[-86.2588, 16.416], [-86.2599, 16.4149], [-86.2596, 16.416], [-86.2588, 16.416]]], [[[-86.257, 16.416], [-86.2549, 16.4163], [-86.2546, 16.4165], [-86.2548, 16.416], [-86.257, 16.416]]], [[[-86.2013, 16.4143], [-86.2074, 16.4137], [-86.207, 16.4168], [-86.2013, 16.4143]]], [[[-86.2487, 16.4198], [-86.2479, 16.4186], [-86.249, 16.4185], [-86.2487, 16.4198]]], [[[-86.2505, 16.4201], [-86.2508, 16.4196], [-86.2508, 16.4201], [-86.2505, 16.4201]]], [[[-86.2487, 16.4214], [-86.2479, 16.4206], [-86.2487, 16.4206], [-86.2487, 16.4214]]], [[[-86.1913, 16.4209], [-86.1921, 16.4211], [-86.1913, 16.4214], [-86.1913, 16.4209]]], [[[-86.2342, 16.4231], [-86.2348, 16.4223], [-86.2348, 16.4231], [-86.2342, 16.4231]]], [[[-86.2337, 16.4218], [-86.2313, 16.4221], [-86.2313, 16.4208], [-86.2337, 16.4218]]], [[[-86.2364, 16.4218], [-86.2364, 16.4232], [-86.235, 16.4234], [-86.2364, 16.4218]]], [[[-86.262, 16.4237], [-86.2607, 16.4231], [-86.262, 16.4232], [-86.262, 16.4237]]], [[[-86.2599, 16.4235], [-86.2569, 16.4228], [-86.2599, 16.4232], [-86.2599, 16.4235]]], [[[-86.2311, 16.4239], [-86.2302, 16.4233], [-86.2311, 16.4236], [-86.2311, 16.4239]]], [[[-86.2543, 16.4242], [-86.254, 16.4237], [-86.2548, 16.424], [-86.2543, 16.4242]]], [[[-86.2487, 16.4244], [-86.2476, 16.4241], [-86.2487, 16.4242], [-86.2487, 16.4244]]], [[[-86.2454, 16.4249], [-86.2463, 16.4244], [-86.247, 16.4244], [-86.2462, 16.4251], [-86.2454, 16.4249]]], [[[-86.2425, 16.4249], [-86.2433, 16.4249], [-86.2425, 16.4252], [-86.2425, 16.4249]]], [[[-86.2436, 16.4249], [-86.2444, 16.4247], [-86.2444, 16.4252], [-86.2436, 16.4249]]], [[[-86.235, 16.4252], [-86.235, 16.4247], [-86.2366, 16.4254], [-86.235, 16.4252]]], [[[-86.242, 16.4252], [-86.2382, 16.4249], [-86.242, 16.4249], [-86.242, 16.4252]]], [[[-86.2494, 16.4257], [-86.2537, 16.4242], [-86.2537, 16.4247], [-86.2494, 16.4257]]], [[[-86.2321, 16.4261], [-86.2292, 16.4238], [-86.2342, 16.4249], [-86.2321, 16.4261]]], [[[-86.2366, 16.4257], [-86.2377, 16.426], [-86.2366, 16.4262], [-86.2366, 16.4257]]], [[[-86.2348, 16.4262], [-86.2353, 16.4259], [-86.2353, 16.4262], [-86.2348, 16.4262]]], [[[-86.1973, 16.4295], [-86.1911, 16.4222], [-86.2039, 16.424], [-86.2272, 16.4091], [-86.2279, 16.4258], [-86.1973, 16.4295]]], [[[-86.3155, 16.4299], [-86.2639, 16.4267], [-86.2617, 16.4173], [-86.2684, 16.4197], [-86.2756, 16.4103], [-86.2968, 16.4148], [-86.2991, 16.4071], [-86.3179, 16.4036], [-86.3229, 16.3934], [-86.3363, 16.394], [-86.3373, 16.4095], [-86.3376, 16.392], [-86.3409, 16.3967], [-86.3517, 16.3915], [-86.3543, 16.3991], [-86.3581, 16.3871], [-86.3656, 16.3959], [-86.3734, 16.3857], [-86.3799, 16.3926], [-86.3748, 16.3825], [-86.3817, 16.3781], [-86.3875, 16.3846], [-86.3921, 16.3668], [-86.4109, 16.3697], [-86.4148, 16.3604], [-86.4197, 16.3697], [-86.42, 16.3598], [-86.4319, 16.3586], [-86.4335, 16.3597], [-86.4277, 16.3593], [-86.4267, 16.3605], [-86.4354, 16.3644], [-86.4401, 16.3571], [-86.4535, 16.3551], [-86.4592, 16.3476], [-86.4597, 16.3539], [-86.4756, 16.338], [-86.4857, 16.3362], [-86.4879, 16.323], [-86.4911, 16.3231], [-86.4932, 16.3219], [-86.4943, 16.322], [-86.4966, 16.3311], [-86.5071, 16.3207], [-86.5324, 16.3119], [-86.5509, 16.3133], [-86.603, 16.2681], [-86.594, 16.3109], [-86.59, 16.3073], [-86.5872, 16.3177], [-86.5823, 16.3149], [-86.5844, 16.3187], [-86.5426, 16.347], [-86.525, 16.3538], [-86.5204, 16.3493], [-86.5178, 16.3552], [-86.5114, 16.3533], [-86.495, 16.3666], [-86.4865, 16.3648], [-86.4603, 16.3794], [-86.4526, 16.3751], [-86.4394, 16.3787], [-86.3986, 16.4052], [-86.3925, 16.402], [-86.3522, 16.4213], [-86.3468, 16.4167], [-86.3121, 16.4256], [-86.3155, 16.4299]]], [[[-86.184, 16.4335], [-86.1843, 16.4263], [-86.1913, 16.4266], [-86.1915, 16.432], [-86.184, 16.4335]]], [[[-85.8827, 16.4366], [-85.8832, 16.4359], [-85.8833, 16.4361], [-85.8827, 16.4366]]], [[[-85.8487, 16.4427], [-85.849, 16.4396], [-85.8517, 16.4394], [-85.8487, 16.4427]]], [[[-85.886, 16.4429], [-85.8868, 16.4395], [-85.8892, 16.4428], [-85.886, 16.4429]]], [[[-85.864, 16.4437], [-85.8631, 16.4435], [-85.864, 16.4436], [-85.864, 16.4437]]], [[[-85.8564, 16.4448], [-85.8567, 16.4446], [-85.8567, 16.4448], [-85.8564, 16.4448]]], [[[-85.8444, 16.445], [-85.8434, 16.4445], [-85.8444, 16.4448], [-85.8444, 16.445]]], [[[-86.16, 16.4403], [-86.1227, 16.4435], [-86.1416, 16.4287], [-86.1512, 16.4345], [-86.1678, 16.4271], [-86.16, 16.4403]]], [[[-85.8412, 16.4473], [-85.8388, 16.4471], [-85.841, 16.446], [-85.8412, 16.4473]]], [[[-85.8375, 16.4499], [-85.8385, 16.4489], [-85.8385, 16.4496], [-85.8375, 16.4499]]], [[[-85.8351, 16.4512], [-85.8375, 16.4477], [-85.8383, 16.4478], [-85.8351, 16.4512]]], [[[-85.834, 16.4524], [-85.8342, 16.4527], [-85.8337, 16.4527], [-85.834, 16.4524]]], [[[-85.835, 16.4532], [-85.8356, 16.4527], [-85.8356, 16.4532], [-85.835, 16.4532]]], [[[-85.924, 16.4557], [-85.9152, 16.4439], [-85.8977, 16.438], [-85.9518, 16.4026], [-85.9309, 16.4536], [-85.924, 16.4557]]], [[[-85.8321, 16.4558], [-85.8313, 16.4555], [-85.8324, 16.4547], [-85.8321, 16.4558]]], [[[-85.8318, 16.4565], [-85.8321, 16.456], [-85.8326, 16.456], [-85.8318, 16.4565]]], [[[-85.8329, 16.4578], [-85.8331, 16.4576], [-85.8331, 16.4578], [-85.8329, 16.4578]]], [[[-85.8323, 16.4581], [-85.8291, 16.457], [-85.8323, 16.4576], [-85.8323, 16.4581]]], [[[-85.8275, 16.4637], [-85.8264, 16.4635], [-85.8272, 16.463], [-85.8275, 16.4637]]], [[[-85.8259, 16.466], [-85.8261, 16.4658], [-85.8261, 16.466], [-85.8259, 16.466]]], [[[-85.8264, 16.4663], [-85.8285, 16.4661], [-85.8272, 16.4679], [-85.8264, 16.4663]]], [[[-85.8259, 16.4702], [-85.8251, 16.4687], [-85.8261, 16.4689], [-85.8259, 16.4702]]], [[[-85.8215, 16.4799], [-85.8223, 16.4786], [-85.8229, 16.4797], [-85.8215, 16.4799]]], [[[-85.8627, 16.5139], [-85.8635, 16.5134], [-85.8635, 16.5136], [-85.8627, 16.5139]]], [[[-85.8584, 16.5158], [-85.8432, 16.5138], [-85.8416, 16.5081], [-85.8494, 16.5046], [-85.8315, 16.5021], [-85.8227, 16.5078], [-85.8161, 16.4974], [-85.8188, 16.4912], [-85.8418, 16.4827], [-85.8523, 16.4862], [-85.8472, 16.4687], [-85.8608, 16.4524], [-85.8721, 16.458], [-85.8998, 16.4414], [-85.9172, 16.4499], [-85.9076, 16.4819], [-85.8988, 16.4833], [-85.8809, 16.5038], [-85.8664, 16.4985], [-85.8675, 16.5085], [-85.8584, 16.5158]]]]}}, {"id": "10", "type": "Feature", "properties": {"adm1_code": "1430", "adm1_name": "La Paz"}, "geometry": {"type": "Polygon", "coordinates": [[[-87.8305, 14.3829], [-87.7882, 14.3807], [-87.7814, 14.3626], [-87.7565, 14.3613], [-87.7157, 14.3478], [-87.7049, 14.3381], [-87.6529, 14.3639], [-87.6547, 14.3523], [-87.6421, 14.3324], [-87.6467, 14.3149], [-87.6444, 14.3063], [-87.6348, 14.3032], [-87.6432, 14.2946], [-87.6335, 14.2751], [-87.6416, 14.2669], [-87.6484, 14.2694], [-87.6454, 14.2586], [-87.6504, 14.2545], [-87.6683, 14.2569], [-87.674, 14.2475], [-87.6762, 14.253], [-87.6831, 14.248], [-87.6865, 14.2548], [-87.7039, 14.2399], [-87.737, 14.2349], [-87.7419, 14.2259], [-87.7747, 14.2232], [-87.7796, 14.2319], [-87.8129, 14.2172], [-87.8137, 14.2229], [-87.829, 14.2106], [-87.821, 14.1882], [-87.7858, 14.1783], [-87.7687, 14.1516], [-87.7841, 14.1421], [-87.784, 14.1268], [-87.7397, 14.1202], [-87.717, 14.0839], [-87.7013, 14.0937], [-87.6912, 14.0715], [-87.6976, 14.0552], [-87.6933, 14.0359], [-87.6591, 14.0746], [-87.6256, 14.0752], [-87.6152, 14.0224], [-87.6156, 13.9902], [-87.6029, 13.9718], [-87.6082, 13.9624], [-87.6024, 13.9554], [-87.6096, 13.9357], [-87.6117, 13.8899], [-87.6249, 13.8806], [-87.6246, 13.8612], [-87.6498, 13.8229], [-87.674, 13.823], [-87.6831, 13.8338], [-87.7057, 13.8402], [-87.7423, 13.831], [-87.7515, 13.8617], [-87.7846, 13.8766], [-87.7997, 13.891], [-87.7949, 13.9038], [-87.8034, 13.9209], [-87.8301, 13.9175], [-87.8448, 13.897], [-87.8544, 13.8938], [-87.8978, 13.9021], [-87.9138, 13.8929], [-87.9211, 13.895], [-87.9217, 13.8856], [-87.9595, 13.8986], [-88.0134, 13.8725], [-88.0199, 13.8939], [-88.0471, 13.9324], [-88.0636, 13.9434], [-88.072, 13.9912], [-88.1079, 14.0002], [-88.1628, 13.9821], [-88.1975, 13.9954], [-88.2103, 13.992], [-88.2013, 14.0372], [-88.2248, 14.0539], [-88.2323, 14.0713], [-88.2201, 14.0696], [-88.2135, 14.0833], [-88.1934, 14.0975], [-88.1788, 14.1236], [-88.1676, 14.127], [-88.1538, 14.1436], [-88.1164, 14.1581], [-88.1037, 14.1777], [-88.1031, 14.1959], [-88.0588, 14.2305], [-88.044, 14.2379], [-88.0037, 14.237], [-87.9963, 14.2699], [-87.9732, 14.277], [-87.9648, 14.2924], [-87.9655, 14.3055], [-87.9469, 14.312], [-87.9441, 14.3279], [-87.9561, 14.3525], [-87.9478, 14.3605], [-87.9502, 14.3763], [-87.9087, 14.369], [-87.8495, 14.4153], [-87.8305, 14.3829]]]}}, {"id": "11", "type": "Feature", "properties": {"adm1_code": "1431", "adm1_name": "Lempira"}, "geometry": {"type": "MultiPolygon", "coordinates": [[[[-88.4961, 13.9412], [-88.5065, 13.9395], [-88.4981, 13.9509], [-88.4961, 13.9412]]], [[[-88.6024, 14.9296], [-88.5479, 14.9167], [-88.5255, 14.8547], [-88.482, 14.794], [-88.4641, 14.8007], [-88.4494, 14.8348], [-88.4381, 14.8407], [-88.4121, 14.8324], [-88.4044, 14.819], [-88.3726, 14.821], [-88.3563, 14.8063], [-88.3816, 14.7532], [-88.3653, 14.7193], [-88.3466, 14.7043], [-88.3095, 14.719], [-88.3127, 14.6701], [-88.3427, 14.6368], [-88.3249, 14.6044], [-88.3186, 14.5545], [-88.3433, 14.5155], [-88.341, 14.4897], [-88.3759, 14.4618], [-88.4259, 14.4588], [-88.443, 14.4651], [-88.4702, 14.4566], [-88.4942, 14.4414], [-88.4949, 14.4211], [-88.4897, 14.3967], [-88.4943, 14.3925], [-88.4871, 14.3804], [-88.4495, 14.3498], [-88.4333, 14.3535], [-88.4215, 14.3488], [-88.4053, 14.2703], [-88.4194, 14.2465], [-88.4165, 14.2337], [-88.3809, 14.216], [-88.3289, 14.213], [-88.3164, 14.1994], [-88.3253, 14.1514], [-88.3162, 14.1418], [-88.3201, 14.1209], [-88.3132, 14.0927], [-88.3306, 14.0798], [-88.3256, 14.0628], [-88.3489, 14.0596], [-88.3627, 14.0384], [-88.3823, 14.0239], [-88.4368, 14.0038], [-88.4436, 13.9955], [-88.4614, 13.994], [-88.4672, 13.9812], [-88.4789, 13.9784], [-88.4754, 13.9654], [-88.4874, 13.9604], [-88.4909, 13.9499], [-88.4977, 13.9516], [-88.4999, 13.9688], [-88.5283, 13.9866], [-88.5675, 13.9789], [-88.5851, 14.0073], [-88.6076, 14.0066], [-88.6278, 14.0242], [-88.6391, 14.018], [-88.6628, 14.0255], [-88.6694, 14.012], [-88.683, 14.011], [-88.6825, 14.0314], [-88.6924, 14.0426], [-88.7376, 14.0551], [-88.7288, 14.1132], [-88.7388, 14.1212], [-88.7746, 14.102], [-88.792, 14.1141], [-88.8307, 14.1067], [-88.8359, 14.1257], [-88.8464, 14.1326], [-88.8489, 14.15], [-88.8581, 14.1536], [-88.8598, 14.1726], [-88.8722, 14.1842], [-88.9001, 14.1919], [-88.9021, 14.2062], [-88.9219, 14.2097], [-88.9301, 14.204], [-88.9663, 14.2116], [-88.9626, 14.2194], [-88.9687, 14.2465], [-88.9618, 14.2606], [-88.977, 14.2888], [-88.9511, 14.3011], [-88.9419, 14.3298], [-88.9031, 14.3341], [-88.8821, 14.3437], [-88.8721, 14.3612], [-88.8715, 14.3959], [-88.8524, 14.3929], [-88.8499, 14.384], [-88.8312, 14.3712], [-88.8006, 14.3719], [-88.8199, 14.3899], [-88.8136, 14.4145], [-88.79, 14.4004], [-88.7491, 14.4155], [-88.7364, 14.4288], [-88.7311, 14.4267], [-88.7345, 14.437], [-88.727, 14.446], [-88.7285, 14.46], [-88.7117, 14.4979], [-88.7095, 14.5209], [-88.7185, 14.5298], [-88.7477, 14.5267], [-88.7723, 14.5354], [-88.7527, 14.5798], [-88.7279, 14.5967], [-88.7478, 14.6286], [-88.7696, 14.6371], [-88.794, 14.6876], [-88.7833, 14.7039], [-88.7262, 14.6914], [-88.6844, 14.696], [-88.6744, 14.7067], [-88.6472, 14.7009], [-88.6463, 14.7129], [-88.6575, 14.7266], [-88.6527, 14.7345], [-88.6612, 14.761], [-88.6745, 14.7703], [-88.67, 14.8039], [-88.6618, 14.8198], [-88.6461, 14.8287], [-88.6459, 14.8503], [-88.6366, 14.849], [-88.6428, 14.8666], [-88.632, 14.8829], [-88.6383, 14.9027], [-88.6142, 14.9013], [-88.6041, 14.9105], [-88.6024, 14.9296]]]]}}, {"id": "12", "type": "Feature", "properties": {"adm1_code": "1433", "adm1_name": "Ocotepeque"}, "geometry": {"type": "Polygon", "coordinates": [[[-89.075, 14.7132], [-89.0634, 14.7038], [-89.007, 14.701], [-88.9922, 14.6441], [-88.9183, 14.5848], [-88.9226, 14.5514], [-88.9284, 14.5481], [-88.9094, 14.5423], [-88.9125, 14.5268], [-88.8919, 14.5037], [-88.8509, 14.4964], [-88.8437, 14.4813], [-88.8223, 14.4869], [-88.8296, 14.5186], [-88.823, 14.5228], [-88.809, 14.5186], [-88.7723, 14.5354], [-88.7477, 14.5267], [-88.7185, 14.5298], [-88.7095, 14.5209], [-88.7117, 14.4979], [-88.7285, 14.46], [-88.727, 14.446], [-88.7345, 14.437], [-88.7316, 14.4262], [-88.7364, 14.4288], [-88.7491, 14.4155], [-88.7907, 14.4003], [-88.8136, 14.4145], [-88.8199, 14.3899], [-88.8006, 14.3719], [-88.8312, 14.3712], [-88.8499, 14.384], [-88.8524, 14.3929], [-88.8715, 14.3959], [-88.8721, 14.3612], [-88.8821, 14.3437], [-88.9031, 14.3341], [-88.9419, 14.3298], [-88.9511, 14.3011], [-88.9761, 14.2899], [-88.9618, 14.2606], [-88.9687, 14.2465], [-88.9626, 14.2194], [-88.9663, 14.2116], [-88.9722, 14.214], [-88.9697, 14.2265], [-88.9909, 14.259], [-89.0258, 14.2723], [-89.0222, 14.315], [-89.0358, 14.323], [-89.037, 14.3347], [-89.0826, 14.3401], [-89.0836, 14.3805], [-89.1013, 14.4036], [-89.1125, 14.4013], [-89.1487, 14.352], [-89.1682, 14.3652], [-89.2053, 14.3661], [-89.2165, 14.382], [-89.2782, 14.4003], [-89.2991, 14.4149], [-89.3236, 14.4104], [-89.3532, 14.4185], [-89.3483, 14.4681], [-89.3095, 14.4853], [-89.3017, 14.5026], [-89.2891, 14.511], [-89.2387, 14.5775], [-89.2176, 14.5837], [-89.1772, 14.5708], [-89.1554, 14.5722], [-89.1463, 14.6025], [-89.153, 14.6629], [-89.1356, 14.6969], [-89.075, 14.7132]]]}}, {"id": "13", "type": "Feature", "properties": {"adm1_code": "1434", "adm1_name": "Olancho"}, "geometry": {"type": "Polygon", "coordinates": [[[-85.7364, 15.5614], [-85.7027, 15.5746], [-85.5968, 15.5232], [-85.5375, 15.4626], [-85.5135, 15.4458], [-85.3729, 15.3959], [-85.3166, 15.3129], [-85.2315, 15.2062], [-85.0944, 15.1731], [-84.994, 15.0612], [-84.9959, 14.7247], [-85.0281, 14.698], [-85.0233, 14.6844], [-85.0319, 14.6691], [-85.0433, 14.6702], [-85.0519, 14.6599], [-85.0263, 14.6309], [-85.0423, 14.6109], [-85.0252, 14.602], [-85.0451, 14.5723], [-85.0689, 14.5542], [-85.0897, 14.5492], [-85.1266, 14.5801], [-85.151, 14.5666], [-85.1406, 14.5481], [-85.1443, 14.5379], [-85.139, 14.5126], [-85.1507, 14.4893], [-85.1783, 14.461], [-85.2067, 14.3896], [-85.2255, 14.3668], [-85.2197, 14.3594], [-85.2039, 14.3565], [-85.2013, 14.3364], [-85.1903, 14.3253], [-85.1811, 14.328], [-85.1783, 14.3059], [-85.1579, 14.2935], [-85.1836, 14.2506], [-85.1921, 14.2481], [-85.1972, 14.2571], [-85.2104, 14.2529], [-85.2784, 14.2575], [-85.2967, 14.2488], [-85.3174, 14.2546], [-85.3387, 14.2446], [-85.3415, 14.2323], [-85.3574, 14.2139], [-85.3679, 14.2154], [-85.3706, 14.2249], [-85.3796, 14.2229], [-85.3748, 14.2088], [-85.3794, 14.1755], [-85.4, 14.156], [-85.3969, 14.1362], [-85.4053, 14.1248], [-85.4249, 14.1151], [-85.4283, 14.1061], [-85.4427, 14.1042], [-85.456, 14.1122], [-85.4699, 14.0918], [-85.4786, 14.0931], [-85.4815, 14.0809], [-85.4927, 14.0934], [-85.4949, 14.078], [-85.5052, 14.0864], [-85.523, 14.0464], [-85.5564, 14.0482], [-85.5619, 14.0521], [-85.5614, 14.0652], [-85.5765, 14.0624], [-85.5823, 14.0457], [-85.5953, 14.0429], [-85.6079, 14.0254], [-85.6321, 14.0112], [-85.6615, 14.0127], [-85.6676, 13.9902], [-85.6825, 13.9784], [-85.7124, 13.9881], [-85.7332, 13.9696], [-85.7539, 13.9649], [-85.7591, 13.9583], [-85.7579, 13.913], [-85.7652, 13.8816], [-85.7432, 13.867], [-85.7388, 13.8543], [-85.7436, 13.8398], [-85.7555, 13.8319], [-85.7709, 13.8447], [-85.7912, 13.8393], [-85.8182, 13.8432], [-85.8445, 13.8772], [-85.8438, 13.9032], [-85.8513, 13.9133], [-85.8879, 13.9221], [-85.901, 13.8999], [-85.92, 13.9079], [-85.9476, 13.9388], [-86.0154, 13.9898], [-86.0233, 14.0076], [-86.0049, 14.0593], [-86.0121, 14.0771], [-86.0344, 14.0688], [-86.0924, 14.0639], [-86.1431, 14.0364], [-86.1472, 14.1242], [-86.053, 14.178], [-86.0688, 14.2469], [-86.1438, 14.2654], [-86.1789, 14.3456], [-86.2335, 14.3419], [-86.2754, 14.3304], [-86.3557, 14.2777], [-86.4549, 14.2814], [-86.4621, 14.3065], [-86.4786, 14.3246], [-86.5156, 14.3279], [-86.5367, 14.3552], [-86.6114, 14.3714], [-86.6224, 14.3635], [-86.6285, 14.3824], [-86.6443, 14.3977], [-86.6625, 14.3991], [-86.6711, 14.3886], [-86.6846, 14.3993], [-86.7271, 14.4119], [-86.7244, 14.4239], [-86.7475, 14.4699], [-86.7438, 14.496], [-86.7563, 14.4995], [-86.7634, 14.5209], [-86.7551, 14.5674], [-86.7714, 14.5769], [-86.7801, 14.5967], [-86.8077, 14.6131], [-86.815, 14.63], [-86.8388, 14.6302], [-86.854, 14.6496], [-86.8709, 14.6587], [-86.8959, 14.7351], [-86.919, 14.7594], [-86.9094, 14.7884], [-86.9285, 14.7982], [-86.9287, 14.8109], [-86.9232, 14.8127], [-86.9262, 14.8271], [-86.9376, 14.8533], [-86.9519, 14.8617], [-86.9559, 14.8894], [-86.9448, 14.8985], [-86.9323, 14.927], [-86.9245, 14.9301], [-86.9537, 14.9437], [-86.9574, 14.9563], [-86.9874, 14.9637], [-87.0136, 15.0042], [-86.9919, 15.0323], [-86.9472, 15.0301], [-86.9418, 15.0579], [-86.9194, 15.0699], [-86.9043, 15.0709], [-86.9075, 15.0925], [-86.9021, 15.094], [-86.9028, 15.1101], [-86.8865, 15.1248], [-86.8842, 15.1337], [-86.8905, 15.1369], [-86.8811, 15.151], [-86.8949, 15.2225], [-86.8912, 15.2393], [-86.8456, 15.2623], [-86.8423, 15.2766], [-86.8194, 15.2692], [-86.8009, 15.2876], [-86.7876, 15.2802], [-86.7795, 15.262], [-86.7268, 15.2571], [-86.692, 15.2754], [-86.6914, 15.2837], [-86.6763, 15.2957], [-86.6741, 15.3286], [-86.6584, 15.3338], [-86.644, 15.3286], [-86.6258, 15.3442], [-86.5785, 15.3613], [-86.5487, 15.383], [-86.5322, 15.3783], [-86.5089, 15.3893], [-86.5072, 15.399], [-86.471, 15.3897], [-86.4585, 15.3638], [-86.4383, 15.363], [-86.4192, 15.3182], [-86.4125, 15.3152], [-86.2827, 15.379], [-86.2309, 15.4126], [-86.1647, 15.3732], [-86.1487, 15.3699], [-86.1243, 15.3744], [-86.1009, 15.3913], [-86.0892, 15.3864], [-86.0849, 15.3986], [-86.049, 15.3947], [-86.0396, 15.3842], [-86.0275, 15.3865], [-86.0204, 15.3984], [-86.008, 15.3964], [-86.0038, 15.4035], [-85.9924, 15.4026], [-85.9885, 15.4107], [-85.9782, 15.4098], [-85.9655, 15.4194], [-85.9617, 15.4355], [-85.944, 15.4548], [-85.9276, 15.4575], [-85.8859, 15.4975], [-85.8909, 15.5161], [-85.885, 15.5242], [-85.8635, 15.5271], [-85.8583, 15.5196], [-85.8301, 15.5144], [-85.8084, 15.5418], [-85.7832, 15.5508], [-85.7831, 15.5709], [-85.7632, 15.5795], [-85.7364, 15.5614]]]}}, {"id": "14", "type": "Feature", "properties": {"adm1_code": "1435", "adm1_name": "Paraiso"}, "geometry": {"type": "Polygon", "coordinates": [[[-86.673, 14.3891], [-86.6625, 14.3991], [-86.6453, 14.3981], [-86.6285, 14.3824], [-86.6224, 14.3635], [-86.6114, 14.3714], [-86.5367, 14.3552], [-86.5156, 14.3279], [-86.4786, 14.3246], [-86.4621, 14.3065], [-86.4549, 14.2814], [-86.3819, 14.2749], [-86.3557, 14.2777], [-86.2754, 14.3304], [-86.2335, 14.3419], [-86.1789, 14.3456], [-86.1438, 14.2654], [-86.0688, 14.2469], [-86.053, 14.178], [-86.1472, 14.1242], [-86.1431, 14.0364], [-86.1505, 14.0325], [-86.1518, 14.0206], [-86.1359, 14.0085], [-86.1374, 14.0009], [-86.1587, 13.9862], [-86.1885, 13.9795], [-86.1859, 13.9551], [-86.2021, 13.9376], [-86.2222, 13.9274], [-86.252, 13.8842], [-86.2758, 13.869], [-86.2801, 13.8554], [-86.3004, 13.8455], [-86.3013, 13.814], [-86.3214, 13.7812], [-86.3462, 13.7618], [-86.3647, 13.7611], [-86.3762, 13.7698], [-86.394, 13.759], [-86.4328, 13.7587], [-86.4511, 13.7829], [-86.474, 13.7713], [-86.4991, 13.7692], [-86.5226, 13.7811], [-86.5345, 13.7979], [-86.5513, 13.8007], [-86.6111, 13.7811], [-86.6537, 13.7778], [-86.7153, 13.7871], [-86.7415, 13.7742], [-86.7628, 13.7731], [-86.7682, 13.7499], [-86.7619, 13.7208], [-86.7708, 13.6934], [-86.7885, 13.689], [-86.7937, 13.6941], [-86.8082, 13.6656], [-86.8216, 13.6731], [-86.8414, 13.6721], [-86.8527, 13.6575], [-86.8869, 13.6415], [-86.8898, 13.6498], [-86.9255, 13.6442], [-86.9323, 13.655], [-86.9336, 13.6291], [-86.9414, 13.6131], [-86.976, 13.5801], [-86.9926, 13.5798], [-87.0064, 13.5691], [-87.0091, 13.5463], [-87.0254, 13.5344], [-87.0271, 13.5187], [-87.0513, 13.516], [-87.0639, 13.4981], [-87.0813, 13.5062], [-87.0817, 13.4976], [-87.1004, 13.5043], [-87.1141, 13.5299], [-87.1108, 13.5502], [-87.1424, 13.5429], [-87.1569, 13.5486], [-87.1711, 13.545], [-87.1852, 13.5591], [-87.1857, 13.588], [-87.2012, 13.6095], [-87.2248, 13.6107], [-87.2136, 13.6627], [-87.1864, 13.6805], [-87.1251, 13.649], [-87.1324, 13.6673], [-87.1165, 13.6941], [-87.1016, 13.7043], [-87.1304, 13.7447], [-87.1296, 13.7899], [-87.1227, 13.7916], [-87.1237, 13.7996], [-87.1161, 13.8031], [-87.1073, 13.797], [-87.0823, 13.7702], [-87.0382, 13.7658], [-87.0206, 13.7771], [-86.9989, 13.8127], [-86.9934, 13.839], [-86.9985, 13.852], [-86.9907, 13.8778], [-87.0011, 13.9015], [-86.9855, 13.9245], [-86.9952, 13.9533], [-86.99, 13.9578], [-86.9547, 13.9418], [-86.9205, 13.9789], [-86.9254, 13.9902], [-86.9168, 13.9908], [-86.9165, 14.0402], [-86.9516, 14.0528], [-86.9541, 14.0747], [-86.9772, 14.0895], [-86.9944, 14.1147], [-86.9809, 14.132], [-86.9211, 14.12], [-86.9046, 14.1497], [-86.9371, 14.1634], [-86.9317, 14.1748], [-86.9085, 14.1901], [-86.9129, 14.1995], [-86.9068, 14.2044], [-86.9068, 14.2226], [-86.8716, 14.251], [-86.8534, 14.2821], [-86.8402, 14.2818], [-86.8423, 14.3214], [-86.7271, 14.4119], [-86.6846, 14.3993], [-86.673, 14.3891]]]}}, {"id": "15", "type": "Feature", "properties": {"adm1_code": "1436", "adm1_name": "Santa Barbara"}, "geometry": {"type": "Polygon", "coordinates": [[[-88.1982, 15.3905], [-88.1629, 15.3614], [-88.1459, 15.3672], [-88.1295, 15.3608], [-88.1222, 15.252], [-88.1086, 15.2364], [-88.099, 15.205], [-88.059, 15.2], [-88.0769, 15.1614], [-88.1145, 15.1181], [-88.079, 15.078], [-88.0346, 15.0672], [-88.0216, 15.0536], [-88.0291, 15.0333], [-88.0312, 14.99], [-88.0405, 14.9811], [-88.0518, 14.9144], [-88.02, 14.9227], [-88.0317, 14.8994], [-88.0224, 14.9029], [-88.0242, 14.8939], [-88.0158, 14.8828], [-88.0216, 14.8755], [-88.0019, 14.8741], [-87.991, 14.8627], [-88.0007, 14.8137], [-87.9892, 14.7851], [-88.0218, 14.7519], [-88.0422, 14.7437], [-88.0799, 14.7029], [-88.0501, 14.6668], [-88.0824, 14.6447], [-88.0939, 14.6291], [-88.1532, 14.6441], [-88.2249, 14.6403], [-88.2462, 14.6308], [-88.3387, 14.6395], [-88.3127, 14.6701], [-88.3095, 14.719], [-88.3466, 14.7043], [-88.3653, 14.7193], [-88.3816, 14.7532], [-88.3563, 14.8063], [-88.3716, 14.8203], [-88.4044, 14.819], [-88.4121, 14.8324], [-88.4381, 14.8407], [-88.4494, 14.8348], [-88.4641, 14.8007], [-88.482, 14.794], [-88.5255, 14.8547], [-88.5479, 14.9167], [-88.6024, 14.9296], [-88.6041, 14.9105], [-88.6175, 14.8996], [-88.6383, 14.9027], [-88.6354, 14.9098], [-88.642, 14.914], [-88.6694, 14.9045], [-88.6829, 14.9061], [-88.6966, 14.9363], [-88.6742, 14.9842], [-88.6691, 15.0319], [-88.6307, 15.0619], [-88.6388, 15.0839], [-88.6584, 15.1029], [-88.6538, 15.1348], [-88.6418, 15.1419], [-88.664, 15.1573], [-88.6743, 15.1576], [-88.6848, 15.1819], [-88.7171, 15.2062], [-88.706, 15.2328], [-88.7609, 15.2891], [-88.6825, 15.3378], [-88.6015, 15.4126], [-88.5763, 15.4188], [-88.4344, 15.5418], [-88.2366, 15.4864], [-88.2417, 15.4198], [-88.2298, 15.3993], [-88.1982, 15.3905]]]}}, {"id": "16", "type": "Feature", "properties": {"adm1_code": "1437", "adm1_name": "Valle"}, "geometry": {"type": "MultiPolygon", "coordinates": [[[[-87.6247, 13.252], [-87.6249, 13.2517], [-87.6249, 13.252], [-87.6247, 13.252]]], [[[-87.6664, 13.2786], [-87.6673, 13.2755], [-87.6679, 13.2758], [-87.6664, 13.2786]]], [[[-87.6297, 13.2979], [-87.6299, 13.2977], [-87.6299, 13.2978], [-87.6297, 13.2979]]], [[[-87.6319, 13.2985], [-87.6319, 13.2982], [-87.6322, 13.2984], [-87.6319, 13.2985]]], [[[-87.6309, 13.2985], [-87.6314, 13.2962], [-87.6323, 13.2974], [-87.6309, 13.2985]]], [[[-87.6415, 13.2987], [-87.6146, 13.2863], [-87.6155, 13.2577], [-87.6335, 13.2492], [-87.6599, 13.2518], [-87.6639, 13.2753], [-87.6575, 13.2933], [-87.6415, 13.2987]]], [[[-87.5959, 13.301], [-87.5974, 13.3003], [-87.597, 13.3018], [-87.5959, 13.301]]], [[[-87.5996, 13.3034], [-87.5994, 13.3025], [-87.6002, 13.3032], [-87.5996, 13.3034]]], [[[-87.5878, 13.3029], [-87.5888, 13.3028], [-87.5886, 13.304], [-87.5878, 13.3029]]], [[[-87.7009, 13.3088], [-87.701, 13.3077], [-87.7014, 13.3085], [-87.7009, 13.3088]]], [[[-87.5919, 13.3107], [-87.5929, 13.3105], [-87.5923, 13.3114], [-87.5919, 13.3107]]], [[[-87.7056, 13.3153], [-87.6997, 13.3143], [-87.7051, 13.3118], [-87.7056, 13.3153]]], [[[-87.7123, 13.3224], [-87.7138, 13.3228], [-87.7127, 13.3233], [-87.7123, 13.3224]]], [[[-87.7204, 13.3276], [-87.721, 13.3245], [-87.7229, 13.3253], [-87.7204, 13.3276]]], [[[-87.6678, 13.3226], [-87.6803, 13.3048], [-87.6852, 13.3139], [-87.6746, 13.3315], [-87.6678, 13.3226]]], [[[-87.7206, 13.3344], [-87.7207, 13.3342], [-87.7209, 13.3344], [-87.7206, 13.3344]]], [[[-87.7199, 13.3343], [-87.7098, 13.3357], [-87.7046, 13.3293], [-87.7167, 13.3284], [-87.7199, 13.3343]]], [[[-87.7417, 13.3475], [-87.7437, 13.3474], [-87.7438, 13.3486], [-87.7417, 13.3475]]], [[[-87.6584, 13.3545], [-87.6588, 13.3538], [-87.659, 13.3548], [-87.6584, 13.3545]]], [[[-87.5698, 13.3581], [-87.5631, 13.3581], [-87.5553, 13.3458], [-87.5429, 13.3421], [-87.5752, 13.3355], [-87.5739, 13.3491], [-87.5916, 13.3552], [-87.5777, 13.3613], [-87.5698, 13.3581]]], [[[-87.5575, 13.3649], [-87.5594, 13.3641], [-87.5573, 13.3656], [-87.5575, 13.3649]]], [[[-87.5322, 13.3677], [-87.5324, 13.3675], [-87.5324, 13.3678], [-87.5322, 13.3677]]], [[[-87.4073, 13.3689], [-87.4066, 13.3687], [-87.4061, 13.3687], [-87.4062, 13.3686], [-87.4073, 13.3689]]], [[[-87.5383, 13.3687], [-87.5379, 13.369], [-87.5379, 13.3687], [-87.5383, 13.3687]]], [[[-87.5621, 13.3697], [-87.5632, 13.3679], [-87.564, 13.3693], [-87.5621, 13.3697]]], [[[-87.5309, 13.3688], [-87.5292, 13.3683], [-87.5295, 13.3675], [-87.5309, 13.3688]]], [[[-87.5359, 13.3701], [-87.5349, 13.3706], [-87.5349, 13.3705], [-87.5359, 13.3701]]], [[[-87.5324, 13.3703], [-87.5309, 13.3693], [-87.5311, 13.369], [-87.5324, 13.3703]]], [[[-87.4951, 13.372], [-87.4963, 13.3707], [-87.4971, 13.3715], [-87.4951, 13.372]]], [[[-87.5335, 13.3733], [-87.5325, 13.3707], [-87.5363, 13.371], [-87.5335, 13.3733]]], [[[-87.5497, 13.3716], [-87.5551, 13.3728], [-87.548, 13.3746], [-87.5497, 13.3716]]], [[[-87.5377, 13.3753], [-87.5395, 13.3744], [-87.5405, 13.3733], [-87.5377, 13.3753]]], [[[-87.563, 13.3738], [-87.5592, 13.3743], [-87.5597, 13.3718], [-87.563, 13.3738]]], [[[-87.5185, 13.3754], [-87.5191, 13.3753], [-87.5184, 13.3757], [-87.5185, 13.3754]]], [[[-87.5218, 13.3765], [-87.5223, 13.376], [-87.5225, 13.3765], [-87.5218, 13.3765]]], [[[-87.5653, 13.3755], [-87.5626, 13.3755], [-87.5638, 13.3746], [-87.5653, 13.3755]]], [[[-87.6354, 13.3763], [-87.635, 13.377], [-87.6351, 13.3763], [-87.6354, 13.3763]]], [[[-87.5179, 13.3794], [-87.5152, 13.3698], [-87.5142, 13.3677], [-87.5183, 13.3676], [-87.5195, 13.367], [-87.5077, 13.3668], [-87.5026, 13.3711], [-87.5024, 13.3586], [-87.5088, 13.3541], [-87.5088, 13.361], [-87.5179, 13.361], [-87.5207, 13.3557], [-87.5205, 13.3609], [-87.527, 13.3644], [-87.5212, 13.3552], [-87.5189, 13.3554], [-87.5226, 13.3471], [-87.5346, 13.3442], [-87.5446, 13.3511], [-87.531, 13.3516], [-87.5316, 13.3569], [-87.5293, 13.3575], [-87.5294, 13.359], [-87.5458, 13.352], [-87.5575, 13.3554], [-87.5499, 13.3618], [-87.558, 13.3562], [-87.5474, 13.3704], [-87.5443, 13.3669], [-87.5406, 13.3686], [-87.5412, 13.3663], [-87.5398, 13.3697], [-87.5436, 13.3704], [-87.5366, 13.3733], [-87.5392, 13.3699], [-87.5381, 13.3643], [-87.5346, 13.3662], [-87.5381, 13.3707], [-87.5323, 13.367], [-87.5232, 13.3671], [-87.5317, 13.3733], [-87.5278, 13.3713], [-87.5261, 13.3713], [-87.5186, 13.3751], [-87.5179, 13.3764], [-87.5179, 13.3794]]], [[[-87.5679, 13.3761], [-87.5601, 13.3714], [-87.5588, 13.3717], [-87.5587, 13.3743], [-87.5616, 13.3761], [-87.5595, 13.3781], [-87.5517, 13.3744], [-87.5555, 13.3727], [-87.5533, 13.3699], [-87.5605, 13.3669], [-87.5616, 13.3709], [-87.5682, 13.3691], [-87.571, 13.3709], [-87.5655, 13.3719], [-87.5679, 13.3761]]], [[[-87.4209, 13.3821], [-87.425, 13.3785], [-87.4202, 13.3774], [-87.4181, 13.3728], [-87.4201, 13.3746], [-87.422, 13.3742], [-87.4229, 13.3734], [-87.4231, 13.373], [-87.4178, 13.3714], [-87.4133, 13.3765], [-87.4078, 13.3735], [-87.4195, 13.3685], [-87.4247, 13.3579], [-87.4263, 13.3804], [-87.4209, 13.3821]]], [[[-87.4153, 13.3902], [-87.4181, 13.3866], [-87.4175, 13.3902], [-87.4153, 13.3902]]], [[[-87.4751, 13.3868], [-87.4606, 13.3892], [-87.4597, 13.3857], [-87.4602, 13.3832], [-87.4618, 13.3851], [-87.4635, 13.385], [-87.4712, 13.3792], [-87.4776, 13.3863], [-87.476, 13.3908], [-87.4751, 13.3868]]], [[[-87.4716, 13.3903], [-87.4723, 13.389], [-87.4731, 13.3909], [-87.4716, 13.3903]]], [[[-87.5143, 13.391], [-87.5133, 13.391], [-87.5154, 13.3899], [-87.5153, 13.3887], [-87.517, 13.3884], [-87.5143, 13.391]]], [[[-87.4713, 13.3915], [-87.4715, 13.3913], [-87.4715, 13.3915], [-87.4713, 13.3915]]], [[[-87.3815, 13.3915], [-87.382, 13.3917], [-87.3809, 13.392], [-87.3815, 13.3915]]], [[[-87.4732, 13.3923], [-87.4718, 13.3916], [-87.4731, 13.3915], [-87.4732, 13.3923]]], [[[-87.4134, 13.3874], [-87.4086, 13.3805], [-87.404, 13.3798], [-87.4037, 13.3752], [-87.4192, 13.3777], [-87.4112, 13.3927], [-87.4134, 13.3874]]], [[[-87.5867, 13.3924], [-87.5872, 13.3929], [-87.5867, 13.3935], [-87.5867, 13.3924]]], [[[-87.5007, 13.3859], [-87.4993, 13.3906], [-87.4993, 13.3912], [-87.5006, 13.3933], [-87.4993, 13.3937], [-87.498, 13.3908], [-87.5007, 13.3859]]], [[[-87.5758, 13.393], [-87.5774, 13.3926], [-87.5759, 13.3944], [-87.5758, 13.393]]], [[[-87.3791, 13.3951], [-87.3794, 13.3943], [-87.3793, 13.3952], [-87.3791, 13.3951]]], [[[-87.4848, 13.395], [-87.4769, 13.3736], [-87.4817, 13.375], [-87.4754, 13.37], [-87.4791, 13.3579], [-87.4905, 13.364], [-87.486, 13.3682], [-87.4882, 13.3763], [-87.4885, 13.3676], [-87.4937, 13.3685], [-87.4943, 13.3719], [-87.5004, 13.3752], [-87.5092, 13.3762], [-87.5067, 13.3793], [-87.502, 13.3771], [-87.4956, 13.3808], [-87.506, 13.38], [-87.4971, 13.3895], [-87.4941, 13.3866], [-87.4869, 13.3857], [-87.4929, 13.3894], [-87.4848, 13.395]]], [[[-87.4618, 13.3958], [-87.4531, 13.3894], [-87.4472, 13.3917], [-87.4479, 13.3842], [-87.4319, 13.3838], [-87.4388, 13.3778], [-87.4397, 13.3803], [-87.4401, 13.3797], [-87.4413, 13.3803], [-87.4426, 13.3803], [-87.4429, 13.3801], [-87.4418, 13.3746], [-87.4573, 13.3788], [-87.4684, 13.374], [-87.4749, 13.3803], [-87.4709, 13.3784], [-87.4598, 13.3826], [-87.4587, 13.3904], [-87.4682, 13.3883], [-87.471, 13.3914], [-87.4672, 13.3904], [-87.4641, 13.3914], [-87.4618, 13.3958]]], [[[-87.3808, 13.3951], [-87.3816, 13.3952], [-87.3808, 13.396], [-87.3808, 13.3951]]], [[[-87.4694, 13.3922], [-87.4684, 13.3946], [-87.4652, 13.3939], [-87.465, 13.3921], [-87.4694, 13.3922]]], [[[-87.513, 13.3961], [-87.5132, 13.3958], [-87.5134, 13.3958], [-87.513, 13.3961]]], [[[-87.5153, 13.3961], [-87.5154, 13.3959], [-87.5155, 13.396], [-87.5153, 13.3961]]], [[[-87.4885, 13.3963], [-87.4885, 13.3958], [-87.4888, 13.396], [-87.4885, 13.3963]]], [[[-87.4486, 13.3965], [-87.4527, 13.3909], [-87.4545, 13.3917], [-87.4486, 13.3965]]], [[[-87.3858, 13.3977], [-87.3843, 13.3962], [-87.3868, 13.3969], [-87.3858, 13.3977]]], [[[-87.4731, 13.3975], [-87.4708, 13.3931], [-87.4735, 13.3928], [-87.4748, 13.3874], [-87.4731, 13.3975]]], [[[-87.474, 13.3994], [-87.4741, 13.3984], [-87.4745, 13.3996], [-87.474, 13.3994]]], [[[-87.4754, 13.3985], [-87.4774, 13.3911], [-87.48, 13.3895], [-87.4811, 13.3957], [-87.4754, 13.3985]]], [[[-87.3764, 13.4], [-87.3718, 13.3944], [-87.3771, 13.3924], [-87.3795, 13.3967], [-87.3764, 13.4]]], [[[-87.4755, 13.3996], [-87.4758, 13.3995], [-87.4755, 13.4], [-87.4755, 13.3996]]], [[[-87.3735, 13.3998], [-87.3744, 13.3995], [-87.3746, 13.4], [-87.3735, 13.3998]]], [[[-87.3843, 13.394], [-87.3801, 13.3943], [-87.3913, 13.3852], [-87.3873, 13.3743], [-87.3943, 13.3688], [-87.4023, 13.3719], [-87.4017, 13.3792], [-87.395, 13.3744], [-87.3967, 13.3789], [-87.3923, 13.3769], [-87.3912, 13.3786], [-87.3988, 13.3807], [-87.3929, 13.3794], [-87.3914, 13.3827], [-87.4041, 13.3815], [-87.4065, 13.3842], [-87.4027, 13.3875], [-87.4027, 13.3891], [-87.4122, 13.386], [-87.4062, 13.3913], [-87.4149, 13.3972], [-87.3983, 13.401], [-87.3986, 13.3899], [-87.3975, 13.3883], [-87.3958, 13.3881], [-87.3964, 13.4017], [-87.3843, 13.394]]], [[[-87.8015, 13.4032], [-87.8018, 13.4038], [-87.8011, 13.4042], [-87.8015, 13.4032]]], [[[-87.4178, 13.404], [-87.4179, 13.3956], [-87.4117, 13.3935], [-87.4183, 13.3915], [-87.4241, 13.3829], [-87.4178, 13.404]]], [[[-87.6015, 13.4051], [-87.6026, 13.4026], [-87.6022, 13.4056], [-87.6015, 13.4051]]], [[[-87.4882, 13.4062], [-87.4904, 13.4057], [-87.4887, 13.4066], [-87.4882, 13.4062]]], [[[-87.4447, 13.4065], [-87.4463, 13.4066], [-87.4444, 13.4067], [-87.4447, 13.4065]]], [[[-87.4775, 13.4063], [-87.4726, 13.4011], [-87.4708, 13.4007], [-87.4768, 13.4019], [-87.4779, 13.3986], [-87.4775, 13.4063]]], [[[-87.4529, 13.4054], [-87.4412, 13.4049], [-87.4494, 13.4026], [-87.4529, 13.4054]]], [[[-87.4609, 13.4078], [-87.4642, 13.3938], [-87.4712, 13.3983], [-87.4609, 13.4078]]], [[[-87.487, 13.4028], [-87.4799, 13.408], [-87.4845, 13.4017], [-87.487, 13.4028]]], [[[-87.4742, 13.4051], [-87.4677, 13.4087], [-87.463, 13.4089], [-87.4742, 13.4051]]], [[[-87.4761, 13.4099], [-87.4778, 13.4087], [-87.4762, 13.4105], [-87.4761, 13.4099]]], [[[-87.3916, 13.4112], [-87.392, 13.4045], [-87.4038, 13.4044], [-87.3953, 13.4076], [-87.3916, 13.4112]]], [[[-87.6795, 13.4136], [-87.6812, 13.4124], [-87.6813, 13.4129], [-87.6795, 13.4136]]], [[[-87.4531, 13.4135], [-87.4448, 13.4111], [-87.4512, 13.411], [-87.4499, 13.4093], [-87.4541, 13.4066], [-87.4537, 13.4025], [-87.4356, 13.4007], [-87.4312, 13.3898], [-87.4412, 13.3863], [-87.4473, 13.3978], [-87.4594, 13.3952], [-87.4599, 13.4087], [-87.4531, 13.4135]]], [[[-87.4572, 13.4118], [-87.4599, 13.4141], [-87.457, 13.4139], [-87.4572, 13.4118]]], [[[-87.6642, 13.4101], [-87.6701, 13.4099], [-87.668, 13.416], [-87.6671, 13.4157], [-87.6642, 13.4101]]], [[[-87.4116, 13.4128], [-87.4115, 13.4173], [-87.4082, 13.4177], [-87.4074, 13.4167], [-87.4116, 13.4128]]], [[[-87.4203, 13.418], [-87.4207, 13.4182], [-87.4203, 13.4185], [-87.4203, 13.418]]], [[[-87.4679, 13.415], [-87.4757, 13.4102], [-87.4815, 13.4156], [-87.475, 13.4151], [-87.4736, 13.4186], [-87.4679, 13.415]]], [[[-87.5877, 13.4173], [-87.5858, 13.4084], [-87.585, 13.4082], [-87.5828, 13.4101], [-87.5819, 13.4097], [-87.5821, 13.4063], [-87.5805, 13.4018], [-87.5882, 13.3993], [-87.5882, 13.3872], [-87.6173, 13.3755], [-87.6113, 13.3929], [-87.6012, 13.3965], [-87.598, 13.4071], [-87.599, 13.4113], [-87.5967, 13.4146], [-87.5961, 13.418], [-87.5943, 13.4171], [-87.5913, 13.4171], [-87.587, 13.4188], [-87.5877, 13.4173]]], [[[-87.4664, 13.4178], [-87.4594, 13.4172], [-87.4629, 13.4104], [-87.4677, 13.4101], [-87.4664, 13.4178]]], [[[-87.6264, 13.4202], [-87.6286, 13.4198], [-87.6262, 13.4204], [-87.6264, 13.4202]]], [[[-87.604, 13.4234], [-87.5966, 13.4162], [-87.5993, 13.4121], [-87.5994, 13.4065], [-87.6071, 13.4101], [-87.6078, 13.402], [-87.6303, 13.4159], [-87.6254, 13.4203], [-87.6197, 13.418], [-87.604, 13.4234]]], [[[-87.6771, 13.4236], [-87.6771, 13.4227], [-87.678, 13.4239], [-87.6771, 13.4236]]], [[[-87.6752, 13.424], [-87.6755, 13.4233], [-87.6756, 13.424], [-87.6752, 13.424]]], [[[-87.4605, 13.4247], [-87.4564, 13.4214], [-87.4605, 13.4198], [-87.4605, 13.4247]]], [[[-87.4778, 13.4266], [-87.4791, 13.4194], [-87.4747, 13.4163], [-87.4774, 13.4154], [-87.4794, 13.4187], [-87.4844, 13.4206], [-87.4821, 13.4212], [-87.4809, 13.4232], [-87.4818, 13.4242], [-87.4806, 13.4248], [-87.4804, 13.4256], [-87.478, 13.4258], [-87.4778, 13.4266]]], [[[-87.4776, 13.4278], [-87.4788, 13.4271], [-87.4788, 13.4281], [-87.4776, 13.4278]]], [[[-87.6213, 13.4295], [-87.6214, 13.4283], [-87.6221, 13.429], [-87.6213, 13.4295]]], [[[-87.6805, 13.4279], [-87.672, 13.4308], [-87.6714, 13.4232], [-87.6805, 13.4279]]], [[[-87.6525, 13.4331], [-87.653, 13.4326], [-87.6536, 13.4337], [-87.6525, 13.4331]]], [[[-87.6721, 13.4327], [-87.6549, 13.4338], [-87.6522, 13.4283], [-87.6597, 13.4282], [-87.6602, 13.4312], [-87.661, 13.4313], [-87.6621, 13.4306], [-87.6595, 13.4278], [-87.6523, 13.4265], [-87.6503, 13.4198], [-87.6537, 13.4077], [-87.6592, 13.4196], [-87.6615, 13.419], [-87.656, 13.4079], [-87.6599, 13.4042], [-87.6594, 13.4103], [-87.6758, 13.4224], [-87.6715, 13.4229], [-87.6707, 13.4239], [-87.6721, 13.4327]]], [[[-87.6579, 13.4355], [-87.6592, 13.4343], [-87.6598, 13.4355], [-87.6579, 13.4355]]], [[[-87.653, 13.4424], [-87.6558, 13.4403], [-87.6568, 13.4417], [-87.653, 13.4424]]], [[[-87.6848, 13.4447], [-87.6864, 13.4441], [-87.6848, 13.4462], [-87.6848, 13.4447]]], [[[-87.6075, 13.4513], [-87.6132, 13.4315], [-87.6108, 13.4272], [-87.6079, 13.4262], [-87.608, 13.4239], [-87.6163, 13.4195], [-87.6193, 13.419], [-87.6231, 13.4202], [-87.622, 13.4283], [-87.6197, 13.4271], [-87.6174, 13.4229], [-87.6166, 13.4226], [-87.6227, 13.4433], [-87.6075, 13.4513]]], [[[-87.6204, 13.4477], [-87.6143, 13.453], [-87.6131, 13.452], [-87.6151, 13.4502], [-87.6204, 13.4477]]], [[[-87.616, 13.4517], [-87.62, 13.4514], [-87.615, 13.4537], [-87.616, 13.4517]]], [[[-87.6164, 13.4554], [-87.6201, 13.4571], [-87.6158, 13.4582], [-87.6164, 13.4554]]], [[[-87.6136, 13.4581], [-87.6082, 13.456], [-87.6151, 13.455], [-87.6136, 13.4581]]], [[[-87.6219, 13.4591], [-87.6211, 13.4586], [-87.6223, 13.4586], [-87.6219, 13.4591]]], [[[-87.6191, 13.4599], [-87.6179, 13.4589], [-87.6197, 13.4589], [-87.6191, 13.4599]]], [[[-87.6205, 13.46], [-87.6199, 13.4593], [-87.6206, 13.4596], [-87.6205, 13.46]]], [[[-87.6026, 13.4606], [-87.6047, 13.4573], [-87.611, 13.4529], [-87.6136, 13.4542], [-87.6076, 13.4557], [-87.6026, 13.4606]]], [[[-87.6196, 13.4614], [-87.616, 13.4617], [-87.6138, 13.4607], [-87.6196, 13.4614]]], [[[-87.6673, 13.4685], [-87.6659, 13.4687], [-87.6657, 13.4667], [-87.6673, 13.4685]]], [[[-87.6293, 13.483], [-87.6294, 13.4825], [-87.6296, 13.4829], [-87.6293, 13.483]]], [[[-87.6821, 13.8331], [-87.674, 13.823], [-87.6505, 13.8229], [-87.655, 13.739], [-87.6344, 13.7432], [-87.5887, 13.7165], [-87.549, 13.7204], [-87.5224, 13.6943], [-87.4615, 13.6721], [-87.4553, 13.6591], [-87.4142, 13.6362], [-87.4302, 13.5909], [-87.4177, 13.5862], [-87.4159, 13.5714], [-87.3964, 13.537], [-87.3614, 13.5188], [-87.3672, 13.4778], [-87.3416, 13.4414], [-87.3557, 13.4029], [-87.3717, 13.3946], [-87.368, 13.4001], [-87.3725, 13.4056], [-87.372, 13.4005], [-87.3807, 13.4007], [-87.3794, 13.4083], [-87.3839, 13.3963], [-87.3914, 13.404], [-87.3869, 13.4072], [-87.3908, 13.4151], [-87.3988, 13.4077], [-87.3946, 13.4147], [-87.4, 13.4191], [-87.4158, 13.4218], [-87.4196, 13.4159], [-87.4194, 13.4193], [-87.4253, 13.4195], [-87.4204, 13.4225], [-87.4274, 13.4269], [-87.4256, 13.4187], [-87.4219, 13.4165], [-87.4288, 13.4135], [-87.4269, 13.4075], [-87.4306, 13.4111], [-87.4357, 13.4113], [-87.4313, 13.4143], [-87.4325, 13.4145], [-87.4322, 13.4163], [-87.4332, 13.4172], [-87.4329, 13.4183], [-87.4335, 13.4203], [-87.4341, 13.4207], [-87.4364, 13.4129], [-87.4363, 13.4114], [-87.4348, 13.4093], [-87.4275, 13.4062], [-87.4209, 13.4139], [-87.4291, 13.3974], [-87.43, 13.4054], [-87.4327, 13.4012], [-87.4374, 13.4096], [-87.4367, 13.4046], [-87.443, 13.4075], [-87.4385, 13.4118], [-87.4427, 13.4177], [-87.4371, 13.4153], [-87.4345, 13.4206], [-87.4359, 13.4219], [-87.4427, 13.4186], [-87.4436, 13.4154], [-87.4416, 13.4118], [-87.4432, 13.4088], [-87.4454, 13.4149], [-87.4596, 13.4184], [-87.4547, 13.4211], [-87.4571, 13.4262], [-87.4621, 13.4243], [-87.4612, 13.4197], [-87.4682, 13.4175], [-87.4746, 13.4198], [-87.4747, 13.4291], [-87.4797, 13.4293], [-87.4792, 13.4273], [-87.4781, 13.426], [-87.4804, 13.4258], [-87.482, 13.4245], [-87.482, 13.4226], [-87.484, 13.4282], [-87.4866, 13.4298], [-87.4823, 13.4216], [-87.4845, 13.4213], [-87.485, 13.4229], [-87.4862, 13.4236], [-87.4869, 13.4235], [-87.4905, 13.4189], [-87.4799, 13.4183], [-87.4791, 13.4158], [-87.4831, 13.4179], [-87.4841, 13.4175], [-87.485, 13.4182], [-87.4867, 13.4185], [-87.4871, 13.4182], [-87.479, 13.4089], [-87.4945, 13.4071], [-87.4949, 13.4078], [-87.4936, 13.4077], [-87.4925, 13.4081], [-87.4921, 13.4091], [-87.4947, 13.4112], [-87.4923, 13.4088], [-87.4952, 13.408], [-87.4949, 13.4069], [-87.4894, 13.4066], [-87.4968, 13.4025], [-87.5005, 13.4102], [-87.5042, 13.4138], [-87.5057, 13.4142], [-87.5058, 13.4138], [-87.496, 13.3999], [-87.4875, 13.406], [-87.487, 13.4016], [-87.4793, 13.3991], [-87.4907, 13.3968], [-87.4948, 13.3889], [-87.4978, 13.3903], [-87.498, 13.393], [-87.4999, 13.3942], [-87.5008, 13.3934], [-87.5008, 13.3929], [-87.4995, 13.3901], [-87.5021, 13.3875], [-87.5041, 13.3879], [-87.5021, 13.3892], [-87.5023, 13.39], [-87.5043, 13.391], [-87.5026, 13.3928], [-87.5033, 13.3945], [-87.505, 13.3964], [-87.5062, 13.3954], [-87.5063, 13.3973], [-87.5074, 13.3972], [-87.5079, 13.3963], [-87.5029, 13.3931], [-87.5048, 13.3911], [-87.5026, 13.3896], [-87.5045, 13.3877], [-87.5025, 13.3864], [-87.5105, 13.3842], [-87.511, 13.3712], [-87.5168, 13.381], [-87.5124, 13.3873], [-87.5123, 13.3927], [-87.518, 13.3948], [-87.5176, 13.3968], [-87.516, 13.3959], [-87.513, 13.3954], [-87.5129, 13.3963], [-87.5169, 13.3971], [-87.5174, 13.397], [-87.5178, 13.3967], [-87.5182, 13.3946], [-87.5128, 13.3924], [-87.5177, 13.3881], [-87.528, 13.3935], [-87.5249, 13.3846], [-87.5133, 13.3878], [-87.5264, 13.3718], [-87.5241, 13.3778], [-87.525, 13.3799], [-87.5261, 13.3811], [-87.5321, 13.3793], [-87.5305, 13.383], [-87.5321, 13.3839], [-87.5311, 13.385], [-87.531, 13.3855], [-87.5315, 13.386], [-87.5324, 13.3838], [-87.531, 13.3829], [-87.533, 13.379], [-87.5247, 13.3784], [-87.5302, 13.374], [-87.5357, 13.3737], [-87.5378, 13.3758], [-87.5363, 13.3787], [-87.5368, 13.3804], [-87.5469, 13.3723], [-87.5471, 13.3753], [-87.5536, 13.3813], [-87.55, 13.3831], [-87.5469, 13.3785], [-87.5457, 13.3776], [-87.5454, 13.3776], [-87.5499, 13.3836], [-87.5539, 13.3818], [-87.5533, 13.3794], [-87.5506, 13.3771], [-87.5551, 13.3782], [-87.5559, 13.3826], [-87.5496, 13.3871], [-87.5483, 13.3841], [-87.5429, 13.3819], [-87.5408, 13.3866], [-87.5445, 13.3884], [-87.5426, 13.3937], [-87.5437, 13.3944], [-87.5455, 13.3944], [-87.5441, 13.3959], [-87.5445, 13.3968], [-87.5461, 13.3973], [-87.5443, 13.3981], [-87.5414, 13.4029], [-87.5421, 13.4037], [-87.5463, 13.3975], [-87.5457, 13.3942], [-87.5429, 13.3935], [-87.5449, 13.3885], [-87.5427, 13.3857], [-87.5502, 13.3896], [-87.5621, 13.3756], [-87.567, 13.3763], [-87.5652, 13.3831], [-87.577, 13.3766], [-87.5694, 13.373], [-87.573, 13.3725], [-87.5707, 13.3664], [-87.5617, 13.3649], [-87.5637, 13.3607], [-87.5809, 13.3671], [-87.5856, 13.3642], [-87.586, 13.3703], [-87.5821, 13.3691], [-87.577, 13.3731], [-87.581, 13.3717], [-87.5822, 13.3742], [-87.5858, 13.3749], [-87.5869, 13.3743], [-87.5874, 13.3735], [-87.5874, 13.37], [-87.5897, 13.369], [-87.5873, 13.3695], [-87.5863, 13.3744], [-87.5823, 13.3739], [-87.5816, 13.3699], [-87.5863, 13.3708], [-87.5867, 13.3653], [-87.5857, 13.3637], [-87.5842, 13.3636], [-87.5802, 13.3664], [-87.5792, 13.363], [-87.5981, 13.3606], [-87.5907, 13.3518], [-87.5747, 13.3455], [-87.5832, 13.337], [-87.5752, 13.3255], [-87.586, 13.3055], [-87.5912, 13.3134], [-87.6079, 13.3092], [-87.6091, 13.3139], [-87.6165, 13.3079], [-87.6435, 13.3176], [-87.6589, 13.3342], [-87.6605, 13.3465], [-87.6524, 13.3511], [-87.6561, 13.366], [-87.646, 13.3616], [-87.6428, 13.3727], [-87.6369, 13.3745], [-87.6284, 13.3637], [-87.6142, 13.3671], [-87.6139, 13.3656], [-87.6126, 13.3638], [-87.6109, 13.363], [-87.6096, 13.3628], [-87.6139, 13.3665], [-87.6051, 13.3782], [-87.5917, 13.3773], [-87.5949, 13.3739], [-87.5986, 13.3658], [-87.5909, 13.3771], [-87.5865, 13.3765], [-87.5912, 13.3736], [-87.5915, 13.3715], [-87.5898, 13.3693], [-87.5898, 13.3742], [-87.5762, 13.3783], [-87.574, 13.3843], [-87.5878, 13.3796], [-87.593, 13.3827], [-87.585, 13.3825], [-87.5788, 13.385], [-87.5785, 13.3884], [-87.5834, 13.3926], [-87.5785, 13.3943], [-87.5772, 13.3971], [-87.5761, 13.396], [-87.5777, 13.3931], [-87.5774, 13.3917], [-87.5727, 13.3951], [-87.5773, 13.3975], [-87.5837, 13.3933], [-87.584, 13.3916], [-87.5789, 13.3863], [-87.5864, 13.3834], [-87.5853, 13.393], [-87.5873, 13.3986], [-87.5809, 13.4001], [-87.5796, 13.4029], [-87.5815, 13.4101], [-87.583, 13.4106], [-87.5857, 13.4089], [-87.5866, 13.4193], [-87.5893, 13.4188], [-87.5856, 13.4315], [-87.5939, 13.4174], [-87.613, 13.4313], [-87.6065, 13.4406], [-87.6068, 13.437], [-87.6047, 13.4352], [-87.6056, 13.4407], [-87.6069, 13.4407], [-87.609, 13.4376], [-87.6102, 13.4389], [-87.6059, 13.4511], [-87.6085, 13.4529], [-87.5987, 13.4608], [-87.5893, 13.459], [-87.5865, 13.4647], [-87.5819, 13.4641], [-87.5822, 13.4604], [-87.5806, 13.4593], [-87.5799, 13.4594], [-87.5782, 13.4606], [-87.5769, 13.4641], [-87.5735, 13.4671], [-87.5718, 13.4658], [-87.5738, 13.463], [-87.5735, 13.4611], [-87.5717, 13.4607], [-87.5704, 13.4611], [-87.57, 13.4621], [-87.5704, 13.4639], [-87.5698, 13.4646], [-87.5678, 13.463], [-87.5694, 13.465], [-87.5705, 13.4641], [-87.5702, 13.4618], [-87.5731, 13.4612], [-87.5714, 13.4657], [-87.5724, 13.467], [-87.5739, 13.4672], [-87.5779, 13.4631], [-87.5788, 13.4605], [-87.5807, 13.4597], [-87.5811, 13.4645], [-87.5768, 13.4688], [-87.5768, 13.474], [-87.5818, 13.4645], [-87.5869, 13.4653], [-87.5957, 13.4629], [-87.5997, 13.4646], [-87.5948, 13.47], [-87.6005, 13.4665], [-87.6004, 13.4648], [-87.5982, 13.4626], [-87.613, 13.4607], [-87.6221, 13.4667], [-87.6324, 13.466], [-87.638, 13.4737], [-87.6297, 13.4788], [-87.6288, 13.4817], [-87.6293, 13.4834], [-87.6383, 13.4759], [-87.6399, 13.485], [-87.6414, 13.4773], [-87.6355, 13.466], [-87.6422, 13.4614], [-87.6464, 13.4632], [-87.6425, 13.4734], [-87.6444, 13.4767], [-87.6508, 13.4799], [-87.6581, 13.4751], [-87.659, 13.4838], [-87.6696, 13.4919], [-87.672, 13.4911], [-87.6728, 13.4902], [-87.6742, 13.4915], [-87.6755, 13.4909], [-87.6602, 13.4841], [-87.6648, 13.4795], [-87.659, 13.4747], [-87.6558, 13.4737], [-87.6507, 13.4791], [-87.6438, 13.4745], [-87.6534, 13.4634], [-87.648, 13.4632], [-87.6471, 13.4555], [-87.6554, 13.4534], [-87.6606, 13.4609], [-87.6639, 13.4608], [-87.6598, 13.4637], [-87.6616, 13.4691], [-87.6569, 13.4694], [-87.6623, 13.4702], [-87.6658, 13.4648], [-87.6651, 13.4669], [-87.6658, 13.4695], [-87.672, 13.469], [-87.6734, 13.4667], [-87.6684, 13.4685], [-87.6667, 13.4646], [-87.6609, 13.4656], [-87.6652, 13.4608], [-87.6557, 13.4471], [-87.6786, 13.4325], [-87.6873, 13.4395], [-87.6877, 13.4418], [-87.6847, 13.4445], [-87.6847, 13.4465], [-87.6943, 13.4498], [-87.7024, 13.4471], [-87.6903, 13.4483], [-87.6873, 13.4363], [-87.6786, 13.4307], [-87.6841, 13.4321], [-87.6875, 13.4297], [-87.6907, 13.4317], [-87.6935, 13.4285], [-87.6927, 13.4296], [-87.6931, 13.434], [-87.6964, 13.4214], [-87.6913, 13.4307], [-87.687, 13.429], [-87.6831, 13.431], [-87.6846, 13.4234], [-87.6788, 13.4267], [-87.6787, 13.4234], [-87.6735, 13.42], [-87.6818, 13.4126], [-87.6808, 13.412], [-87.6792, 13.412], [-87.6716, 13.4142], [-87.6713, 13.4089], [-87.6579, 13.3939], [-87.6603, 13.3899], [-87.6722, 13.3948], [-87.6792, 13.3714], [-87.715, 13.3658], [-87.7187, 13.3578], [-87.7454, 13.3537], [-87.7654, 13.3771], [-87.7842, 13.3769], [-87.7982, 13.3845], [-87.804, 13.3971], [-87.8005, 13.4052], [-87.8006, 13.4074], [-87.8042, 13.3989], [-87.804, 13.3938], [-87.8167, 13.4072], [-87.7936, 13.4106], [-87.7844, 13.4281], [-87.7764, 13.4237], [-87.7588, 13.4397], [-87.7481, 13.4352], [-87.7408, 13.4429], [-87.7212, 13.4456], [-87.7223, 13.4601], [-87.7158, 13.4672], [-87.7242, 13.4926], [-87.7214, 13.5069], [-87.7364, 13.5124], [-87.7457, 13.5063], [-87.7545, 13.5189], [-87.763, 13.5083], [-87.7807, 13.511], [-87.7768, 13.5204], [-87.7938, 13.5238], [-87.7804, 13.5361], [-87.787, 13.5439], [-87.7786, 13.5678], [-87.7833, 13.5702], [-87.772, 13.5756], [-87.769, 13.5953], [-87.7538, 13.6045], [-87.7537, 13.6869], [-87.7324, 13.7155], [-87.7262, 13.735], [-87.7369, 13.7492], [-87.7173, 13.7705], [-87.708, 13.8036], [-87.7125, 13.8162], [-87.7423, 13.831], [-87.7085, 13.8403], [-87.6821, 13.8331]]]]}}, {"id": "17", "type": "Feature", "properties": {"adm1_code": "1438", "adm1_name": "Yoro"}, "geometry": {"type": "Polygon", "coordinates": [[[-87.7941, 15.7076], [-87.7873, 15.7087], [-87.7832, 15.7187], [-87.7814, 15.7008], [-87.7568, 15.697], [-87.747, 15.6808], [-87.7285, 15.6687], [-87.7072, 15.6657], [-87.705, 15.6538], [-87.6921, 15.644], [-87.6847, 15.5641], [-87.6757, 15.5456], [-87.6527, 15.5298], [-87.6388, 15.5078], [-87.585, 15.5061], [-87.5403, 15.5198], [-87.5283, 15.5107], [-87.4757, 15.5405], [-87.4654, 15.5275], [-87.4522, 15.5267], [-87.4574, 15.4937], [-87.4496, 15.4858], [-87.4555, 15.4796], [-87.4436, 15.4719], [-87.4422, 15.458], [-87.4206, 15.4485], [-87.4204, 15.442], [-87.4125, 15.4454], [-87.4135, 15.4386], [-87.403, 15.4301], [-87.3683, 15.4488], [-87.3513, 15.4444], [-87.3417, 15.4322], [-87.3198, 15.4392], [-87.2898, 15.4245], [-87.2796, 15.427], [-87.2465, 15.4132], [-87.2247, 15.4174], [-87.2127, 15.4103], [-87.1852, 15.4501], [-87.1412, 15.4483], [-87.1265, 15.4643], [-87.1097, 15.4653], [-87.0844, 15.4796], [-87.0779, 15.5024], [-87.0443, 15.5223], [-87.02, 15.5506], [-87.0073, 15.5425], [-86.9624, 15.5426], [-86.9418, 15.5573], [-86.9322, 15.5528], [-86.9087, 15.5563], [-86.8928, 15.5648], [-86.8857, 15.5639], [-86.8829, 15.5463], [-86.8589, 15.54], [-86.8411, 15.5533], [-86.8316, 15.5461], [-86.7959, 15.5407], [-86.7256, 15.5776], [-86.6696, 15.5985], [-86.6038, 15.5816], [-86.5644, 15.5877], [-86.5518, 15.5768], [-86.5011, 15.5887], [-86.4326, 15.5669], [-86.3946, 15.5367], [-86.3667, 15.5395], [-86.3593, 15.5465], [-86.3203, 15.5485], [-86.2799, 15.5406], [-86.2512, 15.522], [-86.2497, 15.5312], [-86.2277, 15.5328], [-86.2359, 15.5265], [-86.2241, 15.5051], [-86.2315, 15.4773], [-86.2262, 15.4661], [-86.2393, 15.4536], [-86.2301, 15.4423], [-86.2309, 15.4114], [-86.4081, 15.3157], [-86.4189, 15.3177], [-86.4383, 15.363], [-86.4585, 15.3638], [-86.471, 15.3897], [-86.5072, 15.399], [-86.5089, 15.3893], [-86.5322, 15.3783], [-86.5487, 15.383], [-86.5785, 15.3613], [-86.6258, 15.3442], [-86.644, 15.3286], [-86.6584, 15.3338], [-86.6741, 15.3286], [-86.6763, 15.2957], [-86.6914, 15.2837], [-86.692, 15.2754], [-86.7268, 15.2571], [-86.7795, 15.262], [-86.7876, 15.2802], [-86.8009, 15.2876], [-86.8194, 15.2692], [-86.8423, 15.2766], [-86.8456, 15.2623], [-86.8912, 15.2393], [-86.8949, 15.2225], [-86.8805, 15.1596], [-86.8905, 15.1356], [-86.8844, 15.1322], [-86.9028, 15.1101], [-86.9021, 15.094], [-86.9075, 15.0925], [-86.9043, 15.0709], [-86.9194, 15.0699], [-86.9418, 15.0579], [-86.9472, 15.0301], [-86.9879, 15.0345], [-87.014, 15.0036], [-87.055, 15.0132], [-87.1083, 15.0029], [-87.1368, 15.0189], [-87.1638, 15.02], [-87.1666, 15.0142], [-87.2004, 15.0108], [-87.2146, 14.9932], [-87.2125, 14.9556], [-87.2467, 14.926], [-87.236, 14.9086], [-87.2395, 14.8963], [-87.222, 14.8915], [-87.225, 14.8846], [-87.2195, 14.8757], [-87.2256, 14.8618], [-87.2873, 14.8927], [-87.3021, 14.9122], [-87.3127, 14.911], [-87.3231, 14.8985], [-87.3371, 14.916], [-87.367, 14.9143], [-87.383, 14.9248], [-87.3988, 14.9215], [-87.4251, 14.8933], [-87.4476, 14.8885], [-87.475, 14.8998], [-87.473, 14.9105], [-87.4778, 14.9136], [-87.4721, 14.9217], [-87.4821, 14.9308], [-87.4811, 14.9577], [-87.4934, 14.9571], [-87.4913, 14.9659], [-87.5097, 14.9716], [-87.5172, 14.9851], [-87.5187, 15.0167], [-87.5485, 15.0475], [-87.5697, 15.0457], [-87.5809, 15.0316], [-87.5957, 15.0315], [-87.591, 15.0193], [-87.6154, 15.0155], [-87.6259, 15.0023], [-87.6412, 15.015], [-87.6542, 15.0106], [-87.6742, 15.0163], [-87.7042, 15.0034], [-87.7433, 15.0045], [-87.737, 15.0109], [-87.7455, 15.0183], [-87.7522, 15.04], [-87.7479, 15.0664], [-87.7363, 15.0778], [-87.7426, 15.0935], [-87.7362, 15.1035], [-87.7722, 15.1336], [-87.7835, 15.1267], [-87.7998, 15.1294], [-87.7974, 15.1392], [-87.8038, 15.1472], [-87.8154, 15.1417], [-87.8215, 15.1511], [-87.8471, 15.1489], [-87.8482, 15.1624], [-87.8592, 15.1665], [-87.8658, 15.1795], [-87.8964, 15.1771], [-87.9221, 15.1879], [-87.9171, 15.195], [-87.9234, 15.1997], [-87.9178, 15.2098], [-87.9244, 15.2175], [-87.9205, 15.2298], [-87.9337, 15.2209], [-87.9367, 15.2397], [-87.9334, 15.2593], [-87.9152, 15.2594], [-87.9111, 15.2712], [-87.9261, 15.2768], [-87.9275, 15.2827], [-87.9194, 15.2906], [-87.9079, 15.2887], [-87.9181, 15.3078], [-87.8943, 15.3096], [-87.8877, 15.3303], [-87.8692, 15.3226], [-87.8676, 15.3295], [-87.8811, 15.332], [-87.8815, 15.337], [-87.8521, 15.3624], [-87.8434, 15.3907], [-87.8248, 15.3909], [-87.8289, 15.4183], [-87.8687, 15.4415], [-87.8402, 15.4467], [-87.8315, 15.4265], [-87.8153, 15.4452], [-87.817, 15.4597], [-87.8331, 15.4653], [-87.8293, 15.4816], [-87.8419, 15.4904], [-87.8336, 15.5057], [-87.8384, 15.518], [-87.8313, 15.5207], [-87.814, 15.5114], [-87.8233, 15.5399], [-87.807, 15.5519], [-87.8134, 15.5715], [-87.8034, 15.5743], [-87.7841, 15.5608], [-87.7808, 15.5674], [-87.7924, 15.5881], [-87.7743, 15.5892], [-87.7746, 15.606], [-87.7839, 15.6144], [-87.7825, 15.633], [-87.8157, 15.6365], [-87.8199, 15.6435], [-87.8158, 15.6596], [-87.8261, 15.6484], [-87.8374, 15.6556], [-87.833, 15.6743], [-87.8158, 15.6784], [-87.8151, 15.6844], [-87.8468, 15.6805], [-87.8346, 15.695], [-87.815, 15.7024], [-87.8111, 15.7213], [-87.8032, 15.7202], [-87.7941, 15.7076]]]}}]}