{"type": "FeatureCollection", "features": [{"id": "0", "type": "Feature", "properties": {"adm2_code": "17209", "adm2_name": "Arizona", "adm1_code": "1420", "adm1_name": "Atlantida"}, "geometry": {"type": "Polygon", "coordinates": [[[-87.373, 15.8481], [-87.3213, 15.8319], [-87.3371, 15.818], [-87.3351, 15.7991], [-87.3313, 15.7921], [-87.3203, 15.7903], [-87.316, 15.7723], [-87.308, 15.765], [-87.303, 15.7676], [-87.2985, 15.7562], [-87.3037, 15.7521], [-87.2961, 15.7534], [-87.3017, 15.7499], [-87.3004, 15.7361], [-87.3256, 15.7084], [-87.3193, 15.7024], [-87.3208, 15.6849], [-87.3281, 15.6794], [-87.3375, 15.6475], [-87.346, 15.6499], [-87.3547, 15.6313], [-87.3673, 15.6351], [-87.3689, 15.6219], [-87.3422, 15.6068], [-87.3199, 15.6107], [-87.3124, 15.6048], [-87.3067, 15.5845], [-87.3198, 15.4392], [-87.3402, 15.4319], [-87.3513, 15.4444], [-87.3717, 15.4485], [-87.403, 15.4301], [-87.4135, 15.4386], [-87.4125, 15.4454], [-87.4204, 15.442], [-87.4206, 15.4485], [-87.4422, 15.458], [-87.4436, 15.4719], [-87.4555, 15.4796], [-87.4496, 15.4858], [-87.4574, 15.4937], [-87.4522, 15.5267], [-87.4654, 15.5275], [-87.4757, 15.5405], [-87.4393, 15.566], [-87.4352, 15.578], [-87.4184, 15.5914], [-87.4249, 15.613], [-87.4024, 15.6632], [-87.4164, 15.7059], [-87.4309, 15.6928], [-87.4413, 15.722], [-87.4205, 15.7448], [-87.4125, 15.7635], [-87.3844, 15.788], [-87.3864, 15.8286], [-87.3768, 15.8211], [-87.3833, 15.8316], [-87.373, 15.8481]]]}}, {"id": "1", "type": "Feature", "properties": {"adm2_code": "17210", "adm2_name": "El Porvenir", "adm1_code": "1420", "adm1_name": "Atlantida"}, "geometry": {"type": "Polygon", "coordinates": [[[-87.0131, 15.7766], [-86.9512, 15.76], [-86.9509, 15.7594], [-86.9481, 15.7588], [-86.9492, 15.7557], [-86.9484, 15.7536], [-86.9468, 15.7527], [-86.9474, 15.7585], [-86.9481, 15.7593], [-86.9507, 15.7599], [-86.9232, 15.756], [-86.9039, 15.7426], [-86.8977, 15.7106], [-86.8834, 15.6836], [-86.8869, 15.6581], [-86.8826, 15.6469], [-86.8876, 15.6284], [-86.896, 15.6283], [-86.9036, 15.6119], [-86.9183, 15.6068], [-86.9004, 15.5762], [-86.9027, 15.5575], [-86.9322, 15.5528], [-86.9418, 15.5573], [-86.9624, 15.5426], [-87.0153, 15.5447], [-86.9887, 15.5742], [-86.9899, 15.5859], [-87.0007, 15.5949], [-86.9956, 15.608], [-87.0022, 15.6255], [-86.9983, 15.6347], [-87.0041, 15.638], [-86.9937, 15.6523], [-87.0018, 15.6605], [-86.9957, 15.6649], [-86.9902, 15.6942], [-87.0213, 15.6886], [-87.0376, 15.6927], [-87.0468, 15.7093], [-87.0435, 15.7278], [-87.052, 15.7439], [-87.0327, 15.7632], [-87.0533, 15.7768], [-87.0131, 15.7766]]]}}, {"id": "2", "type": "Feature", "properties": {"adm2_code": "17211", "adm2_name": "Esparta", "adm1_code": "1420", "adm1_name": "Atlantida"}, "geometry": {"type": "Polygon", "coordinates": [[[-87.3182, 15.8323], [-87.2186, 15.8032], [-87.2375, 15.8007], [-87.2361, 15.793], [-87.2369, 15.7993], [-87.2194, 15.7971], [-87.218, 15.8032], [-87.1605, 15.7925], [-87.1556, 15.7755], [-87.1649, 15.752], [-87.1618, 15.7142], [-87.1754, 15.6827], [-87.1915, 15.671], [-87.1901, 15.6634], [-87.2052, 15.6634], [-87.213, 15.6527], [-87.2289, 15.6553], [-87.2292, 15.6479], [-87.2497, 15.6355], [-87.2376, 15.6076], [-87.2448, 15.6064], [-87.2479, 15.5939], [-87.2393, 15.568], [-87.2518, 15.548], [-87.2421, 15.5039], [-87.2509, 15.4915], [-87.249, 15.4807], [-87.2569, 15.476], [-87.2562, 15.4552], [-87.2633, 15.4376], [-87.2542, 15.4164], [-87.282, 15.4276], [-87.3032, 15.4282], [-87.3198, 15.4392], [-87.3063, 15.5916], [-87.3199, 15.6107], [-87.3422, 15.6068], [-87.3689, 15.6219], [-87.3673, 15.6351], [-87.3547, 15.6313], [-87.346, 15.6499], [-87.3375, 15.6475], [-87.3281, 15.6794], [-87.3208, 15.6849], [-87.3193, 15.7024], [-87.3256, 15.7084], [-87.3004, 15.7361], [-87.3017, 15.7499], [-87.2961, 15.7534], [-87.3037, 15.7521], [-87.2985, 15.7562], [-87.303, 15.7676], [-87.308, 15.765], [-87.316, 15.7723], [-87.3203, 15.7903], [-87.3313, 15.7921], [-87.3351, 15.7991], [-87.3371, 15.818], [-87.3182, 15.8323]]]}}, {"id": "3", "type": "Feature", "properties": {"adm2_code": "17212", "adm2_name": "La Ceiba", "adm1_code": "1420", "adm1_name": "Atlantida"}, "geometry": {"type": "Polygon", "coordinates": [[[-86.7643, 15.7976], [-86.7619, 15.786], [-86.7601, 15.7997], [-86.7103, 15.787], [-86.6268, 15.7963], [-86.6314, 15.7484], [-86.6552, 15.7211], [-86.6386, 15.6938], [-86.6482, 15.6783], [-86.6381, 15.6398], [-86.642, 15.6078], [-86.7256, 15.5776], [-86.7959, 15.5407], [-86.8316, 15.5461], [-86.8369, 15.5531], [-86.8589, 15.54], [-86.8829, 15.5463], [-86.8857, 15.5639], [-86.8998, 15.5595], [-86.9004, 15.5762], [-86.9183, 15.6068], [-86.9036, 15.6119], [-86.896, 15.6283], [-86.8871, 15.6294], [-86.8834, 15.6836], [-86.8977, 15.7106], [-86.9039, 15.7426], [-86.9232, 15.756], [-86.8982, 15.7526], [-86.8843, 15.7634], [-86.8323, 15.7671], [-86.7787, 15.7991], [-86.7643, 15.7976]]]}}, {"id": "4", "type": "Feature", "properties": {"adm2_code": "17213", "adm2_name": "La Masica", "adm1_code": "1420", "adm1_name": "Atlantida"}, "geometry": {"type": "Polygon", "coordinates": [[[-87.0999, 15.7871], [-87.102, 15.7693], [-87.1096, 15.7658], [-87.1302, 15.7301], [-87.1379, 15.6861], [-87.1278, 15.6836], [-87.1097, 15.6634], [-87.1071, 15.6392], [-87.0978, 15.6223], [-87.1008, 15.5798], [-87.0918, 15.5734], [-87.098, 15.5671], [-87.0891, 15.5672], [-87.0946, 15.5549], [-87.0845, 15.5441], [-87.0865, 15.528], [-87.0754, 15.5197], [-87.0829, 15.4812], [-87.1097, 15.4653], [-87.1265, 15.4643], [-87.1412, 15.4483], [-87.1852, 15.4501], [-87.2109, 15.4108], [-87.2258, 15.4175], [-87.2492, 15.4138], [-87.2633, 15.4376], [-87.2562, 15.4552], [-87.2569, 15.476], [-87.249, 15.4807], [-87.2509, 15.4915], [-87.2421, 15.5039], [-87.2518, 15.548], [-87.2393, 15.568], [-87.2479, 15.5939], [-87.2448, 15.6064], [-87.2378, 15.6062], [-87.238, 15.6154], [-87.2497, 15.6355], [-87.2292, 15.6479], [-87.2289, 15.6553], [-87.213, 15.6527], [-87.2052, 15.6634], [-87.1901, 15.6634], [-87.1915, 15.671], [-87.1667, 15.6972], [-87.159, 15.7286], [-87.1649, 15.752], [-87.1556, 15.7755], [-87.1605, 15.7925], [-87.0999, 15.7871]]]}}, {"id": "5", "type": "Feature", "properties": {"adm2_code": "17214", "adm2_name": "San Francisco", "adm1_code": "1420", "adm1_name": "Atlantida"}, "geometry": {"type": "Polygon", "coordinates": [[[-87.0533, 15.7768], [-87.0327, 15.7632], [-87.052, 15.7439], [-87.0435, 15.7278], [-87.0468, 15.7093], [-87.0376, 15.6927], [-87.0213, 15.6886], [-86.9902, 15.6942], [-86.9957, 15.6649], [-87.0018, 15.6605], [-86.9937, 15.6523], [-87.0041, 15.638], [-86.9983, 15.6347], [-87.0022, 15.6255], [-86.9956, 15.608], [-87.0007, 15.5949], [-86.9899, 15.5859], [-86.9887, 15.5742], [-87.0153, 15.5447], [-87.02, 15.5506], [-87.0443, 15.5223], [-87.0756, 15.5043], [-87.0763, 15.5244], [-87.0865, 15.528], [-87.0845, 15.5441], [-87.0946, 15.5549], [-87.0891, 15.5672], [-87.098, 15.5671], [-87.0918, 15.5734], [-87.1008, 15.5798], [-87.0954, 15.6124], [-87.1071, 15.6392], [-87.1097, 15.6634], [-87.1278, 15.6836], [-87.1374, 15.6842], [-87.138, 15.6922], [-87.1302, 15.7301], [-87.1096, 15.7658], [-87.102, 15.7693], [-87.0999, 15.7871], [-87.0533, 15.7768]]]}}, {"id": "6", "type": "Feature", "properties": {"adm2_code": "17215", "adm2_name": "Tela", "adm1_code": "1420", "adm1_name": "Atlantida"}, "geometry": {"type": "MultiPolygon", "coordinates": [[[[-87.5616, 15.8121], [-87.56, 15.8113], [-87.5605, 15.8106], [-87.5616, 15.8121]]], [[[-87.5645, 15.8142], [-87.5651, 15.8137], [-87.5651, 15.8142], [-87.5645, 15.8142]]], [[[-87.5709, 15.8147], [-87.5704, 15.8139], [-87.5715, 15.8144], [-87.5709, 15.8147]]], [[[-87.5779, 15.8177], [-87.5768, 15.8172], [-87.5779, 15.8175], [-87.5779, 15.8177]]], [[[-87.5862, 15.8314], [-87.5861, 15.8303], [-87.587, 15.8314], [-87.5862, 15.8314]]], [[[-87.5997, 15.8318], [-87.5988, 15.8313], [-87.5995, 15.8311], [-87.5997, 15.8318]]], [[[-87.5875, 15.8316], [-87.5883, 15.8311], [-87.5888, 15.8319], [-87.5875, 15.8316]]], [[[-87.596, 15.8326], [-87.5968, 15.8326], [-87.5963, 15.8332], [-87.596, 15.8326]]], [[[-87.6064, 15.8334], [-87.5939, 15.837], [-87.6016, 15.8308], [-87.6064, 15.8334]]], [[[-87.6032, 15.8411], [-87.6021, 15.8401], [-87.6035, 15.8398], [-87.6032, 15.8411]]], [[[-87.5883, 15.8409], [-87.587, 15.8401], [-87.5883, 15.8406], [-87.5883, 15.8409]]], [[[-87.5985, 15.853], [-87.5979, 15.8502], [-87.5998, 15.8532], [-87.5985, 15.853]]], [[[-87.7392, 15.9103], [-87.7393, 15.9098], [-87.7393, 15.9102], [-87.7392, 15.9103]]], [[[-87.6009, 15.928], [-87.6189, 15.9101], [-87.629, 15.9052], [-87.6174, 15.8769], [-87.5883, 15.8443], [-87.5998, 15.8543], [-87.6009, 15.8519], [-87.5993, 15.8478], [-87.5954, 15.846], [-87.5974, 15.8424], [-87.6125, 15.8434], [-87.6292, 15.8163], [-87.6262, 15.7957], [-87.6365, 15.772], [-87.623, 15.7714], [-87.6142, 15.779], [-87.6017, 15.7757], [-87.5908, 15.7883], [-87.5812, 15.7706], [-87.5408, 15.7731], [-87.5274, 15.7661], [-87.5085, 15.7659], [-87.549, 15.7763], [-87.5968, 15.8221], [-87.6013, 15.8282], [-87.592, 15.8326], [-87.5875, 15.8218], [-87.5608, 15.8058], [-87.5581, 15.8086], [-87.5587, 15.8165], [-87.5878, 15.843], [-87.5202, 15.794], [-87.5242, 15.7877], [-87.5142, 15.779], [-87.5036, 15.7747], [-87.5203, 15.7871], [-87.5201, 15.7934], [-87.487, 15.7827], [-87.4545, 15.7833], [-87.4578, 15.777], [-87.4521, 15.7778], [-87.4542, 15.7807], [-87.4541, 15.7826], [-87.4545, 15.7835], [-87.4548, 15.7835], [-87.4329, 15.8027], [-87.431, 15.8141], [-87.4029, 15.8153], [-87.3864, 15.8286], [-87.3844, 15.788], [-87.4399, 15.7282], [-87.4323, 15.6948], [-87.423, 15.6954], [-87.4164, 15.7059], [-87.4024, 15.6632], [-87.4249, 15.613], [-87.4184, 15.5914], [-87.4352, 15.578], [-87.4393, 15.566], [-87.4792, 15.5367], [-87.4904, 15.5363], [-87.5014, 15.5221], [-87.5283, 15.5107], [-87.5403, 15.5198], [-87.585, 15.5061], [-87.6283, 15.504], [-87.6388, 15.5078], [-87.6527, 15.5298], [-87.6771, 15.5476], [-87.6908, 15.5912], [-87.6921, 15.644], [-87.705, 15.6538], [-87.7072, 15.6657], [-87.7285, 15.6687], [-87.747, 15.6808], [-87.7568, 15.697], [-87.7832, 15.7028], [-87.7844, 15.7273], [-87.7649, 15.7337], [-87.7808, 15.7683], [-87.7927, 15.7557], [-87.7895, 15.7715], [-87.7978, 15.7848], [-87.8087, 15.7853], [-87.8036, 15.8084], [-87.7887, 15.8064], [-87.7927, 15.8231], [-87.7784, 15.8184], [-87.7802, 15.8406], [-87.7744, 15.8442], [-87.781, 15.8569], [-87.7587, 15.8819], [-87.7483, 15.8781], [-87.7394, 15.8839], [-87.7381, 15.9112], [-87.7286, 15.9108], [-87.7285, 15.9002], [-87.7273, 15.912], [-87.7381, 15.9123], [-87.7321, 15.9199], [-87.7193, 15.9193], [-87.7193, 15.9181], [-87.7259, 15.9144], [-87.7271, 15.9122], [-87.7249, 15.9144], [-87.7249, 15.9008], [-87.7229, 15.8963], [-87.7175, 15.8918], [-87.7245, 15.8845], [-87.7246, 15.8825], [-87.7177, 15.8776], [-87.7186, 15.8706], [-87.7149, 15.8748], [-87.7238, 15.884], [-87.7161, 15.8915], [-87.7235, 15.8977], [-87.7244, 15.9134], [-87.715, 15.9192], [-87.6542, 15.8907], [-87.6568, 15.8869], [-87.6462, 15.8951], [-87.6534, 15.8825], [-87.64, 15.8706], [-87.631, 15.8748], [-87.6316, 15.881], [-87.6398, 15.9066], [-87.6439, 15.8979], [-87.6465, 15.8966], [-87.6437, 15.9062], [-87.6364, 15.9103], [-87.6329, 15.9052], [-87.6258, 15.918], [-87.6229, 15.914], [-87.6194, 15.9212], [-87.6009, 15.928]]], [[[-87.5981, 15.9285], [-87.5987, 15.928], [-87.5987, 15.9285], [-87.5981, 15.9285]]]]}}, {"id": "7", "type": "Feature", "properties": {"adm2_code": "17216", "adm2_name": "Apacilagua", "adm1_code": "1421", "adm1_name": "Choluteca"}, "geometry": {"type": "Polygon", "coordinates": [[[-86.9377, 13.4766], [-86.9263, 13.4622], [-86.9598, 13.3932], [-86.9693, 13.3866], [-86.9734, 13.3949], [-87.0107, 13.3862], [-87.0442, 13.3917], [-87.0558, 13.38], [-87.078, 13.3885], [-87.0806, 13.395], [-87.0945, 13.3891], [-87.1106, 13.4024], [-87.1133, 13.4139], [-87.0894, 13.4423], [-87.0929, 13.4543], [-87.0816, 13.5059], [-87.0607, 13.4994], [-87.0513, 13.516], [-87.0271, 13.5187], [-87.0254, 13.5344], [-87.0147, 13.5399], [-86.9936, 13.508], [-86.9691, 13.4865], [-86.9377, 13.4766]]]}}, {"id": "8", "type": "Feature", "properties": {"adm2_code": "17217", "adm2_name": "Choluteca", "adm1_code": "1421", "adm1_name": "Choluteca"}, "geometry": {"type": "Polygon", "coordinates": [[[-87.3614, 13.5188], [-87.2949, 13.4819], [-87.2186, 13.5027], [-87.183, 13.493], [-87.1304, 13.4605], [-87.1396, 13.4512], [-87.1365, 13.4045], [-87.1121, 13.403], [-87.0945, 13.3891], [-87.0806, 13.395], [-87.078, 13.3885], [-87.0558, 13.38], [-87.0442, 13.3917], [-87.037, 13.3921], [-87.0333, 13.3892], [-87.0436, 13.3684], [-87.0594, 13.3626], [-87.0596, 13.3695], [-87.0726, 13.3663], [-87.0842, 13.3524], [-87.0969, 13.3509], [-87.1041, 13.3336], [-87.1212, 13.3327], [-87.1318, 13.3188], [-87.1417, 13.2984], [-87.121, 13.284], [-87.1098, 13.256], [-87.1457, 13.2457], [-87.1886, 13.1914], [-87.1873, 13.1809], [-87.2051, 13.1541], [-87.2177, 13.1445], [-87.1871, 13.1357], [-87.1798, 13.1238], [-87.1571, 13.1099], [-87.153, 13.0996], [-87.1603, 13.0811], [-87.1486, 13.0731], [-87.1528, 13.0626], [-87.1361, 13.0607], [-87.1291, 13.0184], [-87.1067, 12.9983], [-87.3108, 12.9827], [-87.2987, 13.0151], [-87.2817, 13.0265], [-87.3091, 13.0227], [-87.3326, 13.0344], [-87.3678, 13.0782], [-87.3407, 13.0915], [-87.3223, 13.1125], [-87.3092, 13.114], [-87.3161, 13.1294], [-87.3273, 13.1267], [-87.3271, 13.1392], [-87.3176, 13.1444], [-87.327, 13.1507], [-87.3149, 13.1574], [-87.3266, 13.1594], [-87.3204, 13.1672], [-87.3395, 13.1973], [-87.3223, 13.2143], [-87.307, 13.2161], [-87.2995, 13.2402], [-87.2865, 13.2426], [-87.2952, 13.2565], [-87.2707, 13.2688], [-87.2803, 13.2919], [-87.2687, 13.2992], [-87.2576, 13.319], [-87.2591, 13.3324], [-87.2781, 13.3408], [-87.2872, 13.3604], [-87.317, 13.3588], [-87.3356, 13.3746], [-87.3749, 13.3922], [-87.3557, 13.4029], [-87.3416, 13.4405], [-87.3672, 13.4778], [-87.3614, 13.5188]]]}}, {"id": "9", "type": "Feature", "properties": {"adm2_code": "17218", "adm2_name": "Concepcion De Maria", "adm1_code": "1421", "adm1_name": "Choluteca"}, "geometry": {"type": "Polygon", "coordinates": [[[-86.9159, 13.2871], [-86.8935, 13.2659], [-86.9079, 13.2564], [-86.9111, 13.2219], [-86.929, 13.1823], [-86.9173, 13.1456], [-86.926, 13.1415], [-86.9258, 13.1291], [-86.9294, 13.1264], [-86.943, 13.1397], [-86.9381, 13.1435], [-86.9449, 13.1481], [-86.9538, 13.146], [-86.9568, 13.1532], [-86.9697, 13.1519], [-86.97, 13.1576], [-86.9862, 13.1627], [-87.0182, 13.1501], [-87.0226, 13.1637], [-87.0418, 13.183], [-87.0228, 13.2076], [-87.0273, 13.2401], [-86.989, 13.2599], [-86.9694, 13.2626], [-86.9508, 13.2904], [-86.9159, 13.2871]]]}}, {"id": "10", "type": "Feature", "properties": {"adm2_code": "17219", "adm2_name": "Duyure", "adm1_code": "1421", "adm1_name": "Choluteca"}, "geometry": {"type": "Polygon", "coordinates": [[[-86.7708, 13.6934], [-86.785, 13.6567], [-86.7515, 13.6359], [-86.7683, 13.573], [-86.7507, 13.5618], [-86.7887, 13.5555], [-86.8063, 13.5949], [-86.8301, 13.618], [-86.8565, 13.6185], [-86.8704, 13.6055], [-86.8804, 13.6213], [-86.8887, 13.6233], [-86.8889, 13.6341], [-86.8849, 13.6421], [-86.8505, 13.6591], [-86.8414, 13.6721], [-86.8216, 13.6731], [-86.8082, 13.6656], [-86.7937, 13.6941], [-86.7885, 13.689], [-86.7708, 13.6934]]]}}, {"id": "11", "type": "Feature", "properties": {"adm2_code": "17220", "adm2_name": "El Corpus", "adm1_code": "1421", "adm1_name": "Choluteca"}, "geometry": {"type": "Polygon", "coordinates": [[[-86.9734, 13.3949], [-86.9663, 13.3697], [-86.9468, 13.3631], [-86.9266, 13.3153], [-86.917, 13.3094], [-86.9159, 13.2871], [-86.9508, 13.2904], [-86.9694, 13.2626], [-86.989, 13.2599], [-87.0268, 13.2405], [-87.0228, 13.2076], [-87.0473, 13.1733], [-87.0724, 13.169], [-87.0814, 13.2016], [-87.0862, 13.208], [-87.0956, 13.2072], [-87.0867, 13.2336], [-87.0608, 13.2413], [-87.0736, 13.2729], [-87.0691, 13.2768], [-87.0727, 13.293], [-87.0592, 13.3249], [-87.0594, 13.3626], [-87.0436, 13.3684], [-87.0341, 13.3894], [-87.0107, 13.3862], [-86.9734, 13.3949]]]}}, {"id": "12", "type": "Feature", "properties": {"adm2_code": "17221", "adm2_name": "El Triunfo", "adm1_code": "1421", "adm1_name": "Choluteca"}, "geometry": {"type": "Polygon", "coordinates": [[[-86.9294, 13.1264], [-86.9333, 13.1211], [-86.9184, 13.0893], [-86.9525, 13.0589], [-86.959, 13.0322], [-86.9773, 13.0157], [-86.9907, 13.0181], [-87.0123, 13.0025], [-87.0219, 13.006], [-87.0277, 12.9888], [-87.0486, 12.9849], [-87.0635, 12.9969], [-87.1067, 12.9983], [-87.1271, 13.0146], [-87.1316, 13.0338], [-87.1182, 13.0555], [-87.0894, 13.0684], [-87.0882, 13.0913], [-87.079, 13.1067], [-87.0788, 13.1404], [-87.0907, 13.1473], [-87.0728, 13.1694], [-87.0473, 13.1733], [-87.0418, 13.183], [-87.0226, 13.1637], [-87.0182, 13.1501], [-86.9862, 13.1627], [-86.97, 13.1576], [-86.9697, 13.1519], [-86.9568, 13.1532], [-86.9538, 13.146], [-86.9449, 13.1481], [-86.9294, 13.1264]]]}}, {"id": "13", "type": "Feature", "properties": {"adm2_code": "17222", "adm2_name": "Marcovia", "adm1_code": "1421", "adm1_name": "Choluteca"}, "geometry": {"type": "MultiPolygon", "coordinates": [[[[-87.4059, 13.1118], [-87.4026, 13.1142], [-87.4019, 13.1129], [-87.4059, 13.1118]]], [[[-87.5194, 13.2563], [-87.519, 13.2539], [-87.5202, 13.2561], [-87.5194, 13.2563]]], [[[-87.4186, 13.3561], [-87.4206, 13.3529], [-87.4237, 13.3518], [-87.4239, 13.3521], [-87.4164, 13.3603], [-87.4186, 13.3561]]], [[[-87.3793, 13.3896], [-87.3815, 13.3843], [-87.3855, 13.3832], [-87.3793, 13.3896]]], [[[-87.3764, 13.3909], [-87.377, 13.3906], [-87.3778, 13.3908], [-87.3764, 13.3909]]], [[[-87.3735, 13.3911], [-87.3743, 13.391], [-87.3746, 13.3916], [-87.3735, 13.3911]]], [[[-87.3758, 13.3846], [-87.3742, 13.3908], [-87.3734, 13.391], [-87.3707, 13.3899], [-87.3668, 13.3911], [-87.3697, 13.3869], [-87.3449, 13.3748], [-87.3356, 13.3746], [-87.317, 13.3588], [-87.2872, 13.3604], [-87.28, 13.3427], [-87.2576, 13.3277], [-87.2593, 13.3132], [-87.2803, 13.2919], [-87.2707, 13.2688], [-87.2952, 13.2565], [-87.2865, 13.2426], [-87.2995, 13.2402], [-87.307, 13.2161], [-87.3223, 13.2143], [-87.3395, 13.1973], [-87.3204, 13.1672], [-87.3266, 13.1594], [-87.3149, 13.1574], [-87.327, 13.1507], [-87.3176, 13.1444], [-87.3271, 13.1392], [-87.3273, 13.1267], [-87.3161, 13.1294], [-87.3091, 13.1166], [-87.3223, 13.1125], [-87.3411, 13.0949], [-87.3896, 13.1155], [-87.3994, 13.1099], [-87.4018, 13.115], [-87.4245, 13.1163], [-87.4307, 13.1009], [-87.4262, 13.1251], [-87.4319, 13.1629], [-87.4584, 13.2198], [-87.4545, 13.232], [-87.4862, 13.2646], [-87.5041, 13.2718], [-87.5111, 13.2628], [-87.5149, 13.2692], [-87.5113, 13.2867], [-87.5008, 13.2993], [-87.4736, 13.3054], [-87.4645, 13.3286], [-87.4671, 13.341], [-87.4568, 13.3447], [-87.4577, 13.3551], [-87.4394, 13.3569], [-87.424, 13.3503], [-87.4105, 13.3525], [-87.4096, 13.3577], [-87.4179, 13.355], [-87.4087, 13.3691], [-87.3914, 13.3664], [-87.3907, 13.3603], [-87.3799, 13.3749], [-87.3852, 13.3796], [-87.3793, 13.3811], [-87.3853, 13.3821], [-87.3798, 13.383], [-87.3784, 13.3898], [-87.3777, 13.3839], [-87.3758, 13.3846]]]]}}, {"id": "14", "type": "Feature", "properties": {"adm2_code": "17223", "adm2_name": "Morolica", "adm1_code": "1421", "adm1_name": "Choluteca"}, "geometry": {"type": "Polygon", "coordinates": [[[-86.8901, 13.6498], [-86.8841, 13.6395], [-86.8887, 13.6233], [-86.8804, 13.6213], [-86.8733, 13.6071], [-86.8656, 13.6059], [-86.8565, 13.6185], [-86.8301, 13.618], [-86.8063, 13.5949], [-86.7887, 13.5555], [-86.8265, 13.537], [-86.8244, 13.5187], [-86.8433, 13.5243], [-86.8671, 13.4993], [-86.8639, 13.4842], [-86.8878, 13.4845], [-86.9051, 13.4983], [-86.9382, 13.4756], [-86.9677, 13.4855], [-87.0124, 13.533], [-87.0107, 13.5638], [-86.9935, 13.5794], [-86.976, 13.5801], [-86.943, 13.6109], [-86.9336, 13.6291], [-86.9323, 13.655], [-86.9255, 13.6442], [-86.8901, 13.6498]]]}}, {"id": "15", "type": "Feature", "properties": {"adm2_code": "17224", "adm2_name": "Namasigue", "adm1_code": "1421", "adm1_name": "Choluteca"}, "geometry": {"type": "Polygon", "coordinates": [[[-87.0817, 13.2363], [-87.0916, 13.2249], [-87.0956, 13.2072], [-87.0862, 13.208], [-87.0814, 13.2016], [-87.0728, 13.1694], [-87.0907, 13.1473], [-87.0788, 13.1404], [-87.079, 13.1067], [-87.0882, 13.0913], [-87.09, 13.0673], [-87.1182, 13.0555], [-87.1315, 13.0331], [-87.1361, 13.0607], [-87.1511, 13.0602], [-87.1486, 13.0731], [-87.1603, 13.0811], [-87.153, 13.0996], [-87.1571, 13.1099], [-87.1798, 13.1238], [-87.1871, 13.1357], [-87.2175, 13.1454], [-87.2051, 13.1541], [-87.1873, 13.1809], [-87.1886, 13.1914], [-87.1457, 13.2457], [-87.1098, 13.256], [-87.0817, 13.2363]]]}}, {"id": "16", "type": "Feature", "properties": {"adm2_code": "17225", "adm2_name": "Orocuina", "adm1_code": "1421", "adm1_name": "Choluteca"}, "geometry": {"type": "Polygon", "coordinates": [[[-87.1852, 13.5591], [-87.1689, 13.5444], [-87.1569, 13.5486], [-87.1424, 13.5429], [-87.1108, 13.5502], [-87.1141, 13.5299], [-87.1069, 13.511], [-87.0833, 13.4976], [-87.0929, 13.4543], [-87.0894, 13.4423], [-87.1133, 13.4139], [-87.1106, 13.4024], [-87.1365, 13.4045], [-87.1396, 13.4512], [-87.1304, 13.4605], [-87.183, 13.493], [-87.2186, 13.5027], [-87.1974, 13.5149], [-87.2113, 13.5498], [-87.1852, 13.5591]]]}}, {"id": "17", "type": "Feature", "properties": {"adm2_code": "17226", "adm2_name": "Pespire", "adm1_code": "1421", "adm1_name": "Choluteca"}, "geometry": {"type": "Polygon", "coordinates": [[[-87.3641, 13.6902], [-87.3688, 13.672], [-87.3691, 13.649], [-87.3782, 13.6388], [-87.373, 13.6134], [-87.3636, 13.6164], [-87.351, 13.6074], [-87.3121, 13.6244], [-87.2779, 13.6069], [-87.2012, 13.6095], [-87.1857, 13.588], [-87.1846, 13.5674], [-87.1852, 13.5591], [-87.2113, 13.5498], [-87.1974, 13.5149], [-87.2164, 13.503], [-87.2949, 13.4819], [-87.3964, 13.537], [-87.4159, 13.5714], [-87.4177, 13.5862], [-87.4302, 13.5909], [-87.4142, 13.6362], [-87.4553, 13.6591], [-87.4615, 13.6721], [-87.4207, 13.6896], [-87.3641, 13.6902]]]}}, {"id": "18", "type": "Feature", "properties": {"adm2_code": "17227", "adm2_name": "San Antonio De Flores", "adm1_code": "1421", "adm1_name": "Choluteca"}, "geometry": {"type": "Polygon", "coordinates": [[[-87.3014, 13.675], [-87.3097, 13.6246], [-87.351, 13.6074], [-87.3772, 13.6181], [-87.3731, 13.6289], [-87.3782, 13.6388], [-87.3691, 13.649], [-87.366, 13.678], [-87.3158, 13.6842], [-87.3014, 13.675]]]}}, {"id": "19", "type": "Feature", "properties": {"adm2_code": "17228", "adm2_name": "San Isidro", "adm1_code": "1421", "adm1_name": "Choluteca"}, "geometry": {"type": "Polygon", "coordinates": [[[-87.2503, 13.6792], [-87.2136, 13.6627], [-87.2252, 13.6123], [-87.2779, 13.6069], [-87.3103, 13.6242], [-87.3038, 13.6747], [-87.2503, 13.6792]]]}}, {"id": "20", "type": "Feature", "properties": {"adm2_code": "17229", "adm2_name": "San Jose", "adm1_code": "1421", "adm1_name": "Choluteca"}, "geometry": {"type": "Polygon", "coordinates": [[[-87.4428, 13.7635], [-87.4025, 13.7524], [-87.3836, 13.7556], [-87.3965, 13.732], [-87.397, 13.7148], [-87.39, 13.7158], [-87.3809, 13.6981], [-87.3641, 13.6902], [-87.4207, 13.6896], [-87.4615, 13.6721], [-87.468, 13.6866], [-87.4534, 13.7318], [-87.4596, 13.7567], [-87.4428, 13.7635]]]}}, {"id": "21", "type": "Feature", "properties": {"adm2_code": "17230", "adm2_name": "San Marcos De Colon", "adm1_code": "1421", "adm1_name": "Choluteca"}, "geometry": {"type": "Polygon", "coordinates": [[[-86.8935, 13.2659], [-86.9159, 13.2871], [-86.917, 13.3094], [-86.9266, 13.3153], [-86.9468, 13.3631], [-86.9663, 13.3697], [-86.9694, 13.3866], [-86.9598, 13.3932], [-86.9263, 13.4622], [-86.9377, 13.4766], [-86.9057, 13.4983], [-86.8878, 13.4845], [-86.8639, 13.4842], [-86.8671, 13.4993], [-86.8433, 13.5243], [-86.8244, 13.5187], [-86.824, 13.5393], [-86.7952, 13.5546], [-86.7507, 13.5618], [-86.7373, 13.4783], [-86.7221, 13.4341], [-86.7429, 13.3929], [-86.7359, 13.3798], [-86.7104, 13.3694], [-86.7025, 13.3248], [-86.7065, 13.2954], [-86.7405, 13.2711], [-86.7563, 13.267], [-86.8192, 13.3063], [-86.8288, 13.3054], [-86.8646, 13.2942], [-86.8769, 13.2749], [-86.8935, 13.2659]]]}}, {"id": "22", "type": "Feature", "properties": {"adm2_code": "17231", "adm2_name": "Santa Ana De Yusguare", "adm1_code": "1421", "adm1_name": "Choluteca"}, "geometry": {"type": "Polygon", "coordinates": [[[-87.0596, 13.3695], [-87.0592, 13.3249], [-87.0727, 13.293], [-87.0691, 13.2768], [-87.0736, 13.2729], [-87.0608, 13.2413], [-87.0817, 13.2363], [-87.1091, 13.2551], [-87.121, 13.284], [-87.1418, 13.3003], [-87.1212, 13.3327], [-87.1041, 13.3336], [-87.0969, 13.3509], [-87.0842, 13.3524], [-87.0726, 13.3663], [-87.0596, 13.3695]]]}}, {"id": "23", "type": "Feature", "properties": {"adm2_code": "17232", "adm2_name": "Balfate", "adm1_code": "1422", "adm1_name": "Colon"}, "geometry": {"type": "MultiPolygon", "coordinates": [[[[-86.2019, 15.8796], [-86.1988, 15.8624], [-86.1845, 15.8477], [-86.1947, 15.8347], [-86.1851, 15.8262], [-86.1572, 15.7561], [-86.2043, 15.7512], [-86.3719, 15.6643], [-86.3693, 15.6125], [-86.3747, 15.6046], [-86.4432, 15.5859], [-86.4547, 15.5733], [-86.5041, 15.5891], [-86.5518, 15.5768], [-86.5644, 15.5877], [-86.6038, 15.5816], [-86.6696, 15.5985], [-86.6416, 15.6092], [-86.6381, 15.6398], [-86.6482, 15.6783], [-86.6386, 15.6938], [-86.6552, 15.7211], [-86.6314, 15.7484], [-86.6268, 15.7963], [-86.5432, 15.804], [-86.4963, 15.8155], [-86.4137, 15.7777], [-86.3929, 15.7861], [-86.3642, 15.7798], [-86.3327, 15.8011], [-86.3021, 15.8076], [-86.2973, 15.8035], [-86.3007, 15.8079], [-86.2622, 15.8294], [-86.2543, 15.8435], [-86.2458, 15.845], [-86.2223, 15.8707], [-86.2019, 15.8796]]], [[[-86.5258, 15.9285], [-86.5251, 15.9275], [-86.5256, 15.9275], [-86.5258, 15.9285]]], [[[-86.5242, 15.9355], [-86.5245, 15.935], [-86.5245, 15.9355], [-86.5242, 15.9355]]], [[[-86.5248, 15.9383], [-86.5245, 15.937], [-86.525, 15.9373], [-86.5248, 15.9383]]], [[[-86.504, 15.9424], [-86.5032, 15.9419], [-86.504, 15.9421], [-86.504, 15.9424]]], [[[-86.4781, 15.9457], [-86.4795, 15.9441], [-86.4787, 15.9457], [-86.4781, 15.9457]]], [[[-86.4776, 15.9485], [-86.4771, 15.947], [-86.4779, 15.9477], [-86.4776, 15.9485]]], [[[-86.497, 15.9499], [-86.4976, 15.9496], [-86.4976, 15.9499], [-86.497, 15.9499]]], [[[-86.5186, 15.9522], [-86.5199, 15.9511], [-86.521, 15.952], [-86.5186, 15.9522]]], [[[-86.4744, 15.9526], [-86.4755, 15.9511], [-86.4755, 15.9521], [-86.4744, 15.9526]]], [[[-86.4656, 15.9552], [-86.468, 15.9539], [-86.4677, 15.9552], [-86.4656, 15.9552]]], [[[-86.4627, 15.9593], [-86.4651, 15.9575], [-86.4629, 15.9601], [-86.4627, 15.9593]]], [[[-86.4722, 15.9609], [-86.4709, 15.9597], [-86.4725, 15.9593], [-86.4722, 15.9609]]], [[[-86.4616, 15.9607], [-86.4621, 15.9613], [-86.4603, 15.9619], [-86.4616, 15.9607]]], [[[-86.4994, 15.9653], [-86.4981, 15.9519], [-86.5077, 15.9553], [-86.4994, 15.9653]]], [[[-86.4703, 15.9789], [-86.4762, 15.9638], [-86.4799, 15.974], [-86.4859, 15.9743], [-86.4703, 15.9789]]]]}}, {"id": "24", "type": "Feature", "properties": {"adm2_code": "17233", "adm2_name": "Bonito Oriental", "adm1_code": "1422", "adm1_name": "Colon"}, "geometry": {"type": "Polygon", "coordinates": [[[-85.6308, 15.8534], [-85.613, 15.8413], [-85.6264, 15.8352], [-85.6343, 15.8397], [-85.6544, 15.8287], [-85.6698, 15.8037], [-85.6677, 15.7848], [-85.6754, 15.7716], [-85.6725, 15.7586], [-85.6617, 15.7573], [-85.6614, 15.7451], [-85.6377, 15.7365], [-85.6572, 15.7165], [-85.652, 15.7162], [-85.6332, 15.6812], [-85.6272, 15.6387], [-85.6666, 15.5975], [-85.7283, 15.5612], [-85.7431, 15.5626], [-85.7611, 15.5795], [-85.7838, 15.5701], [-85.8387, 15.6914], [-85.8367, 15.7147], [-85.8494, 15.7224], [-85.8439, 15.7698], [-85.8321, 15.767], [-85.8339, 15.774], [-85.8248, 15.78], [-85.826, 15.7903], [-85.8153, 15.8063], [-85.8066, 15.8006], [-85.7947, 15.8084], [-85.7854, 15.8064], [-85.7958, 15.8188], [-85.7746, 15.8092], [-85.7795, 15.8173], [-85.7696, 15.8281], [-85.7646, 15.8218], [-85.7295, 15.8198], [-85.724, 15.8307], [-85.7227, 15.8195], [-85.7165, 15.8288], [-85.7125, 15.8203], [-85.7073, 15.835], [-85.6952, 15.8346], [-85.7032, 15.8483], [-85.6839, 15.8447], [-85.667, 15.833], [-85.6646, 15.8391], [-85.6567, 15.8381], [-85.6575, 15.8521], [-85.6308, 15.8534]]]}}, {"id": "25", "type": "Feature", "properties": {"adm2_code": "17234", "adm2_name": "Iriona", "adm1_code": "1422", "adm1_name": "Colon"}, "geometry": {"type": "Polygon", "coordinates": [[[-84.9969, 15.9803], [-84.9981, 15.9693], [-84.994, 15.0612], [-85.0944, 15.1731], [-85.2315, 15.2062], [-85.3166, 15.3129], [-85.3729, 15.3959], [-85.5135, 15.4458], [-85.5375, 15.4626], [-85.5968, 15.5232], [-85.7059, 15.5758], [-85.6666, 15.5975], [-85.6272, 15.6387], [-85.6327, 15.6658], [-85.5518, 15.664], [-85.4064, 15.7654], [-85.2788, 15.8386], [-85.293, 15.8691], [-85.2905, 15.8792], [-85.1965, 15.8997], [-85.1577, 15.9225], [-85.1116, 15.961], [-85.0732, 15.9805], [-85.039, 15.9865], [-84.9969, 15.9803]]]}}, {"id": "26", "type": "Feature", "properties": {"adm2_code": "17235", "adm2_name": "Limon", "adm1_code": "1422", "adm1_name": "Colon"}, "geometry": {"type": "Polygon", "coordinates": [[[-85.2905, 15.8792], [-85.293, 15.8691], [-85.2788, 15.8386], [-85.4064, 15.7654], [-85.5518, 15.664], [-85.6327, 15.6658], [-85.6381, 15.6921], [-85.6572, 15.7165], [-85.6377, 15.7365], [-85.6614, 15.7451], [-85.6617, 15.7573], [-85.6725, 15.7586], [-85.6754, 15.7716], [-85.6677, 15.7848], [-85.6698, 15.8037], [-85.6544, 15.8287], [-85.6343, 15.8397], [-85.6264, 15.8352], [-85.613, 15.8413], [-85.6308, 15.8534], [-85.6359, 15.8652], [-85.6288, 15.87], [-85.6208, 15.8664], [-85.6281, 15.8785], [-85.6216, 15.8824], [-85.6272, 15.8855], [-85.62, 15.8843], [-85.605, 15.9037], [-85.5613, 15.8845], [-85.4981, 15.8625], [-85.487, 15.86], [-85.4994, 15.8643], [-85.4649, 15.8597], [-85.391, 15.8789], [-85.2905, 15.8792]]]}}, {"id": "27", "type": "Feature", "properties": {"adm2_code": "17236", "adm2_name": "Saba", "adm1_code": "1422", "adm1_name": "Colon"}, "geometry": {"type": "Polygon", "coordinates": [[[-86.1379, 15.5863], [-86.1278, 15.5699], [-86.13, 15.5564], [-86.1187, 15.5086], [-86.0566, 15.4523], [-86.0562, 15.4279], [-86.0315, 15.3862], [-86.0396, 15.3842], [-86.0566, 15.3967], [-86.0849, 15.3986], [-86.0892, 15.3864], [-86.1009, 15.3913], [-86.1243, 15.3744], [-86.1487, 15.3699], [-86.1647, 15.3732], [-86.2309, 15.4126], [-86.2301, 15.4423], [-86.2393, 15.4536], [-86.2262, 15.4661], [-86.2315, 15.4773], [-86.2241, 15.5051], [-86.2359, 15.5265], [-86.2277, 15.5328], [-86.2497, 15.5312], [-86.2512, 15.522], [-86.2846, 15.5396], [-86.2879, 15.5779], [-86.243, 15.5756], [-86.2225, 15.5888], [-86.2133, 15.5815], [-86.2073, 15.592], [-86.1886, 15.5972], [-86.1771, 15.5891], [-86.1651, 15.5871], [-86.157, 15.5948], [-86.1379, 15.5863]]]}}, {"id": "28", "type": "Feature", "properties": {"adm2_code": "17237", "adm2_name": "Santa Fe", "adm1_code": "1422", "adm1_name": "Colon"}, "geometry": {"type": "Polygon", "coordinates": [[[-85.9946, 15.9046], [-85.9902, 15.8834], [-85.9941, 15.8717], [-86.0382, 15.8524], [-86.0966, 15.8122], [-86.1572, 15.7561], [-86.1851, 15.8262], [-86.1947, 15.8347], [-86.1845, 15.8477], [-86.1988, 15.8624], [-86.2019, 15.8796], [-86.1618, 15.8876], [-86.1236, 15.904], [-86.0635, 15.8979], [-85.9946, 15.9046]]]}}, {"id": "29", "type": "Feature", "properties": {"adm2_code": "17238", "adm2_name": "Santa Rosa De Aguan", "adm1_code": "1422", "adm1_name": "Colon"}, "geometry": {"type": "Polygon", "coordinates": [[[-85.605, 15.9037], [-85.62, 15.8843], [-85.6272, 15.8855], [-85.6216, 15.8824], [-85.6281, 15.8785], [-85.6205, 15.8673], [-85.6355, 15.8667], [-85.6323, 15.8499], [-85.6433, 15.85], [-85.6467, 15.8559], [-85.6575, 15.8521], [-85.6567, 15.8381], [-85.6646, 15.8391], [-85.667, 15.833], [-85.6839, 15.8447], [-85.7027, 15.8483], [-85.7438, 15.8912], [-85.7327, 15.9713], [-85.6967, 15.9593], [-85.605, 15.9037]]]}}, {"id": "30", "type": "Feature", "properties": {"adm2_code": "17239", "adm2_name": "Sonaguera", "adm1_code": "1422", "adm1_name": "Colon"}, "geometry": {"type": "Polygon", "coordinates": [[[-86.0946, 15.6302], [-86.1031, 15.629], [-86.1011, 15.6195], [-86.1192, 15.5969], [-86.1379, 15.5863], [-86.157, 15.5948], [-86.1651, 15.5871], [-86.1771, 15.5891], [-86.1886, 15.5972], [-86.2073, 15.592], [-86.2133, 15.5815], [-86.2225, 15.5888], [-86.243, 15.5756], [-86.2873, 15.5782], [-86.2846, 15.5396], [-86.3212, 15.5485], [-86.3593, 15.5465], [-86.3667, 15.5395], [-86.3946, 15.5367], [-86.4326, 15.5669], [-86.4547, 15.5733], [-86.4432, 15.5859], [-86.3732, 15.6058], [-86.3719, 15.6643], [-86.2043, 15.7512], [-86.1485, 15.683], [-86.0946, 15.6302]]]}}, {"id": "31", "type": "Feature", "properties": {"adm2_code": "17240", "adm2_name": "Tocoa", "adm1_code": "1422", "adm1_name": "Colon"}, "geometry": {"type": "Polygon", "coordinates": [[[-85.7838, 15.5701], [-85.7832, 15.5508], [-85.8084, 15.5418], [-85.8301, 15.5144], [-85.8583, 15.5196], [-85.8635, 15.5271], [-85.885, 15.5242], [-85.8909, 15.5161], [-85.8859, 15.4975], [-85.9276, 15.4575], [-85.944, 15.4548], [-85.9617, 15.4355], [-85.9655, 15.4194], [-85.9782, 15.4098], [-85.9885, 15.4107], [-85.9924, 15.4026], [-86.0038, 15.4035], [-86.008, 15.3964], [-86.0204, 15.3984], [-86.0315, 15.3862], [-86.0562, 15.4279], [-86.0566, 15.4523], [-86.1187, 15.5086], [-86.13, 15.5564], [-86.1278, 15.5699], [-86.1384, 15.5829], [-86.1105, 15.6058], [-86.1011, 15.6195], [-86.1031, 15.629], [-86.0937, 15.6308], [-86.0959, 15.6385], [-86.0699, 15.6462], [-86.0642, 15.6424], [-86.0508, 15.6564], [-86.0406, 15.6505], [-86.036, 15.6544], [-86.0342, 15.6609], [-86.0457, 15.6646], [-86.0488, 15.674], [-86.0421, 15.6776], [-86.0313, 15.6703], [-86.0043, 15.7109], [-85.9941, 15.7069], [-85.9672, 15.714], [-85.9785, 15.7223], [-85.9808, 15.7346], [-85.9608, 15.7322], [-85.9561, 15.7547], [-85.9492, 15.7556], [-85.935, 15.7404], [-85.9233, 15.7443], [-85.9187, 15.7336], [-85.9124, 15.7454], [-85.894, 15.7567], [-85.8843, 15.7461], [-85.8728, 15.7476], [-85.8689, 15.7595], [-85.8439, 15.7698], [-85.8494, 15.7224], [-85.8367, 15.7147], [-85.8387, 15.6914], [-85.7838, 15.5701]]]}}, {"id": "32", "type": "Feature", "properties": {"adm2_code": "17241", "adm2_name": "Trujillo", "adm1_code": "1422", "adm1_name": "Colon"}, "geometry": {"type": "MultiPolygon", "coordinates": [[[[-85.9056, 15.9551], [-85.9066, 15.9542], [-85.9066, 15.9548], [-85.9056, 15.9551]]], [[[-85.8845, 15.9896], [-85.8851, 15.9889], [-85.885, 15.9898], [-85.8845, 15.9896]]], [[[-86.0012, 16.0277], [-85.8595, 16.0064], [-85.7327, 15.9713], [-85.7438, 15.8912], [-85.7164, 15.8671], [-85.6952, 15.8346], [-85.7073, 15.835], [-85.7079, 15.8236], [-85.7149, 15.8204], [-85.7165, 15.8288], [-85.7222, 15.8192], [-85.724, 15.8307], [-85.7295, 15.8198], [-85.7646, 15.8218], [-85.7681, 15.8287], [-85.7795, 15.8173], [-85.7746, 15.8092], [-85.7958, 15.8188], [-85.7854, 15.8064], [-85.7947, 15.8084], [-85.8066, 15.8006], [-85.8153, 15.8063], [-85.8331, 15.7662], [-85.8547, 15.7688], [-85.8701, 15.7581], [-85.8728, 15.7476], [-85.8843, 15.7461], [-85.894, 15.7567], [-85.9124, 15.7454], [-85.9177, 15.7338], [-85.9233, 15.7443], [-85.9362, 15.7408], [-85.9538, 15.7559], [-85.9608, 15.7322], [-85.9806, 15.7353], [-85.9785, 15.7223], [-85.9672, 15.714], [-85.9941, 15.7069], [-86.0043, 15.7109], [-86.0313, 15.6703], [-86.0421, 15.6776], [-86.0488, 15.674], [-86.0457, 15.6646], [-86.0339, 15.6604], [-86.0378, 15.6527], [-86.0508, 15.6564], [-86.0642, 15.6424], [-86.0857, 15.6442], [-86.0866, 15.6379], [-86.0977, 15.6365], [-86.0946, 15.6302], [-86.1485, 15.683], [-86.2043, 15.7512], [-86.1553, 15.7571], [-86.0966, 15.8122], [-86.0382, 15.8524], [-85.9941, 15.8717], [-85.9902, 15.8834], [-85.9946, 15.9046], [-85.9416, 15.926], [-85.9241, 15.9439], [-85.9237, 15.9424], [-85.9201, 15.9422], [-85.9143, 15.9445], [-85.9076, 15.9525], [-85.9095, 15.9486], [-85.9091, 15.9488], [-85.9016, 15.9564], [-85.9027, 15.9616], [-85.8673, 15.9384], [-85.8503, 15.9426], [-85.8403, 15.9553], [-85.8313, 15.952], [-85.8297, 15.956], [-85.839, 15.9558], [-85.8325, 15.9701], [-85.817, 15.9711], [-85.8173, 15.9827], [-85.8569, 15.9983], [-85.8852, 15.9838], [-85.868, 15.9952], [-85.8773, 15.9991], [-85.8884, 15.993], [-85.8915, 15.9799], [-85.8861, 15.9763], [-85.8993, 15.9695], [-85.9155, 15.9456], [-85.923, 15.9434], [-85.9112, 15.979], [-85.9198, 16.0052], [-85.9623, 16.011], [-85.9806, 16.0038], [-86.0138, 16.0233], [-86.0012, 16.0277]]]]}}, {"id": "33", "type": "Feature", "properties": {"adm2_code": "17242", "adm2_name": "Ajuterique", "adm1_code": "1423", "adm1_name": "Comayagua"}, "geometry": {"type": "Polygon", "coordinates": [[[-87.6544, 14.3817], [-87.6604, 14.3754], [-87.6952, 14.3727], [-87.7477, 14.3567], [-87.7814, 14.3626], [-87.7876, 14.3803], [-87.7683, 14.4019], [-87.728, 14.4053], [-87.7092, 14.4283], [-87.6958, 14.423], [-87.6876, 14.4003], [-87.6607, 14.395], [-87.6544, 14.3817]]]}}, {"id": "34", "type": "Feature", "properties": {"adm2_code": "17243", "adm2_name": "Comayagua", "adm1_code": "1423", "adm1_name": "Comayagua"}, "geometry": {"type": "Polygon", "coordinates": [[[-87.5182, 14.5526], [-87.484, 14.5077], [-87.4681, 14.462], [-87.4541, 14.4595], [-87.4303, 14.4395], [-87.4172, 14.4391], [-87.4173, 14.4207], [-87.4338, 14.4116], [-87.4104, 14.4068], [-87.4063, 14.3937], [-87.3991, 14.3909], [-87.4054, 14.3706], [-87.4462, 14.37], [-87.4478, 14.3623], [-87.4769, 14.347], [-87.4923, 14.3563], [-87.5024, 14.3512], [-87.5034, 14.3707], [-87.5376, 14.3736], [-87.5551, 14.3651], [-87.5577, 14.37], [-87.5789, 14.3708], [-87.6543, 14.3553], [-87.6529, 14.3639], [-87.6598, 14.3606], [-87.6521, 14.3711], [-87.6607, 14.395], [-87.6876, 14.4003], [-87.6958, 14.423], [-87.7092, 14.4283], [-87.728, 14.4053], [-87.7683, 14.4019], [-87.7876, 14.3803], [-87.8305, 14.3829], [-87.8484, 14.415], [-87.8398, 14.4216], [-87.8441, 14.4368], [-87.8816, 14.4833], [-87.8937, 14.4897], [-87.8696, 14.4982], [-87.8344, 14.4987], [-87.7845, 14.4818], [-87.7637, 14.486], [-87.7657, 14.5043], [-87.7831, 14.5149], [-87.7763, 14.5414], [-87.712, 14.546], [-87.6936, 14.5589], [-87.6941, 14.5696], [-87.6865, 14.5636], [-87.6768, 14.566], [-87.6674, 14.5816], [-87.6552, 14.58], [-87.6349, 14.5883], [-87.633, 14.5706], [-87.6191, 14.5648], [-87.5936, 14.5709], [-87.5787, 14.5574], [-87.5182, 14.5526]]]}}, {"id": "35", "type": "Feature", "properties": {"adm2_code": "17244", "adm2_name": "El Rosario", "adm1_code": "1423", "adm1_name": "Comayagua"}, "geometry": {"type": "Polygon", "coordinates": [[[-87.7744, 14.6974], [-87.7041, 14.6803], [-87.696, 14.6845], [-87.6779, 14.6581], [-87.6262, 14.6638], [-87.6362, 14.6557], [-87.6314, 14.6394], [-87.64, 14.6337], [-87.6259, 14.6195], [-87.6353, 14.5876], [-87.6674, 14.5816], [-87.6768, 14.566], [-87.6865, 14.5636], [-87.6941, 14.5696], [-87.6936, 14.5589], [-87.712, 14.546], [-87.7763, 14.5414], [-87.7831, 14.5149], [-87.7657, 14.5043], [-87.7637, 14.486], [-87.7831, 14.4816], [-87.8122, 14.4873], [-87.8215, 14.4966], [-87.8696, 14.4982], [-87.8586, 14.5043], [-87.862, 14.5194], [-87.8417, 14.5303], [-87.8254, 14.5301], [-87.8261, 14.5617], [-87.7775, 14.5588], [-87.7836, 14.5704], [-87.7797, 14.5828], [-87.7888, 14.6005], [-87.7802, 14.6113], [-87.7926, 14.6265], [-87.7925, 14.662], [-87.7787, 14.6779], [-87.7744, 14.6974]]]}}, {"id": "36", "type": "Feature", "properties": {"adm2_code": "17245", "adm2_name": "Esquias", "adm1_code": "1423", "adm1_name": "Comayagua"}, "geometry": {"type": "Polygon", "coordinates": [[[-87.2769, 14.7264], [-87.2773, 14.7173], [-87.2889, 14.716], [-87.2918, 14.698], [-87.2865, 14.6909], [-87.3015, 14.6817], [-87.3102, 14.6834], [-87.3087, 14.6779], [-87.3235, 14.6673], [-87.3343, 14.6674], [-87.3316, 14.6517], [-87.3455, 14.6567], [-87.3417, 14.6347], [-87.3481, 14.6282], [-87.3435, 14.6221], [-87.3522, 14.6144], [-87.3531, 14.5964], [-87.3745, 14.5955], [-87.3825, 14.6055], [-87.422, 14.6069], [-87.4239, 14.5616], [-87.484, 14.5077], [-87.5182, 14.5526], [-87.4877, 14.5918], [-87.4874, 14.6022], [-87.5049, 14.6227], [-87.4971, 14.6297], [-87.4972, 14.6419], [-87.5311, 14.6616], [-87.5325, 14.689], [-87.5452, 14.7141], [-87.5548, 14.7199], [-87.5283, 14.7355], [-87.5278, 14.7413], [-87.5238, 14.719], [-87.4539, 14.7037], [-87.437, 14.7077], [-87.4085, 14.731], [-87.3863, 14.7658], [-87.3739, 14.7632], [-87.3422, 14.7297], [-87.2769, 14.7264]]]}}, {"id": "37", "type": "Feature", "properties": {"adm2_code": "17246", "adm2_name": "Humuya", "adm1_code": "1423", "adm1_name": "Comayagua"}, "geometry": {"type": "Polygon", "coordinates": [[[-87.6619, 14.2587], [-87.652, 14.2446], [-87.6628, 14.2383], [-87.668, 14.2463], [-87.6889, 14.2198], [-87.6837, 14.1866], [-87.7099, 14.173], [-87.7343, 14.1745], [-87.7377, 14.1982], [-87.7302, 14.2033], [-87.762, 14.2201], [-87.7596, 14.2266], [-87.7419, 14.2259], [-87.7249, 14.2396], [-87.7039, 14.2399], [-87.6865, 14.2548], [-87.6831, 14.248], [-87.6762, 14.253], [-87.674, 14.2475], [-87.6619, 14.2587]]]}}, {"id": "38", "type": "Feature", "properties": {"adm2_code": "17247", "adm2_name": "La Libertad", "adm1_code": "1423", "adm1_name": "Comayagua"}, "geometry": {"type": "Polygon", "coordinates": [[[-87.6081, 15.0161], [-87.5853, 14.9542], [-87.5696, 14.9421], [-87.5622, 14.9245], [-87.5664, 14.9096], [-87.5221, 14.8672], [-87.509, 14.8201], [-87.5212, 14.8188], [-87.5314, 14.7576], [-87.5283, 14.7355], [-87.5548, 14.7199], [-87.567, 14.724], [-87.5928, 14.716], [-87.6252, 14.7206], [-87.6394, 14.724], [-87.6423, 14.7361], [-87.6087, 14.7927], [-87.6084, 14.8171], [-87.5731, 14.8123], [-87.5639, 14.8213], [-87.5791, 14.8442], [-87.5675, 14.8667], [-87.5678, 14.8797], [-87.6205, 14.9303], [-87.643, 14.9237], [-87.6527, 14.9139], [-87.6921, 14.9197], [-87.7051, 14.9553], [-87.6991, 14.9612], [-87.7245, 14.9739], [-87.7366, 14.968], [-87.7458, 14.9857], [-87.7433, 15.0045], [-87.7042, 15.0034], [-87.6742, 15.0163], [-87.6542, 15.0106], [-87.6412, 15.015], [-87.6259, 15.0023], [-87.6169, 15.0147], [-87.6081, 15.0161]]]}}, {"id": "39", "type": "Feature", "properties": {"adm2_code": "17248", "adm2_name": "La Trinidad", "adm1_code": "1423", "adm1_name": "Comayagua"}, "geometry": {"type": "Polygon", "coordinates": [[[-87.6401, 14.7258], [-87.6111, 14.7204], [-87.6061, 14.6923], [-87.6256, 14.684], [-87.6262, 14.6734], [-87.6357, 14.6638], [-87.6536, 14.6637], [-87.657, 14.6564], [-87.6779, 14.6581], [-87.696, 14.6845], [-87.7041, 14.6803], [-87.7513, 14.6922], [-87.7505, 14.7273], [-87.7283, 14.7365], [-87.6619, 14.7309], [-87.6515, 14.7198], [-87.6546, 14.714], [-87.6532, 14.7114], [-87.6401, 14.7258]]]}}, {"id": "40", "type": "Feature", "properties": {"adm2_code": "17249", "adm2_name": "Lamani", "adm1_code": "1423", "adm1_name": "Comayagua"}, "geometry": {"type": "Polygon", "coordinates": [[[-87.4746, 14.2019], [-87.4888, 14.169], [-87.552, 14.1281], [-87.5893, 14.1344], [-87.5989, 14.1295], [-87.6257, 14.0975], [-87.6247, 14.0753], [-87.6591, 14.0746], [-87.6933, 14.0359], [-87.6976, 14.0552], [-87.6912, 14.0715], [-87.7013, 14.0937], [-87.717, 14.0839], [-87.7397, 14.1202], [-87.784, 14.1268], [-87.7841, 14.1421], [-87.7495, 14.1696], [-87.7281, 14.1776], [-87.7125, 14.1724], [-87.7023, 14.1763], [-87.6837, 14.1866], [-87.6838, 14.1959], [-87.6686, 14.2089], [-87.5995, 14.2209], [-87.6022, 14.2358], [-87.5807, 14.2365], [-87.5696, 14.2133], [-87.5533, 14.2043], [-87.5309, 14.2012], [-87.5143, 14.2061], [-87.5049, 14.1983], [-87.4746, 14.2019]]]}}, {"id": "41", "type": "Feature", "properties": {"adm2_code": "17250", "adm2_name": "Las Lajas", "adm1_code": "1423", "adm1_name": "Comayagua"}, "geometry": {"type": "Polygon", "coordinates": [[[-87.6087, 14.7927], [-87.6323, 14.8232], [-87.6594, 14.8283], [-87.6707, 14.8202], [-87.6878, 14.8201], [-87.6938, 14.8378], [-87.709, 14.8299], [-87.7089, 14.8404], [-87.7205, 14.8442], [-87.7061, 14.869], [-87.71, 14.8895], [-87.6915, 14.8992], [-87.6964, 14.9075], [-87.6921, 14.9197], [-87.6527, 14.9139], [-87.643, 14.9237], [-87.6205, 14.9303], [-87.5678, 14.8797], [-87.5675, 14.8667], [-87.5791, 14.8442], [-87.5639, 14.8213], [-87.5731, 14.8123], [-87.6084, 14.8171], [-87.6087, 14.7927]]]}}, {"id": "42", "type": "Feature", "properties": {"adm2_code": "17251", "adm2_name": "Lejamani", "adm1_code": "1423", "adm1_name": "Comayagua"}, "geometry": {"type": "Polygon", "coordinates": [[[-87.6544, 14.3817], [-87.652, 14.3692], [-87.6598, 14.3606], [-87.7049, 14.3381], [-87.7157, 14.3478], [-87.7477, 14.3567], [-87.6952, 14.3727], [-87.6604, 14.3754], [-87.6544, 14.3817]]]}}, {"id": "43", "type": "Feature", "properties": {"adm2_code": "17252", "adm2_name": "Meambar", "adm1_code": "1423", "adm1_name": "Comayagua"}, "geometry": {"type": "Polygon", "coordinates": [[[-87.6921, 14.9197], [-87.6964, 14.9075], [-87.6915, 14.8992], [-87.71, 14.8895], [-87.7061, 14.869], [-87.7212, 14.8463], [-87.716, 14.8389], [-87.7081, 14.8394], [-87.709, 14.8299], [-87.7004, 14.8382], [-87.6898, 14.8331], [-87.6844, 14.8017], [-87.6885, 14.7859], [-87.713, 14.7787], [-87.7283, 14.7365], [-87.7505, 14.7273], [-87.7513, 14.6922], [-87.8225, 14.7083], [-87.8645, 14.7667], [-87.8783, 14.8299], [-87.8969, 14.8411], [-87.8526, 14.8777], [-87.845, 14.893], [-87.8276, 14.8959], [-87.8139, 14.9087], [-87.8091, 14.905], [-87.8016, 14.9099], [-87.7989, 14.9233], [-87.7848, 14.9194], [-87.7792, 14.9362], [-87.7505, 14.9448], [-87.7295, 14.974], [-87.6991, 14.9612], [-87.7051, 14.9553], [-87.6921, 14.9197]]]}}, {"id": "44", "type": "Feature", "properties": {"adm2_code": "17253", "adm2_name": "Minas De Oro", "adm1_code": "1423", "adm1_name": "Comayagua"}, "geometry": {"type": "Polygon", "coordinates": [[[-87.4476, 14.8885], [-87.4113, 14.8933], [-87.4024, 14.8659], [-87.3335, 14.7925], [-87.3101, 14.7485], [-87.2905, 14.7422], [-87.2704, 14.7473], [-87.2769, 14.7264], [-87.3422, 14.7297], [-87.3739, 14.7632], [-87.4588, 14.7853], [-87.5103, 14.821], [-87.5221, 14.8672], [-87.5664, 14.9096], [-87.5622, 14.9245], [-87.5696, 14.9421], [-87.5853, 14.9542], [-87.6081, 15.0161], [-87.5918, 15.0186], [-87.5968, 15.0308], [-87.5809, 15.0316], [-87.5709, 15.0452], [-87.5485, 15.0475], [-87.5187, 15.0167], [-87.5172, 14.9851], [-87.5097, 14.9716], [-87.4913, 14.9659], [-87.4934, 14.9571], [-87.4811, 14.9577], [-87.4827, 14.9335], [-87.4721, 14.9217], [-87.4778, 14.9136], [-87.4705, 14.8939], [-87.4476, 14.8885]]]}}, {"id": "45", "type": "Feature", "properties": {"adm2_code": "17254", "adm2_name": "Ojo De Agua", "adm1_code": "1423", "adm1_name": "Comayagua"}, "geometry": {"type": "Polygon", "coordinates": [[[-87.6087, 14.7927], [-87.634, 14.7573], [-87.6326, 14.7488], [-87.6423, 14.7361], [-87.6401, 14.7258], [-87.6486, 14.7217], [-87.6518, 14.7114], [-87.6563, 14.7281], [-87.6691, 14.7333], [-87.7284, 14.7353], [-87.713, 14.7787], [-87.6885, 14.7859], [-87.6878, 14.8201], [-87.6707, 14.8202], [-87.6594, 14.8283], [-87.6323, 14.8232], [-87.6087, 14.7927]]]}}, {"id": "46", "type": "Feature", "properties": {"adm2_code": "17255", "adm2_name": "San Jeronimo", "adm1_code": "1423", "adm1_name": "Comayagua"}, "geometry": {"type": "Polygon", "coordinates": [[[-87.567, 14.724], [-87.5452, 14.7141], [-87.5325, 14.689], [-87.5311, 14.6616], [-87.4972, 14.6419], [-87.4971, 14.6297], [-87.5049, 14.6227], [-87.4874, 14.6022], [-87.4906, 14.5817], [-87.5182, 14.5526], [-87.5787, 14.5574], [-87.5936, 14.5709], [-87.6069, 14.5644], [-87.633, 14.5706], [-87.6349, 14.5883], [-87.6259, 14.6195], [-87.64, 14.6337], [-87.6314, 14.6394], [-87.6362, 14.6557], [-87.626, 14.661], [-87.6339, 14.6659], [-87.6256, 14.684], [-87.6064, 14.6913], [-87.6084, 14.7176], [-87.567, 14.724]]]}}, {"id": "47", "type": "Feature", "properties": {"adm2_code": "17256", "adm2_name": "San Jose De Comayagua", "adm1_code": "1423", "adm1_name": "Comayagua"}, "geometry": {"type": "Polygon", "coordinates": [[[-88.0111, 14.636], [-88.0126, 14.6169], [-88.0384, 14.6256], [-88.0583, 14.6231], [-88.0734, 14.6472], [-88.0501, 14.6668], [-88.0684, 14.6942], [-88.0804, 14.6978], [-88.0422, 14.7437], [-88.0218, 14.7519], [-88.0009, 14.7492], [-87.9872, 14.7323], [-87.9932, 14.7193], [-87.9891, 14.6961], [-88.0137, 14.6932], [-88.0231, 14.6856], [-88.0111, 14.636]]]}}, {"id": "48", "type": "Feature", "properties": {"adm2_code": "17257", "adm2_name": "San Jose Del Potrero", "adm1_code": "1423", "adm1_name": "Comayagua"}, "geometry": {"type": "Polygon", "coordinates": [[[-87.2421, 14.8738], [-87.2474, 14.8597], [-87.2357, 14.8528], [-87.236, 14.8379], [-87.2685, 14.8349], [-87.2847, 14.8171], [-87.2882, 14.8005], [-87.2724, 14.7761], [-87.2713, 14.7482], [-87.2905, 14.7422], [-87.3101, 14.7485], [-87.3335, 14.7925], [-87.4024, 14.8659], [-87.4113, 14.8933], [-87.4246, 14.8944], [-87.3988, 14.9215], [-87.383, 14.9248], [-87.367, 14.9143], [-87.3371, 14.916], [-87.3231, 14.8985], [-87.3127, 14.911], [-87.3021, 14.9122], [-87.2873, 14.8927], [-87.2421, 14.8738]]]}}, {"id": "49", "type": "Feature", "properties": {"adm2_code": "17258", "adm2_name": "San Luis", "adm1_code": "1423", "adm1_name": "Comayagua"}, "geometry": {"type": "Polygon", "coordinates": [[[-87.509, 14.8201], [-87.4588, 14.7853], [-87.3863, 14.7658], [-87.4085, 14.731], [-87.4362, 14.7081], [-87.4517, 14.7038], [-87.5238, 14.719], [-87.5314, 14.7576], [-87.5212, 14.8188], [-87.509, 14.8201]]]}}, {"id": "50", "type": "Feature", "properties": {"adm2_code": "17259", "adm2_name": "San Sebastian", "adm1_code": "1423", "adm1_name": "Comayagua"}, "geometry": {"type": "MultiPolygon", "coordinates": [[[[-87.7752, 14.2237], [-87.7596, 14.2266], [-87.762, 14.2201], [-87.7302, 14.2033], [-87.7377, 14.1982], [-87.7343, 14.1745], [-87.7495, 14.1696], [-87.7687, 14.1516], [-87.7858, 14.1783], [-87.821, 14.1882], [-87.829, 14.2106], [-87.8137, 14.2229], [-87.8129, 14.2172], [-87.7796, 14.2319], [-87.7752, 14.2237]]], [[[-87.6218, 14.2589], [-87.6019, 14.2409], [-87.5995, 14.2209], [-87.6686, 14.2089], [-87.6836, 14.1957], [-87.6889, 14.2198], [-87.6696, 14.2452], [-87.6612, 14.2385], [-87.652, 14.2446], [-87.6569, 14.2523], [-87.6457, 14.2607], [-87.6218, 14.2589]]]]}}, {"id": "51", "type": "Feature", "properties": {"adm2_code": "17260", "adm2_name": "Siguatepeque", "adm1_code": "1423", "adm1_name": "Comayagua"}, "geometry": {"type": "Polygon", "coordinates": [[[-87.7744, 14.6974], [-87.7787, 14.6779], [-87.7925, 14.662], [-87.7926, 14.6265], [-87.7802, 14.6113], [-87.7888, 14.6005], [-87.7797, 14.5828], [-87.7836, 14.5704], [-87.7775, 14.5588], [-87.8261, 14.5617], [-87.8254, 14.5301], [-87.8417, 14.5303], [-87.862, 14.5194], [-87.8586, 14.5043], [-87.8749, 14.4957], [-87.8937, 14.4897], [-87.8966, 14.5211], [-87.9341, 14.5318], [-87.9426, 14.5728], [-87.9536, 14.5853], [-87.9532, 14.6008], [-87.9767, 14.6013], [-87.9858, 14.6114], [-88.0126, 14.6169], [-88.0111, 14.636], [-87.911, 14.64], [-87.8923, 14.6643], [-87.8928, 14.7182], [-87.9179, 14.7345], [-87.9206, 14.7489], [-87.8756, 14.8045], [-87.8645, 14.7667], [-87.8225, 14.7083], [-87.7744, 14.6974]]]}}, {"id": "52", "type": "Feature", "properties": {"adm2_code": "17261", "adm2_name": "Taulabe", "adm1_code": "1423", "adm1_name": "Comayagua"}, "geometry": {"type": "Polygon", "coordinates": [[[-87.8756, 14.8045], [-87.9206, 14.7489], [-87.9179, 14.7345], [-87.8928, 14.7182], [-87.8923, 14.6643], [-87.911, 14.64], [-88.0111, 14.636], [-88.0231, 14.6856], [-88.0137, 14.6932], [-87.9891, 14.6961], [-87.9932, 14.7193], [-87.9872, 14.7323], [-88.0009, 14.7492], [-88.0218, 14.7519], [-87.9892, 14.7851], [-87.976, 14.7856], [-87.9668, 14.7971], [-87.8969, 14.8411], [-87.8783, 14.8299], [-87.8756, 14.8045]]]}}, {"id": "53", "type": "Feature", "properties": {"adm2_code": "17262", "adm2_name": "Villa De San Antonio", "adm1_code": "1423", "adm1_name": "Comayagua"}, "geometry": {"type": "Polygon", "coordinates": [[[-87.4054, 14.3706], [-87.419, 14.3385], [-87.4533, 14.3272], [-87.4823, 14.2828], [-87.4725, 14.2581], [-87.4243, 14.2347], [-87.4356, 14.2284], [-87.43, 14.221], [-87.4353, 14.2121], [-87.5049, 14.1983], [-87.5143, 14.2061], [-87.5309, 14.2012], [-87.5533, 14.2043], [-87.5696, 14.2133], [-87.5807, 14.2365], [-87.6022, 14.2358], [-87.6218, 14.2589], [-87.6471, 14.2626], [-87.6484, 14.2694], [-87.6416, 14.2669], [-87.6335, 14.2751], [-87.6432, 14.2946], [-87.6348, 14.3032], [-87.6447, 14.307], [-87.6476, 14.3222], [-87.6421, 14.3324], [-87.6543, 14.3553], [-87.5789, 14.3708], [-87.5577, 14.37], [-87.5551, 14.3651], [-87.5376, 14.3736], [-87.5034, 14.3707], [-87.5024, 14.3512], [-87.4923, 14.3563], [-87.4769, 14.347], [-87.4478, 14.3623], [-87.4462, 14.37], [-87.4054, 14.3706]]]}}, {"id": "54", "type": "Feature", "properties": {"adm2_code": "17263", "adm2_name": "Cabanas", "adm1_code": "1424", "adm1_name": "Copan"}, "geometry": {"type": "Polygon", "coordinates": [[[-89.0064, 14.7626], [-89.02, 14.7428], [-89.0061, 14.7364], [-89.007, 14.701], [-89.0634, 14.7038], [-89.075, 14.7132], [-89.0926, 14.7104], [-89.0967, 14.7238], [-89.1175, 14.7433], [-89.1154, 14.7516], [-89.1274, 14.7628], [-89.1254, 14.7866], [-89.1081, 14.8245], [-89.0844, 14.8429], [-89.0681, 14.8425], [-89.0463, 14.7947], [-89.0322, 14.7928], [-89.0306, 14.7839], [-89.0151, 14.7757], [-89.0064, 14.7626]]]}}, {"id": "55", "type": "Feature", "properties": {"adm2_code": "17264", "adm2_name": "Concepcion", "adm1_code": "1424", "adm1_name": "Copan"}, "geometry": {"type": "Polygon", "coordinates": [[[-88.9074, 14.902], [-88.8686, 14.8961], [-88.8707, 14.8824], [-88.8545, 14.8717], [-88.8552, 14.8451], [-88.8399, 14.8241], [-88.8099, 14.8245], [-88.8028, 14.8077], [-88.8187, 14.7868], [-88.8315, 14.7892], [-88.8442, 14.7806], [-88.8573, 14.7968], [-88.8556, 14.8179], [-88.8925, 14.8573], [-88.8938, 14.8677], [-88.9345, 14.8623], [-88.9351, 14.8736], [-88.9555, 14.9035], [-88.9389, 14.9192], [-88.9243, 14.9215], [-88.9114, 14.9194], [-88.9074, 14.902]]]}}, {"id": "56", "type": "Feature", "properties": {"adm2_code": "17265", "adm2_name": "Copan Ruinas", "adm1_code": "1424", "adm1_name": "Copan"}, "geometry": {"type": "Polygon", "coordinates": [[[-89.0416, 14.9612], [-89.0532, 14.954], [-89.0884, 14.9551], [-89.1088, 14.9366], [-89.124, 14.9393], [-89.1302, 14.9152], [-89.1191, 14.9049], [-89.1211, 14.8836], [-89.1054, 14.8567], [-89.1278, 14.8407], [-89.1125, 14.8343], [-89.1081, 14.8245], [-89.1254, 14.7866], [-89.1274, 14.7628], [-89.0926, 14.7104], [-89.1356, 14.6969], [-89.1348, 14.7094], [-89.1615, 14.7229], [-89.1687, 14.7329], [-89.1684, 14.7732], [-89.2034, 14.8081], [-89.2239, 14.8396], [-89.2225, 14.8838], [-89.1869, 14.9048], [-89.1659, 14.9476], [-89.1583, 14.9785], [-89.1777, 14.9871], [-89.1822, 14.997], [-89.1544, 15.0653], [-89.0734, 15.0972], [-89.0824, 15.0888], [-89.0818, 15.0777], [-89.0444, 15.0668], [-89.0437, 15.0352], [-89.0289, 15.0153], [-89.0555, 15.0037], [-89.0416, 14.9612]]]}}, {"id": "57", "type": "Feature", "properties": {"adm2_code": "17266", "adm2_name": "Corquin", "adm1_code": "1424", "adm1_name": "Copan"}, "geometry": {"type": "Polygon", "coordinates": [[[-88.8731, 14.5935], [-88.8618, 14.5855], [-88.8355, 14.5873], [-88.8281, 14.564], [-88.8088, 14.5774], [-88.8068, 14.591], [-88.8028, 14.5745], [-88.7952, 14.581], [-88.7864, 14.5715], [-88.7798, 14.5869], [-88.733, 14.5917], [-88.7527, 14.5798], [-88.7724, 14.5349], [-88.809, 14.5186], [-88.8292, 14.5202], [-88.8223, 14.4869], [-88.8437, 14.4813], [-88.8509, 14.4964], [-88.8919, 14.5037], [-88.9125, 14.5268], [-88.9094, 14.5423], [-88.9284, 14.5481], [-88.9229, 14.5505], [-88.9169, 14.5821], [-88.9117, 14.5802], [-88.8983, 14.5932], [-88.8731, 14.5935]]]}}, {"id": "58", "type": "Feature", "properties": {"adm2_code": "17267", "adm2_name": "Cucuyagua", "adm1_code": "1424", "adm1_name": "Copan"}, "geometry": {"type": "Polygon", "coordinates": [[[-88.7787, 14.7027], [-88.7854, 14.7031], [-88.7941, 14.6864], [-88.7665, 14.6361], [-88.7858, 14.6278], [-88.7955, 14.614], [-88.8604, 14.6162], [-88.8812, 14.6259], [-88.87, 14.6325], [-88.8777, 14.641], [-88.874, 14.6653], [-88.8872, 14.6819], [-88.8837, 14.6898], [-88.8948, 14.6957], [-88.8912, 14.7045], [-88.902, 14.7122], [-88.8994, 14.716], [-88.8923, 14.7112], [-88.8952, 14.7203], [-88.9085, 14.7294], [-88.8893, 14.7421], [-88.8851, 14.7361], [-88.8791, 14.7415], [-88.8531, 14.7425], [-88.8485, 14.7352], [-88.8325, 14.7349], [-88.8295, 14.7208], [-88.8218, 14.7206], [-88.8185, 14.7135], [-88.7787, 14.7027]]]}}, {"id": "59", "type": "Feature", "properties": {"adm2_code": "17268", "adm2_name": "Dolores", "adm1_code": "1424", "adm1_name": "Copan"}, "geometry": {"type": "Polygon", "coordinates": [[[-88.8307, 14.916], [-88.8097, 14.8947], [-88.7892, 14.8306], [-88.8307, 14.855], [-88.8424, 14.8961], [-88.893, 14.8972], [-88.888, 14.9149], [-88.8633, 14.9418], [-88.8523, 14.9377], [-88.8457, 14.9435], [-88.8354, 14.9343], [-88.8307, 14.916]]]}}, {"id": "60", "type": "Feature", "properties": {"adm2_code": "17269", "adm2_name": "Dulce Nombre", "adm1_code": "1424", "adm1_name": "Copan"}, "geometry": {"type": "Polygon", "coordinates": [[[-88.7892, 14.8306], [-88.797, 14.8232], [-88.795, 14.8116], [-88.8027, 14.8077], [-88.8099, 14.8245], [-88.8399, 14.8241], [-88.8552, 14.8451], [-88.8545, 14.8717], [-88.8707, 14.8824], [-88.8686, 14.8961], [-88.8462, 14.8981], [-88.8375, 14.8924], [-88.8307, 14.855], [-88.7892, 14.8306]]]}}, {"id": "61", "type": "Feature", "properties": {"adm2_code": "17270", "adm2_name": "El Paraiso", "adm1_code": "1424", "adm1_name": "Copan"}, "geometry": {"type": "Polygon", "coordinates": [[[-88.9145, 15.1029], [-88.924, 15.0764], [-88.9273, 15.0185], [-88.9225, 14.9903], [-88.9605, 14.945], [-89.0416, 14.9612], [-89.0555, 15.0037], [-89.0289, 15.0153], [-89.0437, 15.0352], [-89.0444, 15.0668], [-89.0818, 15.0777], [-89.0824, 15.0888], [-89.0734, 15.0972], [-88.9671, 15.1371], [-88.9445, 15.1564], [-88.9259, 15.1492], [-88.915, 15.1344], [-88.9145, 15.1029]]]}}, {"id": "62", "type": "Feature", "properties": {"adm2_code": "17271", "adm2_name": "Florida", "adm1_code": "1424", "adm1_name": "Copan"}, "geometry": {"type": "Polygon", "coordinates": [[[-88.6982, 15.1913], [-88.7099, 15.1776], [-88.7088, 15.1582], [-88.7385, 15.172], [-88.7478, 15.1888], [-88.7623, 15.189], [-88.7599, 15.1804], [-88.7691, 15.1675], [-88.7686, 15.153], [-88.7917, 15.0955], [-88.7875, 15.0753], [-88.8064, 15.0584], [-88.8175, 15.0566], [-88.8127, 15.0514], [-88.819, 15.0409], [-88.8157, 15.0357], [-88.8235, 15.0353], [-88.8216, 15.0129], [-88.8011, 15.003], [-88.7931, 14.9885], [-88.7956, 14.9681], [-88.8432, 14.9773], [-88.8406, 15.0127], [-88.8548, 15.0346], [-88.8459, 15.0495], [-88.859, 15.0815], [-88.8622, 15.1326], [-88.8982, 15.1202], [-88.915, 15.1018], [-88.915, 15.1344], [-88.9259, 15.1492], [-88.9445, 15.1564], [-88.8262, 15.2552], [-88.7609, 15.2891], [-88.706, 15.2328], [-88.7171, 15.2062], [-88.6982, 15.1913]]]}}, {"id": "63", "type": "Feature", "properties": {"adm2_code": "17272", "adm2_name": "La Jigua", "adm1_code": "1424", "adm1_name": "Copan"}, "geometry": {"type": "Polygon", "coordinates": [[[-88.7054, 15.1605], [-88.7029, 15.1171], [-88.7157, 15.0942], [-88.7312, 15.087], [-88.7265, 15.0828], [-88.7493, 15.0822], [-88.753, 15.0711], [-88.7584, 15.0714], [-88.7673, 15.056], [-88.7754, 15.0144], [-88.8099, 15.0072], [-88.8216, 15.0129], [-88.8235, 15.0353], [-88.8157, 15.0357], [-88.819, 15.0409], [-88.8127, 15.0514], [-88.8175, 15.0566], [-88.8064, 15.0584], [-88.7875, 15.0753], [-88.7917, 15.0955], [-88.7686, 15.153], [-88.7691, 15.1675], [-88.7599, 15.1804], [-88.7623, 15.189], [-88.7478, 15.1888], [-88.7385, 15.172], [-88.7054, 15.1605]]]}}, {"id": "64", "type": "Feature", "properties": {"adm2_code": "17273", "adm2_name": "La Union", "adm1_code": "1424", "adm1_name": "Copan"}, "geometry": {"type": "Polygon", "coordinates": [[[-88.8946, 14.7655], [-88.8895, 14.7408], [-88.9086, 14.7266], [-88.8952, 14.7203], [-88.8923, 14.7112], [-88.8994, 14.716], [-88.902, 14.7122], [-88.8912, 14.7045], [-88.8948, 14.6957], [-88.8837, 14.6898], [-88.8872, 14.6819], [-88.874, 14.6653], [-88.8777, 14.641], [-88.87, 14.6325], [-88.8813, 14.6283], [-88.8751, 14.6234], [-88.8787, 14.6136], [-88.8722, 14.597], [-88.8983, 14.5932], [-88.9139, 14.5803], [-88.9922, 14.6441], [-89.007, 14.701], [-89.0061, 14.7364], [-89.02, 14.7428], [-89.0064, 14.7626], [-88.9885, 14.7579], [-88.9844, 14.782], [-88.9747, 14.7861], [-88.9625, 14.7738], [-88.942, 14.7823], [-88.9319, 14.7742], [-88.8946, 14.7655]]]}}, {"id": "65", "type": "Feature", "properties": {"adm2_code": "17274", "adm2_name": "Nueva Arcadia", "adm1_code": "1424", "adm1_name": "Copan"}, "geometry": {"type": "Polygon", "coordinates": [[[-88.6422, 15.1413], [-88.6538, 15.1348], [-88.6584, 15.1029], [-88.6374, 15.0811], [-88.6306, 15.0648], [-88.6347, 15.0543], [-88.6499, 15.0513], [-88.6625, 15.0403], [-88.6704, 15.0185], [-88.7069, 15.0204], [-88.7119, 15.0078], [-88.7327, 15.0095], [-88.7347, 14.9997], [-88.7669, 15.0045], [-88.7754, 15.0144], [-88.7673, 15.056], [-88.7493, 15.0822], [-88.7265, 15.0828], [-88.7312, 15.087], [-88.7157, 15.0942], [-88.7029, 15.1171], [-88.7004, 15.1312], [-88.71, 15.1756], [-88.7005, 15.1908], [-88.6848, 15.1819], [-88.6743, 15.1576], [-88.664, 15.1573], [-88.6422, 15.1413]]]}}, {"id": "66", "type": "Feature", "properties": {"adm2_code": "17275", "adm2_name": "San Agustin", "adm1_code": "1424", "adm1_name": "Copan"}, "geometry": {"type": "Polygon", "coordinates": [[[-88.8925, 14.8573], [-88.9068, 14.8405], [-88.8949, 14.7935], [-88.8946, 14.7655], [-88.9319, 14.7742], [-88.942, 14.7823], [-88.9625, 14.7738], [-88.9747, 14.7861], [-88.9555, 14.8105], [-88.9592, 14.8226], [-88.9491, 14.8416], [-88.9337, 14.8535], [-88.9345, 14.8623], [-88.8938, 14.8677], [-88.8925, 14.8573]]]}}, {"id": "67", "type": "Feature", "properties": {"adm2_code": "17276", "adm2_name": "San Antonio", "adm1_code": "1424", "adm1_name": "Copan"}, "geometry": {"type": "Polygon", "coordinates": [[[-88.8242, 14.9736], [-88.8321, 14.9673], [-88.8781, 14.9716], [-88.9235, 14.9918], [-88.924, 15.0764], [-88.9168, 15.0994], [-88.8982, 15.1202], [-88.8736, 15.1317], [-88.8615, 15.1311], [-88.859, 15.0815], [-88.8459, 15.0495], [-88.8548, 15.0346], [-88.8406, 15.0127], [-88.8432, 14.9773], [-88.8242, 14.9736]]]}}, {"id": "68", "type": "Feature", "properties": {"adm2_code": "17277", "adm2_name": "San Jeronimo", "adm1_code": "1424", "adm1_name": "Copan"}, "geometry": {"type": "Polygon", "coordinates": [[[-88.8242, 14.9734], [-88.8128, 14.9646], [-88.8153, 14.9574], [-88.824, 14.9548], [-88.8264, 14.9465], [-88.8373, 14.9496], [-88.8523, 14.9377], [-88.8655, 14.9407], [-88.888, 14.9149], [-88.893, 14.8972], [-88.9074, 14.902], [-88.9114, 14.9194], [-88.9389, 14.9192], [-88.9396, 14.935], [-88.9605, 14.945], [-88.9225, 14.9903], [-88.8781, 14.9716], [-88.8321, 14.9673], [-88.8242, 14.9734]]]}}, {"id": "69", "type": "Feature", "properties": {"adm2_code": "17278", "adm2_name": "San Jose", "adm1_code": "1424", "adm1_name": "Copan"}, "geometry": {"type": "Polygon", "coordinates": [[[-88.6354, 14.9098], [-88.6327, 14.8807], [-88.6578, 14.8742], [-88.693, 14.8778], [-88.7425, 14.8705], [-88.7556, 14.8747], [-88.7604, 14.8881], [-88.782, 14.894], [-88.7597, 14.9187], [-88.7215, 14.9158], [-88.7169, 14.9218], [-88.6885, 14.9219], [-88.6829, 14.9061], [-88.6745, 14.9044], [-88.6407, 14.9137], [-88.6354, 14.9098]]]}}, {"id": "70", "type": "Feature", "properties": {"adm2_code": "17279", "adm2_name": "San Juan De Opoa", "adm1_code": "1424", "adm1_name": "Copan"}, "geometry": {"type": "Polygon", "coordinates": [[[-88.6482, 14.8389], [-88.6461, 14.8287], [-88.6628, 14.8187], [-88.672, 14.7987], [-88.6745, 14.7679], [-88.6612, 14.761], [-88.6586, 14.748], [-88.7237, 14.7568], [-88.7616, 14.8205], [-88.7567, 14.8251], [-88.7416, 14.8175], [-88.7122, 14.8272], [-88.7063, 14.8374], [-88.6482, 14.8389]]]}}, {"id": "71", "type": "Feature", "properties": {"adm2_code": "17280", "adm2_name": "San Nicolas", "adm1_code": "1424", "adm1_name": "Copan"}, "geometry": {"type": "Polygon", "coordinates": [[[-88.6704, 15.0185], [-88.6742, 14.9842], [-88.6893, 14.9543], [-88.7303, 14.9594], [-88.784, 14.9544], [-88.8242, 14.9714], [-88.7956, 14.9681], [-88.7931, 14.9885], [-88.8099, 15.0072], [-88.7754, 15.0144], [-88.7669, 15.0045], [-88.7347, 14.9997], [-88.7327, 15.0095], [-88.7119, 15.0078], [-88.7069, 15.0204], [-88.6704, 15.0185]]]}}, {"id": "72", "type": "Feature", "properties": {"adm2_code": "17281", "adm2_name": "San Pedro", "adm1_code": "1424", "adm1_name": "Copan"}, "geometry": {"type": "Polygon", "coordinates": [[[-88.7478, 14.6286], [-88.7279, 14.5967], [-88.733, 14.5917], [-88.7798, 14.5869], [-88.7864, 14.5715], [-88.7952, 14.581], [-88.8028, 14.5745], [-88.8068, 14.591], [-88.8088, 14.5774], [-88.8281, 14.564], [-88.8315, 14.5835], [-88.8375, 14.5884], [-88.868, 14.5874], [-88.8787, 14.6136], [-88.8755, 14.6213], [-88.7955, 14.614], [-88.7858, 14.6278], [-88.7665, 14.6361], [-88.7478, 14.6286]]]}}, {"id": "73", "type": "Feature", "properties": {"adm2_code": "17282", "adm2_name": "Santa Rita", "adm1_code": "1424", "adm1_name": "Copan"}, "geometry": {"type": "Polygon", "coordinates": [[[-88.9605, 14.945], [-88.9396, 14.935], [-88.9389, 14.9192], [-88.9555, 14.9035], [-88.9351, 14.8736], [-88.9337, 14.8535], [-88.9491, 14.8416], [-88.9592, 14.8226], [-88.9555, 14.8105], [-88.9844, 14.782], [-88.9885, 14.7579], [-89.0064, 14.7626], [-89.0151, 14.7757], [-89.0306, 14.7839], [-89.0322, 14.7928], [-89.0463, 14.7947], [-89.0681, 14.8425], [-89.0844, 14.8429], [-89.1081, 14.8245], [-89.1125, 14.8343], [-89.1278, 14.8407], [-89.1054, 14.8567], [-89.1211, 14.8836], [-89.1191, 14.9049], [-89.1302, 14.9152], [-89.124, 14.9393], [-89.1088, 14.9366], [-89.0884, 14.9551], [-89.0532, 14.954], [-89.0416, 14.9612], [-88.9605, 14.945]]]}}, {"id": "74", "type": "Feature", "properties": {"adm2_code": "17283", "adm2_name": "Santa Rosa De Copan", "adm1_code": "1424", "adm1_name": "Copan"}, "geometry": {"type": "Polygon", "coordinates": [[[-88.6482, 14.8389], [-88.7063, 14.8374], [-88.7122, 14.8272], [-88.7416, 14.8175], [-88.7567, 14.8251], [-88.7616, 14.8205], [-88.7237, 14.7568], [-88.6586, 14.748], [-88.6527, 14.7345], [-88.6575, 14.7266], [-88.6458, 14.7113], [-88.6483, 14.7003], [-88.6744, 14.7067], [-88.6844, 14.696], [-88.7225, 14.6917], [-88.7682, 14.6973], [-88.7937, 14.7103], [-88.8185, 14.7135], [-88.8218, 14.7206], [-88.8295, 14.7208], [-88.8325, 14.7349], [-88.8485, 14.7352], [-88.8531, 14.7425], [-88.8791, 14.7415], [-88.8851, 14.7361], [-88.8897, 14.7416], [-88.9068, 14.8405], [-88.8925, 14.8573], [-88.8556, 14.8179], [-88.8573, 14.7968], [-88.8423, 14.7798], [-88.8315, 14.7892], [-88.8187, 14.7868], [-88.8173, 14.7942], [-88.795, 14.8116], [-88.7924, 14.8287], [-88.7537, 14.8463], [-88.7477, 14.8733], [-88.6578, 14.8742], [-88.6327, 14.8807], [-88.6428, 14.8666], [-88.6366, 14.849], [-88.6459, 14.8503], [-88.6482, 14.8389]]]}}, {"id": "75", "type": "Feature", "properties": {"adm2_code": "17284", "adm2_name": "Trinidad", "adm1_code": "1424", "adm1_name": "Copan"}, "geometry": {"type": "Polygon", "coordinates": [[[-88.6893, 14.9543], [-88.6966, 14.9363], [-88.6885, 14.9219], [-88.7169, 14.9218], [-88.7215, 14.9158], [-88.7597, 14.9187], [-88.782, 14.894], [-88.8307, 14.916], [-88.8354, 14.9343], [-88.8463, 14.943], [-88.8373, 14.9496], [-88.8264, 14.9465], [-88.8128, 14.9646], [-88.784, 14.9544], [-88.7303, 14.9594], [-88.6893, 14.9543]]]}}, {"id": "76", "type": "Feature", "properties": {"adm2_code": "17285", "adm2_name": "Veracruz", "adm1_code": "1424", "adm1_name": "Copan"}, "geometry": {"type": "Polygon", "coordinates": [[[-88.8307, 14.916], [-88.7604, 14.8881], [-88.75, 14.8722], [-88.7537, 14.8463], [-88.7892, 14.8306], [-88.8097, 14.8947], [-88.8307, 14.916]]]}}, {"id": "77", "type": "Feature", "properties": {"adm2_code": "17286", "adm2_name": "Choloma", "adm1_code": "1425", "adm1_name": "Cortes"}, "geometry": {"type": "Polygon", "coordinates": [[[-87.7954, 15.6195], [-87.7924, 15.5881], [-87.7953, 15.596], [-87.8583, 15.5651], [-87.8524, 15.5515], [-87.8555, 15.5383], [-87.8934, 15.5306], [-87.9532, 15.552], [-87.9692, 15.5482], [-88.0501, 15.6315], [-88.0659, 15.6745], [-88.048, 15.6989], [-88.0249, 15.7026], [-87.9691, 15.7492], [-87.8673, 15.7479], [-87.8733, 15.7407], [-87.8671, 15.7394], [-87.872, 15.7165], [-87.8826, 15.7183], [-87.8853, 15.7024], [-87.8692, 15.6879], [-87.8609, 15.6625], [-87.8317, 15.6428], [-87.8295, 15.6246], [-87.7954, 15.6195]]]}}, {"id": "78", "type": "Feature", "properties": {"adm2_code": "17287", "adm2_name": "La Lima", "adm1_code": "1425", "adm1_name": "Cortes"}, "geometry": {"type": "Polygon", "coordinates": [[[-87.7953, 15.596], [-87.782, 15.5626], [-87.7883, 15.56], [-87.8005, 15.5731], [-87.8113, 15.5744], [-87.807, 15.5519], [-87.8228, 15.5424], [-87.813, 15.5129], [-87.8202, 15.5108], [-87.8313, 15.5207], [-87.8384, 15.518], [-87.8336, 15.5057], [-87.8423, 15.4933], [-87.8293, 15.4816], [-87.8331, 15.4653], [-87.8142, 15.4539], [-87.8269, 15.4278], [-87.8356, 15.4289], [-87.8402, 15.4467], [-87.8645, 15.4449], [-87.8686, 15.4392], [-87.8612, 15.4291], [-87.8732, 15.4153], [-87.8826, 15.4223], [-87.8854, 15.4107], [-87.8952, 15.4178], [-87.9009, 15.4107], [-87.9216, 15.4123], [-87.9495, 15.3981], [-87.9513, 15.4131], [-87.9615, 15.4116], [-87.959, 15.4398], [-87.9464, 15.4482], [-87.9391, 15.4428], [-87.9462, 15.44], [-87.9429, 15.4323], [-87.9353, 15.4301], [-87.9113, 15.4479], [-87.906, 15.4582], [-87.9114, 15.4719], [-87.8938, 15.4848], [-87.8884, 15.5031], [-87.8593, 15.5178], [-87.8524, 15.5515], [-87.8583, 15.5651], [-87.7953, 15.596]]]}}, {"id": "79", "type": "Feature", "properties": {"adm2_code": "17288", "adm2_name": "Omoa", "adm1_code": "1425", "adm1_name": "Cortes"}, "geometry": {"type": "Polygon", "coordinates": [[[-87.9711, 15.8022], [-87.9608, 15.7773], [-87.9696, 15.749], [-88.0249, 15.7026], [-88.0454, 15.7003], [-88.0568, 15.6921], [-88.0935, 15.6103], [-88.1059, 15.6], [-88.1477, 15.6113], [-88.1629, 15.6281], [-88.1891, 15.6272], [-88.276, 15.585], [-88.3253, 15.568], [-88.4303, 15.5452], [-88.3548, 15.604], [-88.3061, 15.666], [-88.2519, 15.6873], [-88.2444, 15.6994], [-88.2499, 15.7174], [-88.2213, 15.7205], [-88.1547, 15.6821], [-88.1219, 15.6868], [-88.1025, 15.7067], [-88.1035, 15.716], [-88.11, 15.7098], [-88.1011, 15.7277], [-88.0837, 15.7337], [-88.0761, 15.7485], [-88.0481, 15.7634], [-88.0421, 15.7776], [-88.0479, 15.7823], [-87.9985, 15.7868], [-87.9711, 15.8022]]]}}, {"id": "80", "type": "Feature", "properties": {"adm2_code": "17289", "adm2_name": "Pimienta", "adm1_code": "1425", "adm1_name": "Cortes"}, "geometry": {"type": "Polygon", "coordinates": [[[-87.9241, 15.2883], [-87.9271, 15.278], [-87.9113, 15.2731], [-87.9126, 15.2616], [-87.9334, 15.2593], [-87.9363, 15.2358], [-87.9733, 15.2394], [-88.0054, 15.2246], [-88.0138, 15.2286], [-88.0135, 15.2555], [-88.0224, 15.2724], [-88.0067, 15.2878], [-87.9758, 15.2825], [-87.9441, 15.2941], [-87.9241, 15.2883]]]}}, {"id": "81", "type": "Feature", "properties": {"adm2_code": "17290", "adm2_name": "Potrerillos", "adm1_code": "1425", "adm1_name": "Cortes"}, "geometry": {"type": "Polygon", "coordinates": [[[-87.9363, 15.2358], [-87.9337, 15.2209], [-87.9205, 15.2298], [-87.9244, 15.2175], [-87.9178, 15.2098], [-87.9234, 15.1997], [-87.9171, 15.195], [-87.9221, 15.1879], [-87.9023, 15.1796], [-87.9345, 15.1629], [-87.922, 15.155], [-87.9265, 15.1461], [-87.9176, 15.1369], [-87.9239, 15.1287], [-87.92, 15.1205], [-87.9348, 15.1041], [-87.9306, 15.1033], [-87.9334, 15.0941], [-87.9618, 15.1312], [-87.9674, 15.1594], [-87.9926, 15.1783], [-87.997, 15.2001], [-88.0189, 15.2175], [-88.017, 15.2224], [-88.0063, 15.219], [-88.0054, 15.2246], [-87.9733, 15.2394], [-87.9363, 15.2358]]]}}, {"id": "82", "type": "Feature", "properties": {"adm2_code": "17291", "adm2_name": "Puerto Cortes", "adm1_code": "1425", "adm1_name": "Cortes"}, "geometry": {"type": "MultiPolygon", "coordinates": [[[[-87.7389, 15.8984], [-87.7389, 15.8984], [-87.7389, 15.8985], [-87.7389, 15.8984]]], [[[-87.7929, 15.8974], [-87.8046, 15.8863], [-87.7977, 15.8892], [-87.7862, 15.8753], [-87.7962, 15.8892], [-87.7881, 15.8989], [-87.7485, 15.8971], [-87.7511, 15.8904], [-87.7388, 15.8972], [-87.7411, 15.8821], [-87.7496, 15.878], [-87.7587, 15.8819], [-87.781, 15.8569], [-87.7744, 15.8442], [-87.7802, 15.8406], [-87.7784, 15.8184], [-87.7927, 15.8231], [-87.7887, 15.8064], [-87.8036, 15.8084], [-87.8028, 15.7939], [-87.8084, 15.7877], [-87.7978, 15.7848], [-87.7895, 15.7715], [-87.7927, 15.7557], [-87.7808, 15.7683], [-87.765, 15.7306], [-87.7839, 15.7281], [-87.7836, 15.7144], [-87.7906, 15.7071], [-87.8111, 15.7213], [-87.815, 15.7024], [-87.8346, 15.695], [-87.8468, 15.6805], [-87.8151, 15.6844], [-87.8158, 15.6784], [-87.833, 15.6743], [-87.8374, 15.6556], [-87.8261, 15.6484], [-87.8158, 15.6596], [-87.8199, 15.6435], [-87.8157, 15.6365], [-87.7825, 15.633], [-87.7839, 15.6144], [-87.7742, 15.6049], [-87.7762, 15.5867], [-87.7887, 15.5909], [-87.7954, 15.6195], [-87.83, 15.6251], [-87.8317, 15.6428], [-87.8609, 15.6625], [-87.8692, 15.6879], [-87.8843, 15.7006], [-87.8826, 15.7183], [-87.872, 15.7165], [-87.8671, 15.7394], [-87.8733, 15.7407], [-87.8673, 15.7479], [-87.9696, 15.749], [-87.9608, 15.7773], [-87.9711, 15.8022], [-87.9436, 15.8118], [-87.9329, 15.8283], [-87.9264, 15.8278], [-87.924, 15.8339], [-87.9163, 15.8289], [-87.906, 15.8329], [-87.8934, 15.8575], [-87.8982, 15.8518], [-87.901, 15.8513], [-87.9014, 15.8519], [-87.8997, 15.8523], [-87.898, 15.8543], [-87.8976, 15.8559], [-87.896, 15.8567], [-87.894, 15.8598], [-87.8927, 15.8584], [-87.8872, 15.8582], [-87.8919, 15.8585], [-87.8934, 15.8599], [-87.8937, 15.86], [-87.8946, 15.8597], [-87.8963, 15.8567], [-87.8979, 15.8559], [-87.9006, 15.8521], [-87.8973, 15.8591], [-87.9141, 15.8582], [-87.9316, 15.841], [-87.9296, 15.8282], [-87.9362, 15.8406], [-87.9638, 15.8451], [-87.9557, 15.8619], [-87.9054, 15.8636], [-87.8706, 15.8894], [-87.8435, 15.8909], [-87.8345, 15.8985], [-87.8135, 15.9021], [-87.7929, 15.8974]]], [[[-87.7413, 15.9095], [-87.7389, 15.8989], [-87.7477, 15.8971], [-87.7413, 15.9095]]]]}}, {"id": "83", "type": "Feature", "properties": {"adm2_code": "17292", "adm2_name": "San Antonio De Cortes", "adm1_code": "1425", "adm1_name": "Cortes"}, "geometry": {"type": "Polygon", "coordinates": [[[-87.9334, 15.0941], [-87.9317, 15.0698], [-87.9402, 15.0499], [-87.9508, 15.0612], [-87.9729, 15.0558], [-87.987, 15.063], [-87.9908, 15.0565], [-87.9809, 15.0471], [-88.0123, 15.0383], [-88.0346, 15.0672], [-88.079, 15.078], [-88.1145, 15.1181], [-88.0769, 15.1614], [-88.0573, 15.2019], [-88.026, 15.2094], [-88.017, 15.2224], [-88.0172, 15.2116], [-87.997, 15.2001], [-87.9926, 15.1783], [-87.9674, 15.1594], [-87.9618, 15.1312], [-87.9334, 15.0941]]]}}, {"id": "84", "type": "Feature", "properties": {"adm2_code": "17293", "adm2_name": "San Francisco  De Yojoa", "adm1_code": "1425", "adm1_name": "Cortes"}, "geometry": {"type": "Polygon", "coordinates": [[[-87.9402, 15.0499], [-87.9375, 14.9896], [-87.9699, 14.9685], [-88.0115, 14.971], [-88.0405, 14.9811], [-88.0312, 14.99], [-88.0291, 15.0333], [-88.0224, 15.0451], [-88.0123, 15.0383], [-87.9809, 15.0471], [-87.9908, 15.0565], [-87.987, 15.063], [-87.9729, 15.0558], [-87.9508, 15.0612], [-87.9402, 15.0499]]]}}, {"id": "85", "type": "Feature", "properties": {"adm2_code": "17294", "adm2_name": "San Manuel", "adm1_code": "1425", "adm1_name": "Cortes"}, "geometry": {"type": "Polygon", "coordinates": [[[-87.9079, 15.2887], [-87.9463, 15.2938], [-87.9601, 15.3485], [-87.9437, 15.3627], [-87.9739, 15.4113], [-87.9655, 15.4201], [-87.9577, 15.4149], [-87.9608, 15.4109], [-87.9513, 15.4131], [-87.9495, 15.3981], [-87.9216, 15.4123], [-87.9009, 15.4107], [-87.8952, 15.4178], [-87.8854, 15.4107], [-87.8826, 15.4223], [-87.8732, 15.4153], [-87.8609, 15.4337], [-87.8339, 15.4226], [-87.8272, 15.414], [-87.8248, 15.3909], [-87.8434, 15.3907], [-87.8521, 15.3624], [-87.8815, 15.337], [-87.8811, 15.332], [-87.8676, 15.3295], [-87.8692, 15.3226], [-87.8877, 15.3303], [-87.8943, 15.3096], [-87.9181, 15.3078], [-87.9079, 15.2887]]]}}, {"id": "86", "type": "Feature", "properties": {"adm2_code": "17295", "adm2_name": "San Pedro Sula", "adm1_code": "1425", "adm1_name": "Cortes"}, "geometry": {"type": "Polygon", "coordinates": [[[-87.859, 15.5375], [-87.8593, 15.5178], [-87.8884, 15.5031], [-87.8938, 15.4848], [-87.9114, 15.4719], [-87.906, 15.4582], [-87.9113, 15.4479], [-87.9325, 15.4306], [-87.9429, 15.4323], [-87.9462, 15.44], [-87.9391, 15.4428], [-87.949, 15.4487], [-87.959, 15.4398], [-87.9613, 15.418], [-87.9665, 15.42], [-87.9736, 15.4113], [-87.9767, 15.4171], [-87.988, 15.4097], [-87.9914, 15.4194], [-88.0006, 15.4065], [-88.0138, 15.4064], [-88.0222, 15.4162], [-88.0305, 15.4119], [-88.0366, 15.4177], [-88.0457, 15.4059], [-88.051, 15.4146], [-88.0608, 15.3992], [-88.0708, 15.4089], [-88.0771, 15.4022], [-88.0866, 15.4081], [-88.1013, 15.4067], [-88.1114, 15.3943], [-88.1315, 15.3971], [-88.1311, 15.379], [-88.1605, 15.3607], [-88.1843, 15.3745], [-88.1928, 15.388], [-88.2318, 15.4019], [-88.2427, 15.4314], [-88.2366, 15.4864], [-88.4344, 15.5418], [-88.276, 15.585], [-88.1891, 15.6272], [-88.1629, 15.6281], [-88.1477, 15.6113], [-88.1059, 15.6], [-88.0935, 15.6103], [-88.0659, 15.6745], [-88.0501, 15.6315], [-87.9692, 15.5482], [-87.9532, 15.552], [-87.8934, 15.5306], [-87.859, 15.5375]]]}}, {"id": "87", "type": "Feature", "properties": {"adm2_code": "17296", "adm2_name": "Santa Cruz De Yojoa", "adm1_code": "1425", "adm1_name": "Cortes"}, "geometry": {"type": "Polygon", "coordinates": [[[-87.7736, 15.1333], [-87.7359, 15.1028], [-87.7426, 15.0935], [-87.7363, 15.0778], [-87.7479, 15.0664], [-87.7522, 15.04], [-87.7455, 15.0183], [-87.737, 15.0109], [-87.7458, 14.9857], [-87.7368, 14.9741], [-87.7384, 14.9593], [-87.7505, 14.9448], [-87.7792, 14.9362], [-87.7848, 14.9194], [-87.7989, 14.9233], [-87.8025, 14.9089], [-87.845, 14.893], [-87.8526, 14.8777], [-87.8717, 14.8659], [-87.8763, 14.8563], [-87.9668, 14.7971], [-87.976, 14.7856], [-87.9892, 14.7851], [-88.0007, 14.8137], [-87.9916, 14.8659], [-88.0019, 14.8741], [-88.0216, 14.8755], [-88.0158, 14.8828], [-88.0242, 14.8939], [-88.0224, 14.9029], [-88.0317, 14.8994], [-88.02, 14.9227], [-88.0518, 14.9144], [-88.0405, 14.9811], [-88.0115, 14.971], [-87.9699, 14.9685], [-87.9345, 14.9932], [-87.941, 15.0473], [-87.9317, 15.0698], [-87.9361, 15.0935], [-87.9312, 15.1112], [-87.92, 15.1205], [-87.9239, 15.1287], [-87.9176, 15.1369], [-87.9265, 15.1461], [-87.922, 15.155], [-87.9345, 15.1629], [-87.9023, 15.1796], [-87.8697, 15.1806], [-87.8482, 15.1624], [-87.8508, 15.1532], [-87.8447, 15.1477], [-87.8215, 15.1511], [-87.8154, 15.1417], [-87.8038, 15.1472], [-87.7974, 15.1392], [-87.7998, 15.1294], [-87.7835, 15.1267], [-87.7736, 15.1333]]]}}, {"id": "88", "type": "Feature", "properties": {"adm2_code": "17297", "adm2_name": "Villanueva", "adm1_code": "1425", "adm1_name": "Cortes"}, "geometry": {"type": "Polygon", "coordinates": [[[-87.9767, 15.4171], [-87.9437, 15.3627], [-87.9601, 15.3485], [-87.9463, 15.2938], [-87.9758, 15.2825], [-88.005, 15.2888], [-88.0215, 15.2736], [-88.0135, 15.2555], [-88.0138, 15.2286], [-88.0054, 15.2246], [-88.0063, 15.219], [-88.017, 15.2224], [-88.026, 15.2094], [-88.059, 15.2], [-88.099, 15.205], [-88.1086, 15.2364], [-88.1222, 15.252], [-88.1295, 15.3608], [-88.1462, 15.3672], [-88.1307, 15.3796], [-88.1279, 15.3901], [-88.1329, 15.3953], [-88.1114, 15.3943], [-88.102, 15.4064], [-88.0875, 15.4082], [-88.0771, 15.4022], [-88.0683, 15.4084], [-88.0608, 15.3992], [-88.051, 15.4146], [-88.0457, 15.4059], [-88.0366, 15.4177], [-88.0305, 15.4119], [-88.0222, 15.4162], [-88.0138, 15.4064], [-88.0006, 15.4065], [-87.9914, 15.4194], [-87.988, 15.4097], [-87.9767, 15.4171]]]}}, {"id": "89", "type": "Feature", "properties": {"adm2_code": "17298", "adm2_name": "Alubaren", "adm1_code": "1426", "adm1_name": "Francisco Morazan"}, "geometry": {"type": "Polygon", "coordinates": [[[-87.4175, 13.7573], [-87.4449, 13.7634], [-87.4564, 13.7604], [-87.4594, 13.7535], [-87.5304, 13.7932], [-87.5264, 13.8113], [-87.52, 13.82], [-87.4955, 13.8224], [-87.4399, 13.7842], [-87.4168, 13.7808], [-87.4175, 13.7573]]]}}, {"id": "90", "type": "Feature", "properties": {"adm2_code": "17299", "adm2_name": "Cedros", "adm1_code": "1426", "adm1_name": "Francisco Morazan"}, "geometry": {"type": "Polygon", "coordinates": [[[-87.1218, 14.6573], [-87.1157, 14.65], [-87.1062, 14.6544], [-87.0874, 14.6393], [-87.0726, 14.6418], [-87.0491, 14.6108], [-87.0426, 14.5815], [-87.0519, 14.5588], [-87.0364, 14.5338], [-87.0347, 14.47], [-87.0643, 14.4616], [-87.097, 14.4642], [-87.1054, 14.4576], [-87.1418, 14.4667], [-87.1836, 14.4642], [-87.2301, 14.4235], [-87.2409, 14.3864], [-87.2497, 14.3813], [-87.2488, 14.3643], [-87.2729, 14.3512], [-87.3074, 14.3472], [-87.3313, 14.3522], [-87.3389, 14.3454], [-87.3872, 14.3623], [-87.4094, 14.361], [-87.3991, 14.3909], [-87.4063, 14.3937], [-87.4104, 14.4068], [-87.4338, 14.4116], [-87.4173, 14.4207], [-87.4204, 14.4396], [-87.4095, 14.4438], [-87.382, 14.4402], [-87.3654, 14.4615], [-87.3399, 14.4672], [-87.3318, 14.4806], [-87.3103, 14.4945], [-87.3309, 14.514], [-87.334, 14.5273], [-87.348, 14.5305], [-87.3397, 14.5404], [-87.3448, 14.5558], [-87.3212, 14.5604], [-87.3148, 14.554], [-87.2994, 14.5594], [-87.2542, 14.5527], [-87.2539, 14.5713], [-87.2454, 14.578], [-87.2449, 14.5954], [-87.2369, 14.6085], [-87.2433, 14.6157], [-87.2252, 14.6414], [-87.2318, 14.6514], [-87.2303, 14.6645], [-87.2079, 14.6815], [-87.1992, 14.6768], [-87.1835, 14.6938], [-87.1839, 14.6873], [-87.1727, 14.6845], [-87.1665, 14.6713], [-87.1554, 14.6713], [-87.1589, 14.6653], [-87.1512, 14.659], [-87.1333, 14.653], [-87.1218, 14.6573]]]}}, {"id": "91", "type": "Feature", "properties": {"adm2_code": "17300", "adm2_name": "Curaren", "adm1_code": "1426", "adm1_name": "Francisco Morazan"}, "geometry": {"type": "Polygon", "coordinates": [[[-87.4936, 13.928], [-87.4985, 13.8886], [-87.4878, 13.8746], [-87.4873, 13.8626], [-87.5008, 13.8478], [-87.4961, 13.8211], [-87.52, 13.82], [-87.5299, 13.8015], [-87.5321, 13.7492], [-87.5249, 13.7417], [-87.5372, 13.737], [-87.551, 13.7205], [-87.5887, 13.7165], [-87.6344, 13.7432], [-87.655, 13.739], [-87.6505, 13.8229], [-87.6246, 13.8612], [-87.6249, 13.8806], [-87.6117, 13.8899], [-87.6059, 13.9451], [-87.5605, 13.9193], [-87.4936, 13.928]]]}}, {"id": "92", "type": "Feature", "properties": {"adm2_code": "17301", "adm2_name": "Distrito Central", "adm1_code": "1426", "adm1_name": "Francisco Morazan"}, "geometry": {"type": "Polygon", "coordinates": [[[-87.1147, 14.2858], [-87.1349, 14.2642], [-87.1361, 14.2472], [-87.0368, 14.2115], [-87.0247, 14.2289], [-87.0173, 14.2275], [-87.0157, 14.2161], [-87.0367, 14.2039], [-87.0416, 14.1846], [-87.1035, 14.1602], [-87.1395, 14.138], [-87.1442, 14.1214], [-87.1364, 14.0933], [-87.1197, 14.0834], [-87.1146, 14.0729], [-87.1031, 14.0744], [-87.0814, 14.0939], [-87.0647, 14.099], [-87.057, 14.0872], [-87.0701, 14.0787], [-87.0688, 14.0707], [-87.0517, 14.0655], [-87.061, 14.0475], [-87.0955, 14.0406], [-87.1257, 14.0092], [-87.1181, 13.9935], [-87.1319, 13.9599], [-87.0932, 13.9459], [-87.1272, 13.8872], [-87.1872, 13.9558], [-87.2398, 13.9689], [-87.2514, 13.9843], [-87.2664, 13.978], [-87.3062, 13.9936], [-87.3521, 14.0193], [-87.3492, 14.0244], [-87.3809, 14.0107], [-87.3848, 14.048], [-87.3793, 14.0676], [-87.3615, 14.0744], [-87.3792, 14.0945], [-87.3762, 14.1056], [-87.386, 14.1082], [-87.3896, 14.1017], [-87.4267, 14.1136], [-87.4768, 14.1992], [-87.4488, 14.2123], [-87.4353, 14.2121], [-87.43, 14.221], [-87.4356, 14.2284], [-87.4241, 14.2332], [-87.4725, 14.2581], [-87.4823, 14.2828], [-87.4533, 14.3272], [-87.419, 14.3385], [-87.4094, 14.361], [-87.3872, 14.3623], [-87.3389, 14.3454], [-87.3313, 14.3522], [-87.3074, 14.3472], [-87.2729, 14.3512], [-87.2488, 14.3643], [-87.1487, 14.3616], [-87.1291, 14.3453], [-87.1407, 14.303], [-87.1506, 14.2902], [-87.1147, 14.2858]]]}}, {"id": "93", "type": "Feature", "properties": {"adm2_code": "17302", "adm2_name": "El Porvenir", "adm1_code": "1426", "adm1_name": "Francisco Morazan"}, "geometry": {"type": "Polygon", "coordinates": [[[-87.2232, 14.8518], [-87.165, 14.8312], [-87.1617, 14.8187], [-87.1528, 14.814], [-87.1704, 14.7698], [-87.158, 14.7417], [-87.1384, 14.7322], [-87.1215, 14.6961], [-87.1218, 14.6573], [-87.1333, 14.653], [-87.1512, 14.659], [-87.1589, 14.6653], [-87.1554, 14.6713], [-87.1665, 14.6713], [-87.1727, 14.6845], [-87.1839, 14.6873], [-87.1835, 14.6938], [-87.1992, 14.6768], [-87.2079, 14.6815], [-87.2303, 14.6645], [-87.2318, 14.6514], [-87.2252, 14.6414], [-87.2433, 14.6157], [-87.2369, 14.6085], [-87.2449, 14.5954], [-87.2454, 14.578], [-87.2539, 14.5713], [-87.2542, 14.5527], [-87.2994, 14.5594], [-87.3148, 14.554], [-87.3212, 14.5604], [-87.3463, 14.5562], [-87.3591, 14.5826], [-87.3513, 14.5933], [-87.3522, 14.6144], [-87.3435, 14.6221], [-87.3481, 14.6282], [-87.3417, 14.6347], [-87.3455, 14.6567], [-87.3316, 14.6517], [-87.3343, 14.6674], [-87.3235, 14.6673], [-87.3087, 14.6779], [-87.3102, 14.6834], [-87.3015, 14.6817], [-87.2865, 14.6909], [-87.2918, 14.698], [-87.2889, 14.716], [-87.2773, 14.7173], [-87.2713, 14.7346], [-87.2724, 14.7761], [-87.2882, 14.8005], [-87.2847, 14.8171], [-87.2685, 14.8349], [-87.2418, 14.8344], [-87.2332, 14.8498], [-87.2232, 14.8518]]]}}, {"id": "94", "type": "Feature", "properties": {"adm2_code": "17303", "adm2_name": "Guaimaca", "adm1_code": "1426", "adm1_name": "Francisco Morazan"}, "geometry": {"type": "Polygon", "coordinates": [[[-86.8811, 14.6266], [-86.815, 14.63], [-86.8077, 14.6131], [-86.7801, 14.5967], [-86.7714, 14.5769], [-86.7551, 14.5674], [-86.7634, 14.5209], [-86.7563, 14.4995], [-86.7438, 14.496], [-86.7475, 14.4699], [-86.7242, 14.4191], [-86.8423, 14.3214], [-86.8407, 14.3069], [-86.8573, 14.3171], [-86.8606, 14.313], [-86.8628, 14.3286], [-86.8953, 14.3647], [-86.9076, 14.3634], [-86.9132, 14.3538], [-86.9193, 14.3608], [-86.9165, 14.3834], [-86.8965, 14.3954], [-86.8932, 14.4279], [-86.907, 14.4251], [-86.9206, 14.4362], [-86.925, 14.4333], [-86.9465, 14.4536], [-86.975, 14.4505], [-86.9903, 14.4613], [-87.0347, 14.47], [-87.0364, 14.5338], [-87.0519, 14.5588], [-87.0426, 14.5815], [-87.0481, 14.6009], [-87.0314, 14.5921], [-87.0241, 14.596], [-87.0005, 14.6351], [-86.9994, 14.6499], [-86.9636, 14.6474], [-86.9314, 14.6307], [-86.8921, 14.6343], [-86.8811, 14.6266]]]}}, {"id": "95", "type": "Feature", "properties": {"adm2_code": "17304", "adm2_name": "La Libertad", "adm1_code": "1426", "adm1_name": "Francisco Morazan"}, "geometry": {"type": "Polygon", "coordinates": [[[-87.5249, 13.7417], [-87.5129, 13.7256], [-87.466, 13.7133], [-87.4617, 13.7076], [-87.468, 13.6866], [-87.4615, 13.6721], [-87.5209, 13.6934], [-87.5466, 13.7127], [-87.551, 13.7205], [-87.5467, 13.7285], [-87.5249, 13.7417]]]}}, {"id": "96", "type": "Feature", "properties": {"adm2_code": "17305", "adm2_name": "La Venta", "adm1_code": "1426", "adm1_name": "Francisco Morazan"}, "geometry": {"type": "Polygon", "coordinates": [[[-87.2665, 13.6787], [-87.2845, 13.6732], [-87.3013, 13.6747], [-87.3158, 13.6842], [-87.363, 13.6791], [-87.365, 13.6929], [-87.3809, 13.6981], [-87.3892, 13.7152], [-87.3975, 13.717], [-87.3965, 13.732], [-87.3795, 13.758], [-87.39, 13.7685], [-87.3811, 13.7767], [-87.3829, 13.7888], [-87.3573, 13.7878], [-87.3306, 13.7601], [-87.2847, 13.7589], [-87.2811, 13.7356], [-87.2719, 13.7347], [-87.2759, 13.7282], [-87.2649, 13.7133], [-87.2672, 13.693], [-87.2609, 13.689], [-87.2665, 13.6787]]]}}, {"id": "97", "type": "Feature", "properties": {"adm2_code": "17306", "adm2_name": "Lepaterique", "adm1_code": "1426", "adm1_name": "Francisco Morazan"}, "geometry": {"type": "Polygon", "coordinates": [[[-87.3809, 14.0107], [-87.4097, 13.9913], [-87.4081, 13.9746], [-87.4209, 13.9546], [-87.4427, 13.9538], [-87.4568, 13.9461], [-87.4491, 13.9309], [-87.5605, 13.9193], [-87.6059, 13.9451], [-87.6026, 13.9571], [-87.6082, 13.9624], [-87.6029, 13.9718], [-87.6156, 13.9902], [-87.6257, 14.0975], [-87.5911, 14.1344], [-87.552, 14.1281], [-87.4929, 14.166], [-87.4768, 14.1992], [-87.4267, 14.1136], [-87.3896, 14.1017], [-87.386, 14.1082], [-87.3755, 14.1046], [-87.3792, 14.0945], [-87.3615, 14.0744], [-87.3793, 14.0676], [-87.3848, 14.048], [-87.3809, 14.0107]]]}}, {"id": "98", "type": "Feature", "properties": {"adm2_code": "17307", "adm2_name": "Maraita", "adm1_code": "1426", "adm1_name": "Francisco Morazan"}, "geometry": {"type": "Polygon", "coordinates": [[[-86.9942, 13.9484], [-86.9855, 13.9245], [-87.0011, 13.9015], [-86.9907, 13.8778], [-86.9985, 13.852], [-86.9934, 13.839], [-86.9989, 13.8127], [-87.029, 13.7691], [-87.0552, 13.765], [-87.083, 13.7705], [-87.0891, 13.7833], [-87.1186, 13.8025], [-87.1318, 13.8294], [-87.1451, 13.839], [-87.1598, 13.8398], [-87.1519, 13.8631], [-87.1413, 13.8623], [-87.0932, 13.9459], [-87.0629, 13.9443], [-87.0549, 13.9286], [-87.0202, 13.9453], [-87.0177, 13.9758], [-87.0077, 13.9688], [-87.0093, 13.958], [-86.9942, 13.9484]]]}}, {"id": "99", "type": "Feature", "properties": {"adm2_code": "17308", "adm2_name": "Marale", "adm1_code": "1426", "adm1_name": "Francisco Morazan"}, "geometry": {"type": "Polygon", "coordinates": [[[-87.0136, 15.0042], [-86.9874, 14.9637], [-86.9574, 14.9563], [-86.9537, 14.9437], [-86.9245, 14.9301], [-86.9441, 14.9089], [-86.9933, 14.9142], [-87.0121, 14.8757], [-87.0439, 14.8619], [-87.0592, 14.8416], [-87.1895, 14.8365], [-87.2164, 14.8526], [-87.2338, 14.8487], [-87.2474, 14.8597], [-87.2406, 14.8678], [-87.2247, 14.8622], [-87.2195, 14.8757], [-87.2223, 14.8922], [-87.2395, 14.8963], [-87.236, 14.9086], [-87.2467, 14.926], [-87.2125, 14.9556], [-87.2146, 14.9932], [-87.2004, 15.0108], [-87.1666, 15.0142], [-87.1638, 15.02], [-87.1368, 15.0189], [-87.1083, 15.0029], [-87.055, 15.0132], [-87.0136, 15.0042]]]}}, {"id": "100", "type": "Feature", "properties": {"adm2_code": "17309", "adm2_name": "Nueva Armenia", "adm1_code": "1426", "adm1_name": "Francisco Morazan"}, "geometry": {"type": "Polygon", "coordinates": [[[-87.1785, 13.8414], [-87.1451, 13.839], [-87.1318, 13.8294], [-87.1186, 13.8025], [-87.1227, 13.7916], [-87.1296, 13.7899], [-87.1304, 13.7447], [-87.1016, 13.7043], [-87.1165, 13.6941], [-87.1324, 13.6673], [-87.1265, 13.6481], [-87.1864, 13.6805], [-87.2136, 13.6627], [-87.2503, 13.6792], [-87.2286, 13.6852], [-87.235, 13.7026], [-87.2185, 13.7079], [-87.2145, 13.716], [-87.2066, 13.7115], [-87.1966, 13.7219], [-87.1925, 13.7657], [-87.2042, 13.7796], [-87.2013, 13.8333], [-87.1785, 13.8414]]]}}, {"id": "101", "type": "Feature", "properties": {"adm2_code": "17310", "adm2_name": "Ojojona", "adm1_code": "1426", "adm1_name": "Francisco Morazan"}, "geometry": {"type": "Polygon", "coordinates": [[[-87.2499, 13.9835], [-87.2575, 13.9728], [-87.2655, 13.9724], [-87.2566, 13.9577], [-87.2857, 13.9368], [-87.295, 13.9057], [-87.2901, 13.8942], [-87.269, 13.8823], [-87.2814, 13.8653], [-87.2846, 13.8455], [-87.3048, 13.8422], [-87.3379, 13.8141], [-87.3515, 13.8321], [-87.3483, 13.8477], [-87.3712, 13.835], [-87.4074, 13.9298], [-87.4491, 13.9309], [-87.4568, 13.9461], [-87.4427, 13.9538], [-87.4209, 13.9546], [-87.4081, 13.9746], [-87.4097, 13.9913], [-87.3492, 14.0244], [-87.3521, 14.0193], [-87.3062, 13.9936], [-87.2664, 13.978], [-87.2499, 13.9835]]]}}, {"id": "102", "type": "Feature", "properties": {"adm2_code": "17311", "adm2_name": "Orica", "adm1_code": "1426", "adm1_name": "Francisco Morazan"}, "geometry": {"type": "Polygon", "coordinates": [[[-86.9441, 14.9089], [-86.9448, 14.8985], [-86.9559, 14.8894], [-86.9519, 14.8617], [-86.9376, 14.8533], [-86.9262, 14.8271], [-86.9232, 14.8127], [-86.9287, 14.8109], [-86.9285, 14.7982], [-86.9094, 14.7884], [-86.919, 14.7594], [-86.8959, 14.7351], [-86.8709, 14.6587], [-86.854, 14.6496], [-86.8408, 14.6318], [-86.8811, 14.6266], [-86.8921, 14.6343], [-86.9314, 14.6307], [-86.9636, 14.6474], [-87.0027, 14.6527], [-86.9923, 14.691], [-87.004, 14.727], [-87.0007, 14.757], [-87.0198, 14.7758], [-87.0247, 14.802], [-87.0445, 14.8128], [-87.0601, 14.8426], [-87.0439, 14.8619], [-87.0121, 14.8757], [-86.9933, 14.9142], [-86.9441, 14.9089]]]}}, {"id": "103", "type": "Feature", "properties": {"adm2_code": "17312", "adm2_name": "Reitoca", "adm1_code": "1426", "adm1_name": "Francisco Morazan"}, "geometry": {"type": "Polygon", "coordinates": [[[-87.3712, 13.835], [-87.3754, 13.7986], [-87.3855, 13.7944], [-87.3811, 13.7767], [-87.39, 13.7685], [-87.3795, 13.758], [-87.4025, 13.7524], [-87.4175, 13.7573], [-87.4168, 13.7808], [-87.4399, 13.7842], [-87.4961, 13.8211], [-87.5008, 13.8478], [-87.4873, 13.8626], [-87.4878, 13.8746], [-87.4985, 13.8886], [-87.494, 13.9278], [-87.4074, 13.9298], [-87.3712, 13.835]]]}}, {"id": "104", "type": "Feature", "properties": {"adm2_code": "17313", "adm2_name": "Sabanagrande", "adm1_code": "1426", "adm1_name": "Francisco Morazan"}, "geometry": {"type": "Polygon", "coordinates": [[[-87.2013, 13.8333], [-87.2042, 13.7796], [-87.1925, 13.7657], [-87.1966, 13.7219], [-87.2066, 13.7115], [-87.2145, 13.716], [-87.2185, 13.7079], [-87.235, 13.7026], [-87.2282, 13.6856], [-87.2452, 13.6787], [-87.2671, 13.6795], [-87.2609, 13.689], [-87.2672, 13.693], [-87.2649, 13.7133], [-87.2759, 13.7282], [-87.2719, 13.7347], [-87.2811, 13.7356], [-87.282, 13.7533], [-87.2893, 13.7629], [-87.3306, 13.7601], [-87.3573, 13.7878], [-87.3829, 13.7888], [-87.3855, 13.7944], [-87.3754, 13.7986], [-87.3712, 13.835], [-87.3483, 13.8477], [-87.3515, 13.8321], [-87.3379, 13.8141], [-87.3048, 13.8422], [-87.2867, 13.8432], [-87.2696, 13.8848], [-87.2318, 13.8897], [-87.2052, 13.8674], [-87.2081, 13.8571], [-87.2013, 13.8333]]]}}, {"id": "105", "type": "Feature", "properties": {"adm2_code": "17314", "adm2_name": "San Antonio De Oriente", "adm1_code": "1426", "adm1_name": "Francisco Morazan"}, "geometry": {"type": "Polygon", "coordinates": [[[-86.9177, 14.0416], [-86.9168, 13.9908], [-86.9254, 13.9902], [-86.9205, 13.9789], [-86.957, 13.9413], [-86.99, 13.9578], [-86.9952, 13.9478], [-87.0093, 13.958], [-87.0077, 13.9688], [-87.0209, 13.9818], [-87.0418, 13.9876], [-87.0743, 14.0187], [-87.0963, 14.0197], [-87.1117, 14.028], [-87.0955, 14.0406], [-87.061, 14.0475], [-87.0517, 14.0655], [-87.0674, 14.069], [-87.0704, 14.0781], [-87.057, 14.0872], [-87.0583, 14.096], [-87.0204, 14.0872], [-86.9944, 14.1147], [-86.9772, 14.0895], [-86.9541, 14.0747], [-86.9516, 14.0528], [-86.9177, 14.0416]]]}}, {"id": "106", "type": "Feature", "properties": {"adm2_code": "17315", "adm2_name": "San Buenaventura", "adm1_code": "1426", "adm1_name": "Francisco Morazan"}, "geometry": {"type": "Polygon", "coordinates": [[[-87.1872, 13.9558], [-87.1519, 13.8631], [-87.1598, 13.8398], [-87.1785, 13.8414], [-87.2013, 13.8333], [-87.2081, 13.8571], [-87.2052, 13.8674], [-87.2318, 13.8897], [-87.2248, 13.9153], [-87.2003, 13.9471], [-87.1988, 13.958], [-87.1872, 13.9558]]]}}, {"id": "107", "type": "Feature", "properties": {"adm2_code": "17316", "adm2_name": "San Ignacio", "adm1_code": "1426", "adm1_name": "Francisco Morazan"}, "geometry": {"type": "Polygon", "coordinates": [[[-87.0592, 14.8416], [-87.0445, 14.8128], [-87.0247, 14.802], [-87.0198, 14.7758], [-87.0009, 14.7576], [-87.004, 14.727], [-86.9923, 14.6992], [-86.9951, 14.6655], [-87.0045, 14.6576], [-87.0005, 14.6351], [-87.0303, 14.5922], [-87.0481, 14.6009], [-87.0583, 14.6266], [-87.0726, 14.6418], [-87.0874, 14.6393], [-87.1062, 14.6544], [-87.1195, 14.6522], [-87.1215, 14.6961], [-87.1384, 14.7322], [-87.158, 14.7417], [-87.1704, 14.7698], [-87.1528, 14.814], [-87.1617, 14.8187], [-87.165, 14.8312], [-87.1854, 14.8364], [-87.0592, 14.8416]]]}}, {"id": "108", "type": "Feature", "properties": {"adm2_code": "17317", "adm2_name": "San Juan De Flores", "adm1_code": "1426", "adm1_name": "Francisco Morazan"}, "geometry": {"type": "Polygon", "coordinates": [[[-86.9209, 14.3678], [-86.9132, 14.3538], [-86.9076, 14.3634], [-86.8953, 14.3647], [-86.8628, 14.3286], [-86.8606, 14.313], [-86.8573, 14.3171], [-86.8407, 14.3069], [-86.8402, 14.2818], [-86.8534, 14.2821], [-86.8716, 14.251], [-86.8979, 14.2248], [-86.9591, 14.2168], [-87.0247, 14.2289], [-87.0368, 14.2115], [-87.1361, 14.2472], [-87.1349, 14.2642], [-87.1147, 14.2858], [-87.1059, 14.2856], [-87.1015, 14.2963], [-87.0919, 14.2968], [-87.0676, 14.3367], [-87.0052, 14.3605], [-86.9939, 14.3847], [-86.984, 14.3888], [-86.9331, 14.3645], [-86.9209, 14.3678]]]}}, {"id": "109", "type": "Feature", "properties": {"adm2_code": "17318", "adm2_name": "San Miguelito", "adm1_code": "1426", "adm1_name": "Francisco Morazan"}, "geometry": {"type": "Polygon", "coordinates": [[[-87.4594, 13.7535], [-87.4534, 13.7318], [-87.4617, 13.7076], [-87.4942, 13.7248], [-87.5129, 13.7256], [-87.5189, 13.7395], [-87.5321, 13.7492], [-87.5304, 13.7932], [-87.4594, 13.7535]]]}}, {"id": "110", "type": "Feature", "properties": {"adm2_code": "17319", "adm2_name": "Santa  Ana", "adm1_code": "1426", "adm1_name": "Francisco Morazan"}, "geometry": {"type": "Polygon", "coordinates": [[[-87.1272, 13.8872], [-87.1413, 13.8623], [-87.1519, 13.8631], [-87.1872, 13.9558], [-87.1272, 13.8872]]]}}, {"id": "111", "type": "Feature", "properties": {"adm2_code": "17320", "adm2_name": "Santa Ana", "adm1_code": "1426", "adm1_name": "Francisco Morazan"}, "geometry": {"type": "Polygon", "coordinates": [[[-87.1988, 13.958], [-87.2003, 13.9471], [-87.2248, 13.9153], [-87.2318, 13.8897], [-87.2764, 13.8854], [-87.2913, 13.8959], [-87.295, 13.9057], [-87.2857, 13.9368], [-87.2566, 13.9577], [-87.2655, 13.9724], [-87.2575, 13.9728], [-87.2499, 13.9835], [-87.2398, 13.9689], [-87.1988, 13.958]]]}}, {"id": "112", "type": "Feature", "properties": {"adm2_code": "17321", "adm2_name": "Santa Lucia", "adm1_code": "1426", "adm1_name": "Francisco Morazan"}, "geometry": {"type": "Polygon", "coordinates": [[[-87.0596, 14.0963], [-87.0789, 14.0951], [-87.1129, 14.072], [-87.1364, 14.0933], [-87.1442, 14.1214], [-87.1395, 14.138], [-87.0769, 14.1707], [-87.0731, 14.1271], [-87.0669, 14.1238], [-87.0596, 14.0963]]]}}, {"id": "113", "type": "Feature", "properties": {"adm2_code": "17322", "adm2_name": "Talanga", "adm1_code": "1426", "adm1_name": "Francisco Morazan"}, "geometry": {"type": "Polygon", "coordinates": [[[-87.0347, 14.47], [-86.9903, 14.4613], [-86.975, 14.4505], [-86.9465, 14.4536], [-86.925, 14.4333], [-86.9206, 14.4362], [-86.907, 14.4251], [-86.8932, 14.4279], [-86.8965, 14.3954], [-86.9122, 14.3886], [-86.9268, 14.3641], [-86.9821, 14.3883], [-86.9939, 14.3847], [-87.0052, 14.3605], [-87.0676, 14.3367], [-87.0919, 14.2968], [-87.1015, 14.2963], [-87.1059, 14.2856], [-87.1506, 14.2902], [-87.1407, 14.303], [-87.1291, 14.3453], [-87.1487, 14.3616], [-87.2488, 14.3643], [-87.2497, 14.3813], [-87.2409, 14.3864], [-87.2301, 14.4235], [-87.1836, 14.4642], [-87.1418, 14.4667], [-87.1054, 14.4576], [-87.097, 14.4642], [-87.0643, 14.4616], [-87.0347, 14.47]]]}}, {"id": "114", "type": "Feature", "properties": {"adm2_code": "17323", "adm2_name": "Tatumbla", "adm1_code": "1426", "adm1_name": "Francisco Morazan"}, "geometry": {"type": "Polygon", "coordinates": [[[-87.0177, 13.9758], [-87.0202, 13.9453], [-87.0549, 13.9286], [-87.0629, 13.9443], [-87.0932, 13.9459], [-87.1319, 13.9599], [-87.1181, 13.9935], [-87.1257, 14.0092], [-87.1117, 14.028], [-87.0963, 14.0197], [-87.0743, 14.0187], [-87.0418, 13.9876], [-87.0223, 13.9828], [-87.0177, 13.9758]]]}}, {"id": "115", "type": "Feature", "properties": {"adm2_code": "17324", "adm2_name": "Valle De Angeles", "adm1_code": "1426", "adm1_name": "Francisco Morazan"}, "geometry": {"type": "Polygon", "coordinates": [[[-86.9158, 14.1334], [-86.9211, 14.12], [-86.9809, 14.132], [-87.0194, 14.0875], [-87.0401, 14.0883], [-87.0625, 14.099], [-87.0669, 14.1238], [-87.0731, 14.1271], [-87.0769, 14.1707], [-87.0416, 14.1846], [-87.0367, 14.2039], [-87.0157, 14.2161], [-87.0005, 14.1516], [-86.9158, 14.1334]]]}}, {"id": "116", "type": "Feature", "properties": {"adm2_code": "17325", "adm2_name": "Vallecillo", "adm1_code": "1426", "adm1_name": "Francisco Morazan"}, "geometry": {"type": "Polygon", "coordinates": [[[-87.3531, 14.5964], [-87.3591, 14.5826], [-87.356, 14.5688], [-87.34, 14.546], [-87.348, 14.5305], [-87.334, 14.5273], [-87.3309, 14.514], [-87.3103, 14.4945], [-87.3318, 14.4806], [-87.3399, 14.4672], [-87.3654, 14.4615], [-87.3863, 14.4382], [-87.4095, 14.4438], [-87.4288, 14.4389], [-87.4541, 14.4595], [-87.4681, 14.462], [-87.484, 14.5077], [-87.4239, 14.5616], [-87.422, 14.6069], [-87.3825, 14.6055], [-87.3745, 14.5955], [-87.3531, 14.5964]]]}}, {"id": "117", "type": "Feature", "properties": {"adm2_code": "17326", "adm2_name": "Villa De San Francisco", "adm1_code": "1426", "adm1_name": "Francisco Morazan"}, "geometry": {"type": "Polygon", "coordinates": [[[-86.9068, 14.2226], [-86.9068, 14.2044], [-86.9129, 14.1995], [-86.9085, 14.1901], [-86.9317, 14.1748], [-86.9371, 14.1634], [-86.9046, 14.1497], [-86.9158, 14.1334], [-87.0005, 14.1516], [-87.0173, 14.2275], [-86.9591, 14.2168], [-86.9068, 14.2226]]]}}, {"id": "118", "type": "Feature", "properties": {"adm2_code": "17327", "adm2_name": "Brus Laguna", "adm1_code": "1427", "adm1_name": "Gracias A Dios"}, "geometry": {"type": "MultiPolygon", "coordinates": [[[[-84.3024, 15.8154], [-84.3032, 15.8131], [-84.3037, 15.8157], [-84.3024, 15.8154]]], [[[-84.9969, 15.9803], [-84.8122, 15.9079], [-84.701, 15.8744], [-84.6586, 15.869], [-84.6506, 15.8617], [-84.6432, 15.8646], [-84.4579, 15.8271], [-84.3063, 15.8166], [-84.2824, 15.7864], [-84.2875, 15.7733], [-84.2791, 15.7595], [-84.2818, 15.7527], [-84.3022, 15.7435], [-84.3061, 15.7134], [-84.3209, 15.7162], [-84.3213, 15.7021], [-84.3362, 15.7024], [-84.3396, 15.6924], [-84.3511, 15.6941], [-84.3459, 15.6758], [-84.3521, 15.6782], [-84.3629, 15.6704], [-84.3726, 15.6759], [-84.3808, 15.6671], [-84.3793, 15.6566], [-84.3586, 15.6624], [-84.3561, 15.6548], [-84.3699, 15.6556], [-84.3953, 15.6365], [-84.3919, 15.6294], [-84.378, 15.6302], [-84.3675, 15.6221], [-84.3852, 15.6153], [-84.377, 15.5969], [-84.3634, 15.598], [-84.3788, 15.5881], [-84.3653, 15.5824], [-84.3757, 15.5786], [-84.3663, 15.5627], [-84.388, 15.5374], [-84.3829, 15.5325], [-84.3734, 15.5433], [-84.3523, 15.5431], [-84.3501, 15.5293], [-84.3571, 15.5227], [-84.351, 15.5159], [-84.3629, 15.511], [-84.3579, 15.4929], [-84.3704, 15.507], [-84.3837, 15.4922], [-84.4001, 15.4889], [-84.4008, 15.4835], [-84.3882, 15.4818], [-84.4008, 15.4693], [-84.4211, 15.4758], [-84.4401, 15.4713], [-84.4474, 15.4467], [-84.4342, 15.4381], [-84.4476, 15.4412], [-84.459, 15.4322], [-84.4627, 15.4457], [-84.4805, 15.4466], [-84.489, 15.436], [-84.4668, 15.4285], [-84.4738, 15.4142], [-84.4847, 15.4295], [-84.4951, 15.4321], [-84.4992, 15.4267], [-84.4872, 15.4186], [-84.4833, 15.4034], [-84.5133, 15.4129], [-84.519, 15.4052], [-84.5161, 15.4002], [-84.5158, 15.407], [-84.5119, 15.4051], [-84.5125, 15.3936], [-84.5043, 15.3867], [-84.5062, 15.3679], [-84.5565, 15.3683], [-84.5568, 15.3617], [-84.5458, 15.3582], [-84.5447, 15.3522], [-84.5573, 15.3595], [-84.5581, 15.3473], [-84.5742, 15.3329], [-84.5671, 15.3259], [-84.5726, 15.3159], [-84.5624, 15.3061], [-84.5693, 15.2993], [-84.591, 15.3019], [-84.5941, 15.2911], [-84.6136, 15.272], [-84.6162, 15.2448], [-84.6005, 15.2424], [-84.6087, 15.2333], [-84.6068, 15.2133], [-84.616, 15.2236], [-84.6233, 15.2232], [-84.6242, 15.197], [-84.6425, 15.1914], [-84.6419, 15.1854], [-84.6323, 15.1842], [-84.6366, 15.171], [-84.6202, 15.1708], [-84.6228, 15.1364], [-84.6342, 15.1298], [-84.6512, 15.1323], [-84.6565, 15.117], [-84.6532, 15.108], [-84.6765, 15.1134], [-84.6873, 15.1262], [-84.7317, 15.088], [-84.7617, 15.0718], [-84.8109, 15.0722], [-84.8138, 15.0608], [-84.8277, 15.0539], [-84.8278, 15.0412], [-84.8387, 15.0382], [-84.8408, 15.03], [-84.8673, 15.0351], [-84.8829, 15.0245], [-84.8801, 15.0114], [-84.9033, 15.0109], [-84.9075, 14.9885], [-84.9266, 14.9616], [-84.9476, 14.9453], [-84.9512, 14.9556], [-84.985, 14.9531], [-84.996, 14.9606], [-84.9969, 15.9803]]]]}}, {"id": "119", "type": "Feature", "properties": {"adm2_code": "17328", "adm2_name": "Puerto Lempira", "adm1_code": "1427", "adm1_name": "Gracias A Dios"}, "geometry": {"type": "MultiPolygon", "coordinates": [[[[-83.1292, 15.0016], [-83.1273, 14.9913], [-83.1362, 14.9975], [-83.1292, 15.0016]]], [[[-83.1286, 15.0067], [-83.1294, 15.0069], [-83.1311, 15.0075], [-83.1286, 15.0067]]], [[[-82.6765, 15.0816], [-82.6754, 15.0804], [-82.6766, 15.0808], [-82.6765, 15.0816]]], [[[-82.4437, 15.0827], [-82.4437, 15.0824], [-82.4442, 15.0829], [-82.4437, 15.0827]]], [[[-82.5898, 15.1211], [-82.5888, 15.1216], [-82.5893, 15.1207], [-82.5898, 15.1211]]], [[[-82.5841, 15.1397], [-82.5828, 15.1386], [-82.5838, 15.1386], [-82.5841, 15.1397]]], [[[-82.6352, 15.1669], [-82.6358, 15.1663], [-82.6358, 15.1669], [-82.6352, 15.1669]]], [[[-83.7406, 15.1893], [-83.7408, 15.1878], [-83.7412, 15.1896], [-83.7406, 15.1893]]], [[[-83.7393, 15.1914], [-83.7385, 15.1909], [-83.7393, 15.1904], [-83.7393, 15.1914]]], [[[-83.7428, 15.1927], [-83.743, 15.1924], [-83.743, 15.1927], [-83.7428, 15.1927]]], [[[-83.7417, 15.1904], [-83.7412, 15.1911], [-83.7398, 15.1925], [-83.7401, 15.1904], [-83.7417, 15.1904]]], [[[-83.7431, 15.1942], [-83.7433, 15.1929], [-83.7433, 15.1942], [-83.7431, 15.1942]]], [[[-83.7659, 15.1945], [-83.7664, 15.1937], [-83.7664, 15.1944], [-83.7659, 15.1945]]], [[[-83.7364, 15.1943], [-83.7388, 15.1935], [-83.7364, 15.1946], [-83.7364, 15.1943]]], [[[-83.7396, 15.1953], [-83.7399, 15.1948], [-83.7399, 15.1953], [-83.7396, 15.1953]]], [[[-83.7365, 15.1994], [-83.737, 15.1992], [-83.737, 15.1994], [-83.7365, 15.1994]]], [[[-83.763, 15.2004], [-83.7622, 15.1991], [-83.7627, 15.1991], [-83.763, 15.2004]]], [[[-83.7628, 15.2026], [-83.763, 15.2012], [-83.7633, 15.2032], [-83.7628, 15.2026]]], [[[-83.8161, 15.2649], [-83.8174, 15.2643], [-83.8153, 15.2657], [-83.8161, 15.2649]]], [[[-83.8243, 15.2663], [-83.8193, 15.2651], [-83.8193, 15.2648], [-83.8217, 15.2638], [-83.8243, 15.2663]]], [[[-83.6672, 15.3208], [-83.6572, 15.3224], [-83.6637, 15.3136], [-83.6672, 15.3208]]], [[[-84.0639, 15.3277], [-84.0639, 15.3272], [-84.0642, 15.3272], [-84.0639, 15.3277]]], [[[-84.0541, 15.3283], [-84.0541, 15.3273], [-84.0559, 15.3276], [-84.0541, 15.3283]]], [[[-83.6871, 15.339], [-83.6874, 15.3382], [-83.6874, 15.339], [-83.6871, 15.339]]], [[[-83.6877, 15.3403], [-83.6882, 15.3401], [-83.6882, 15.3408], [-83.6877, 15.3403]]], [[[-83.6911, 15.3429], [-83.6895, 15.3421], [-83.6911, 15.3421], [-83.6911, 15.3429]]], [[[-83.7552, 15.3746], [-83.7544, 15.3739], [-83.7557, 15.3748], [-83.7552, 15.3746]]], [[[-83.7446, 15.3754], [-83.7441, 15.3739], [-83.7451, 15.3754], [-83.7446, 15.3754]]], [[[-83.7608, 15.376], [-83.7584, 15.3742], [-83.7562, 15.3724], [-83.7608, 15.376]]], [[[-83.7184, 15.3793], [-83.7187, 15.3791], [-83.7187, 15.3793], [-83.7184, 15.3793]]], [[[-84.1377, 15.3981], [-84.1327, 15.3978], [-84.137, 15.3958], [-84.1377, 15.3981]]], [[[-84.1369, 15.3991], [-84.1367, 15.3986], [-84.1369, 15.3986], [-84.1369, 15.3991]]], [[[-84.1268, 15.4036], [-84.126, 15.4031], [-84.1268, 15.4031], [-84.1268, 15.4036]]], [[[-84.1324, 15.4184], [-84.1322, 15.4176], [-84.1327, 15.4179], [-84.1324, 15.4184]]], [[[-84.1329, 15.4215], [-84.1324, 15.421], [-84.1329, 15.421], [-84.1329, 15.4215]]], [[[-84.1154, 15.4617], [-84.1151, 15.4614], [-84.1154, 15.4614], [-84.1154, 15.4617]]], [[[-84.1031, 15.4643], [-84.1029, 15.4641], [-84.1031, 15.4641], [-84.1031, 15.4643]]], [[[-84.1166, 15.4648], [-84.1148, 15.464], [-84.1165, 15.4637], [-84.1166, 15.4648]]], [[[-84.1174, 15.4658], [-84.1168, 15.4655], [-84.1172, 15.4653], [-84.1174, 15.4658]]], [[[-84.1118, 15.4661], [-84.1121, 15.4657], [-84.1126, 15.4668], [-84.1118, 15.4661]]], [[[-84.0993, 15.4692], [-84.1092, 15.4654], [-84.1123, 15.4688], [-84.1094, 15.4683], [-84.0993, 15.4692]]], [[[-84.0993, 15.4697], [-84.0985, 15.4692], [-84.0993, 15.4694], [-84.0993, 15.4697]]], [[[-84.1134, 15.4694], [-84.1129, 15.4681], [-84.1147, 15.4696], [-84.1134, 15.4694]]], [[[-84.0956, 15.4717], [-84.0948, 15.4709], [-84.0961, 15.4709], [-84.0956, 15.4717]]], [[[-84.1047, 15.4745], [-84.0977, 15.4699], [-84.1144, 15.4725], [-84.1047, 15.4745]]], [[[-84.0847, 15.4846], [-84.0549, 15.4719], [-84.0377, 15.4189], [-84.0472, 15.4062], [-84.0539, 15.4048], [-84.0615, 15.4507], [-84.0731, 15.4681], [-84.0842, 15.4736], [-84.0847, 15.4846]]], [[[-83.9799, 15.4926], [-83.9715, 15.4938], [-83.9678, 15.4953], [-83.9686, 15.4929], [-83.9799, 15.4926]]], [[[-82.88, 15.6991], [-82.8806, 15.6973], [-82.8808, 15.6986], [-82.88, 15.6991]]], [[[-82.8774, 15.7004], [-82.8777, 15.7002], [-82.8777, 15.7004], [-82.8774, 15.7004]]], [[[-82.9991, 15.7004], [-82.9981, 15.7001], [-82.9991, 15.7001], [-82.9991, 15.7004]]], [[[-82.879, 15.7017], [-82.8792, 15.6996], [-82.8798, 15.7014], [-82.879, 15.7017]]], [[[-83.0058, 15.7019], [-83.0061, 15.7016], [-83.0061, 15.7019], [-83.0058, 15.7019]]], [[[-83.0023, 15.7021], [-83.0037, 15.7008], [-83.0034, 15.7024], [-83.0023, 15.7021]]], [[[-83.0064, 15.7039], [-83.0069, 15.7031], [-83.0069, 15.7039], [-83.0064, 15.7039]]], [[[-82.9278, 15.7224], [-82.9284, 15.7216], [-82.9289, 15.7224], [-82.9278, 15.7224]]], [[[-84.2913, 15.8035], [-84.1089, 15.6585], [-83.8878, 15.4642], [-83.8137, 15.4193], [-83.7283, 15.393], [-83.7396, 15.3752], [-83.7486, 15.3787], [-83.7478, 15.3736], [-83.7491, 15.3733], [-83.7747, 15.3828], [-83.8048, 15.4094], [-83.836, 15.426], [-83.8608, 15.4294], [-83.8832, 15.441], [-83.9222, 15.4417], [-83.9375, 15.4551], [-83.9242, 15.4496], [-83.9301, 15.4732], [-83.9596, 15.4936], [-83.9629, 15.5057], [-83.9687, 15.4983], [-83.9827, 15.4974], [-84.0164, 15.5167], [-84.0297, 15.5165], [-84.042, 15.5262], [-84.0556, 15.5252], [-84.0439, 15.5238], [-84.0586, 15.4993], [-84.0716, 15.4897], [-84.0716, 15.4818], [-84.084, 15.4867], [-84.0961, 15.4722], [-84.1048, 15.4749], [-84.1155, 15.4733], [-84.119, 15.4757], [-84.1177, 15.4625], [-84.1047, 15.4494], [-84.1044, 15.4309], [-84.1143, 15.4245], [-84.1256, 15.4303], [-84.1388, 15.4203], [-84.1247, 15.41], [-84.126, 15.4036], [-84.1403, 15.4049], [-84.1384, 15.3953], [-84.1304, 15.3795], [-84.0966, 15.3381], [-84.0795, 15.332], [-84.054, 15.3337], [-84.0538, 15.3291], [-84.0634, 15.329], [-84.0676, 15.3259], [-84.065, 15.3236], [-84.0618, 15.3288], [-84.0555, 15.3283], [-84.0589, 15.328], [-84.0599, 15.3268], [-84.0544, 15.3269], [-84.0522, 15.3285], [-84.0386, 15.3208], [-84.0302, 15.3265], [-84.0296, 15.3383], [-84.0513, 15.3754], [-84.0491, 15.3885], [-84.0242, 15.3944], [-84.0263, 15.3882], [-84.0149, 15.3804], [-84.0029, 15.3853], [-84.0126, 15.3857], [-84.0156, 15.3978], [-84.024, 15.3948], [-84.0217, 15.4021], [-83.9638, 15.3911], [-83.9152, 15.3539], [-83.8968, 15.3475], [-83.8844, 15.3314], [-83.8635, 15.3191], [-83.8332, 15.317], [-83.8232, 15.3021], [-83.8005, 15.2898], [-83.8038, 15.2812], [-83.821, 15.2733], [-83.8301, 15.2606], [-83.8257, 15.2659], [-83.8248, 15.2606], [-83.7992, 15.2682], [-83.7871, 15.2796], [-83.7761, 15.2726], [-83.7659, 15.2561], [-83.7774, 15.2301], [-83.7677, 15.2076], [-83.7732, 15.1962], [-83.7647, 15.1914], [-83.7658, 15.2027], [-83.7639, 15.2037], [-83.7627, 15.1932], [-83.7627, 15.1986], [-83.7604, 15.1968], [-83.7617, 15.1945], [-83.7586, 15.1884], [-83.7598, 15.1971], [-83.7525, 15.198], [-83.7565, 15.2076], [-83.738, 15.2012], [-83.7462, 15.1947], [-83.7434, 15.182], [-83.7285, 15.1954], [-83.7359, 15.1951], [-83.7373, 15.1987], [-83.7145, 15.2021], [-83.7086, 15.2338], [-83.6946, 15.2427], [-83.6756, 15.2447], [-83.6725, 15.2553], [-83.6624, 15.2546], [-83.6486, 15.2641], [-83.6478, 15.2901], [-83.6283, 15.3063], [-83.6502, 15.3143], [-83.6298, 15.3144], [-83.6252, 15.3189], [-83.6473, 15.3158], [-83.6546, 15.324], [-83.651, 15.3333], [-83.6446, 15.3326], [-83.6574, 15.3373], [-83.6551, 15.3314], [-83.6698, 15.3281], [-83.6781, 15.341], [-83.686, 15.338], [-83.692, 15.3462], [-83.7002, 15.3489], [-83.7016, 15.3535], [-83.738, 15.358], [-83.7343, 15.3678], [-83.7149, 15.3755], [-83.7167, 15.3891], [-83.7195, 15.3822], [-83.7242, 15.3788], [-83.7184, 15.3806], [-83.7197, 15.3768], [-83.7361, 15.3704], [-83.7221, 15.3811], [-83.7193, 15.3868], [-83.7264, 15.3834], [-83.7203, 15.397], [-83.6685, 15.3586], [-83.6194, 15.3337], [-83.4658, 15.2857], [-83.3919, 15.2549], [-83.3558, 15.2037], [-83.3314, 15.1319], [-83.2934, 15.0752], [-83.2273, 15.0302], [-83.1448, 15.0075], [-83.1582, 15.007], [-83.1416, 15.0051], [-83.1368, 15.0081], [-83.1359, 15.002], [-83.172, 14.9898], [-83.2092, 14.993], [-83.2369, 14.9806], [-83.2742, 14.9838], [-83.2821, 14.9741], [-83.2926, 14.9802], [-83.2794, 14.9914], [-83.2809, 14.999], [-83.3032, 14.9947], [-83.3448, 15.0108], [-83.3556, 14.9961], [-83.3665, 15.0105], [-83.3892, 15.0151], [-83.4048, 15.0259], [-83.4085, 15.0034], [-83.4249, 14.9888], [-83.4397, 14.9883], [-83.4556, 14.9776], [-83.4681, 14.9751], [-83.4839, 14.9871], [-83.4837, 15.0], [-83.4981, 15.0029], [-83.5178, 14.9802], [-83.5289, 14.9898], [-83.5317, 14.9863], [-83.5257, 14.9671], [-83.5416, 14.974], [-83.545, 14.962], [-83.5353, 14.9442], [-83.5525, 14.9473], [-83.5451, 14.935], [-83.5628, 14.9314], [-83.5653, 14.9053], [-83.5749, 14.909], [-83.5874, 14.9045], [-83.5977, 14.9102], [-83.6027, 14.9048], [-83.5988, 14.8962], [-83.6194, 14.8903], [-83.6147, 14.8804], [-83.6246, 14.8673], [-83.6216, 14.8567], [-83.6308, 14.86], [-83.6337, 14.8729], [-83.6473, 14.8751], [-83.6715, 14.8712], [-83.6897, 14.8606], [-83.7009, 14.8662], [-83.6999, 14.8534], [-83.7177, 14.8435], [-83.7034, 14.8378], [-83.7052, 14.8257], [-83.7388, 14.8314], [-83.7359, 14.8157], [-83.757, 14.8235], [-83.7634, 14.8021], [-83.7852, 14.8146], [-83.7952, 14.7979], [-83.8195, 14.8038], [-83.7994, 14.7851], [-83.8355, 14.7837], [-83.8515, 14.7668], [-83.8772, 14.7618], [-83.8818, 14.7778], [-83.889, 14.7799], [-83.8897, 14.7624], [-83.8989, 14.759], [-83.918, 14.7722], [-83.9365, 14.7682], [-83.9321, 14.7427], [-83.9548, 14.7505], [-83.9803, 14.74], [-84.0039, 14.7493], [-84.0272, 14.7384], [-84.0436, 14.7425], [-84.0485, 14.7644], [-84.0824, 14.7533], [-84.0871, 14.7818], [-84.1136, 14.7838], [-84.1182, 14.7702], [-84.0992, 14.7376], [-84.0985, 14.7223], [-84.1289, 14.7259], [-84.1464, 14.7136], [-84.1802, 14.7079], [-84.2061, 14.7157], [-84.2287, 14.7312], [-84.2224, 14.7483], [-84.2388, 14.7544], [-84.2676, 14.7322], [-84.269, 14.7189], [-84.2593, 14.6977], [-84.2626, 14.6825], [-84.2545, 14.6746], [-84.2788, 14.6551], [-84.2964, 14.6604], [-84.3093, 14.6817], [-84.3267, 14.671], [-84.3483, 14.676], [-84.351, 14.6858], [-84.3431, 14.7017], [-84.3646, 14.7117], [-84.3832, 14.6773], [-84.4084, 14.6538], [-84.41, 14.6433], [-84.4331, 14.6319], [-84.4577, 14.6302], [-84.4691, 14.6145], [-84.498, 14.621], [-84.511, 14.6344], [-84.5344, 14.6287], [-84.5369, 14.6415], [-84.5279, 14.6443], [-84.5245, 14.6538], [-84.5605, 14.6463], [-84.5693, 14.6535], [-84.5818, 14.6501], [-84.5903, 14.6576], [-84.6326, 14.662], [-84.6374, 14.6723], [-84.6595, 14.6678], [-84.681, 14.687], [-84.6958, 14.6609], [-84.705, 14.6617], [-84.7122, 14.6887], [-84.7468, 14.7115], [-84.749, 14.7446], [-84.7609, 14.7389], [-84.7713, 14.7471], [-84.7653, 14.7531], [-84.7564, 14.7514], [-84.7546, 14.7664], [-84.7823, 14.7837], [-84.7929, 14.8095], [-84.8197, 14.8233], [-84.86, 14.807], [-84.9034, 14.8077], [-84.9264, 14.7719], [-84.9289, 14.7579], [-84.9615, 14.7513], [-84.9959, 14.7247], [-84.996, 14.9606], [-84.985, 14.9531], [-84.9512, 14.9556], [-84.9453, 14.9454], [-84.9075, 14.9885], [-84.9033, 15.0109], [-84.8801, 15.0114], [-84.8829, 15.0245], [-84.8673, 15.0351], [-84.8408, 15.03], [-84.8387, 15.0382], [-84.8278, 15.0412], [-84.8277, 15.0539], [-84.8138, 15.0608], [-84.8109, 15.0722], [-84.7617, 15.0718], [-84.7317, 15.088], [-84.6873, 15.1262], [-84.6765, 15.1134], [-84.6532, 15.108], [-84.6565, 15.117], [-84.6512, 15.1323], [-84.6342, 15.1298], [-84.6228, 15.1364], [-84.6202, 15.1708], [-84.6366, 15.171], [-84.6323, 15.1842], [-84.6419, 15.1854], [-84.6425, 15.1914], [-84.6242, 15.197], [-84.6233, 15.2232], [-84.616, 15.2236], [-84.6068, 15.2133], [-84.6087, 15.2333], [-84.6005, 15.2424], [-84.6162, 15.2448], [-84.6136, 15.272], [-84.5941, 15.2911], [-84.591, 15.3019], [-84.5693, 15.2993], [-84.5624, 15.3061], [-84.5726, 15.3159], [-84.5671, 15.3259], [-84.5742, 15.3329], [-84.5581, 15.3473], [-84.5573, 15.3595], [-84.5447, 15.3522], [-84.5458, 15.3582], [-84.5568, 15.3617], [-84.5565, 15.3683], [-84.5062, 15.3679], [-84.5043, 15.3867], [-84.5125, 15.3936], [-84.5119, 15.4051], [-84.5158, 15.407], [-84.5161, 15.4002], [-84.519, 15.4052], [-84.5133, 15.4129], [-84.4833, 15.4034], [-84.4872, 15.4186], [-84.4992, 15.4267], [-84.4951, 15.4321], [-84.4847, 15.4295], [-84.4738, 15.4142], [-84.4668, 15.4285], [-84.489, 15.436], [-84.4805, 15.4466], [-84.4627, 15.4457], [-84.459, 15.4322], [-84.4476, 15.4412], [-84.4342, 15.4381], [-84.4474, 15.4467], [-84.4401, 15.4713], [-84.4211, 15.4758], [-84.4008, 15.4693], [-84.3882, 15.4818], [-84.4008, 15.4835], [-84.4001, 15.4889], [-84.3837, 15.4922], [-84.3704, 15.507], [-84.3579, 15.4929], [-84.3629, 15.511], [-84.351, 15.5159], [-84.3571, 15.5227], [-84.3501, 15.5293], [-84.3523, 15.5431], [-84.3734, 15.5433], [-84.3829, 15.5325], [-84.388, 15.5374], [-84.3663, 15.5627], [-84.3757, 15.5786], [-84.3653, 15.5824], [-84.3788, 15.5881], [-84.3634, 15.598], [-84.377, 15.5969], [-84.3852, 15.6153], [-84.3675, 15.6221], [-84.378, 15.6302], [-84.3919, 15.6294], [-84.3955, 15.6357], [-84.3699, 15.6556], [-84.3561, 15.6548], [-84.3586, 15.6624], [-84.3807, 15.6577], [-84.3747, 15.6751], [-84.3629, 15.6704], [-84.3521, 15.6782], [-84.3459, 15.6758], [-84.3511, 15.6941], [-84.3396, 15.6924], [-84.3362, 15.7024], [-84.3213, 15.7021], [-84.3209, 15.7162], [-84.3052, 15.7144], [-84.3022, 15.7435], [-84.2818, 15.7527], [-84.2791, 15.7595], [-84.2875, 15.7733], [-84.2824, 15.7864], [-84.2913, 15.8035]]], [[[-83.3036, 15.831], [-83.3047, 15.8279], [-83.306, 15.828], [-83.3058, 15.8302], [-83.3036, 15.831]]], [[[-83.2963, 15.8362], [-83.2955, 15.8347], [-83.2957, 15.8347], [-83.2963, 15.8362]]], [[[-83.3069, 15.8593], [-83.3087, 15.8585], [-83.3088, 15.8593], [-83.3069, 15.8593]]], [[[-83.2607, 15.91], [-83.2598, 15.9084], [-83.2604, 15.9084], [-83.2607, 15.91]]], [[[-83.2596, 15.9149], [-83.2571, 15.9131], [-83.2588, 15.9128], [-83.2596, 15.9149]]], [[[-83.2785, 15.9546], [-83.2771, 15.9541], [-83.2782, 15.9533], [-83.2785, 15.9546]]], [[[-83.3192, 16.0239], [-83.321, 16.0239], [-83.3194, 16.0247], [-83.3192, 16.0239]]], [[[-83.3222, 16.0288], [-83.323, 16.0283], [-83.3227, 16.0291], [-83.3222, 16.0288]]], [[[-83.3282, 16.0424], [-83.3279, 16.0406], [-83.3283, 16.0408], [-83.3282, 16.0424]]]]}}, {"id": "120", "type": "Feature", "properties": {"adm2_code": "17329", "adm2_name": "Camasca", "adm1_code": "1428", "adm1_name": "Intibuca"}, "geometry": {"type": "Polygon", "coordinates": [[[-88.3322, 13.9819], [-88.3353, 13.9719], [-88.3284, 13.9662], [-88.3532, 13.9421], [-88.3687, 13.9678], [-88.3836, 13.9589], [-88.4084, 13.9675], [-88.4324, 13.9647], [-88.4293, 13.9706], [-88.4381, 13.9896], [-88.4285, 14.0045], [-88.3751, 14.03], [-88.3556, 13.9872], [-88.3427, 13.9785], [-88.3322, 13.9819]]]}}, {"id": "121", "type": "Feature", "properties": {"adm2_code": "17330", "adm2_name": "Colomoncagua", "adm1_code": "1428", "adm1_name": "Intibuca"}, "geometry": {"type": "Polygon", "coordinates": [[[-88.2325, 14.0709], [-88.2248, 14.0539], [-88.2012, 14.0353], [-88.2103, 13.992], [-88.226, 13.9975], [-88.2378, 13.9934], [-88.236, 13.9699], [-88.2196, 13.9536], [-88.2273, 13.9372], [-88.265, 13.936], [-88.2627, 13.9186], [-88.2685, 13.9119], [-88.2805, 13.9086], [-88.2895, 13.9137], [-88.3134, 13.9015], [-88.3178, 13.889], [-88.3438, 13.8958], [-88.3512, 13.8791], [-88.3574, 13.8979], [-88.3457, 13.9174], [-88.3537, 13.94], [-88.3284, 13.9662], [-88.3358, 13.9748], [-88.3311, 13.9852], [-88.2994, 14.0104], [-88.2876, 14.007], [-88.2645, 14.0299], [-88.2695, 14.037], [-88.2815, 14.03], [-88.2804, 14.0448], [-88.2537, 14.0604], [-88.2453, 14.0731], [-88.2325, 14.0709]]]}}, {"id": "122", "type": "Feature", "properties": {"adm2_code": "17331", "adm2_name": "Concepcion", "adm1_code": "1428", "adm1_name": "Intibuca"}, "geometry": {"type": "Polygon", "coordinates": [[[-88.2661, 14.0536], [-88.2804, 14.0448], [-88.2834, 14.0326], [-88.2695, 14.037], [-88.2647, 14.029], [-88.2876, 14.007], [-88.2994, 14.0104], [-88.3427, 13.9785], [-88.3556, 13.9872], [-88.3751, 14.03], [-88.3489, 14.0596], [-88.3256, 14.0628], [-88.3306, 14.0798], [-88.3207, 14.0907], [-88.2869, 14.0828], [-88.2661, 14.0536]]]}}, {"id": "123", "type": "Feature", "properties": {"adm2_code": "17332", "adm2_name": "Dolores", "adm1_code": "1428", "adm1_name": "Intibuca"}, "geometry": {"type": "Polygon", "coordinates": [[[-88.3371, 14.2753], [-88.3074, 14.2812], [-88.2897, 14.2708], [-88.3111, 14.2127], [-88.3809, 14.216], [-88.4171, 14.2345], [-88.4194, 14.2465], [-88.4037, 14.2675], [-88.3801, 14.2772], [-88.3394, 14.2816], [-88.3371, 14.2753]]]}}, {"id": "124", "type": "Feature", "properties": {"adm2_code": "17333", "adm2_name": "Intibuca", "adm1_code": "1428", "adm1_name": "Intibuca"}, "geometry": {"type": "Polygon", "coordinates": [[[-88.1216, 14.6355], [-88.1304, 14.6215], [-88.1241, 14.6162], [-88.1263, 14.6066], [-88.155, 14.593], [-88.1614, 14.5801], [-88.1401, 14.551], [-88.1561, 14.5375], [-88.1502, 14.4977], [-88.1442, 14.488], [-88.123, 14.4954], [-88.1114, 14.4297], [-88.0476, 14.4075], [-88.0629, 14.3888], [-88.0506, 14.3478], [-88.0613, 14.3271], [-88.0375, 14.3047], [-88.0166, 14.2627], [-88.0015, 14.2583], [-88.0037, 14.237], [-88.0513, 14.2341], [-88.0751, 14.2673], [-88.1323, 14.301], [-88.1682, 14.2958], [-88.2087, 14.305], [-88.2014, 14.326], [-88.216, 14.3348], [-88.2167, 14.3646], [-88.2424, 14.4021], [-88.2402, 14.4209], [-88.2476, 14.4529], [-88.2332, 14.4687], [-88.2321, 14.4903], [-88.2342, 14.499], [-88.2452, 14.5035], [-88.2429, 14.5153], [-88.2131, 14.5431], [-88.2097, 14.5739], [-88.1861, 14.5917], [-88.2106, 14.5985], [-88.2114, 14.6038], [-88.1851, 14.6419], [-88.1532, 14.6441], [-88.1216, 14.6355]]]}}, {"id": "125", "type": "Feature", "properties": {"adm2_code": "17334", "adm2_name": "Jesus De Otoro", "adm1_code": "1428", "adm1_name": "Intibuca"}, "geometry": {"type": "Polygon", "coordinates": [[[-88.0384, 14.6256], [-87.9858, 14.6114], [-87.9767, 14.6013], [-87.9532, 14.6008], [-87.9536, 14.5853], [-87.9426, 14.5728], [-87.9351, 14.5332], [-87.8966, 14.5211], [-87.8921, 14.5108], [-87.8964, 14.4956], [-87.8791, 14.4799], [-87.9214, 14.458], [-87.9124, 14.4461], [-87.9469, 14.4153], [-87.9606, 14.414], [-87.9751, 14.427], [-87.9978, 14.4198], [-88.0139, 14.4224], [-88.0309, 14.4078], [-88.0476, 14.4075], [-88.1114, 14.4297], [-88.1231, 14.4951], [-88.1029, 14.5162], [-88.0841, 14.5196], [-88.0554, 14.5572], [-88.0706, 14.5631], [-88.0856, 14.5861], [-88.1185, 14.6055], [-88.1304, 14.6215], [-88.1216, 14.6355], [-88.0939, 14.6291], [-88.0824, 14.6447], [-88.0734, 14.6472], [-88.0583, 14.6231], [-88.0384, 14.6256]]]}}, {"id": "126", "type": "Feature", "properties": {"adm2_code": "17335", "adm2_name": "La Esperanza", "adm1_code": "1428", "adm1_name": "Intibuca"}, "geometry": {"type": "Polygon", "coordinates": [[[-88.0513, 14.2341], [-88.1031, 14.1959], [-88.1037, 14.1777], [-88.1176, 14.157], [-88.1507, 14.1453], [-88.1611, 14.159], [-88.1621, 14.1774], [-88.1504, 14.1986], [-88.1571, 14.2278], [-88.2136, 14.2913], [-88.2087, 14.305], [-88.1682, 14.2958], [-88.1323, 14.301], [-88.1108, 14.2924], [-88.0656, 14.2586], [-88.0513, 14.2341]]]}}, {"id": "127", "type": "Feature", "properties": {"adm2_code": "17336", "adm2_name": "Magdalena", "adm1_code": "1428", "adm1_name": "Intibuca"}, "geometry": {"type": "Polygon", "coordinates": [[[-88.3687, 13.9678], [-88.3457, 13.9174], [-88.3574, 13.8979], [-88.3513, 13.8771], [-88.3615, 13.8704], [-88.3758, 13.8861], [-88.395, 13.8824], [-88.3734, 13.8999], [-88.3857, 13.9158], [-88.3984, 13.92], [-88.3953, 13.9441], [-88.4025, 13.9647], [-88.3836, 13.9589], [-88.3687, 13.9678]]]}}, {"id": "128", "type": "Feature", "properties": {"adm2_code": "17337", "adm2_name": "Masaguara", "adm1_code": "1428", "adm1_name": "Intibuca"}, "geometry": {"type": "Polygon", "coordinates": [[[-87.8398, 14.4216], [-87.9087, 14.369], [-87.9502, 14.3763], [-87.9478, 14.3605], [-87.9561, 14.3525], [-87.9441, 14.3279], [-87.9469, 14.312], [-87.9655, 14.3055], [-87.9648, 14.2924], [-87.9732, 14.277], [-87.9942, 14.272], [-88.0015, 14.2583], [-88.0166, 14.2627], [-88.0375, 14.3047], [-88.0613, 14.3271], [-88.0507, 14.3419], [-88.0629, 14.3888], [-88.0544, 14.4023], [-88.0309, 14.4078], [-88.0139, 14.4224], [-87.9978, 14.4198], [-87.9751, 14.427], [-87.9606, 14.414], [-87.9469, 14.4153], [-87.9124, 14.4461], [-87.9214, 14.458], [-87.8791, 14.4799], [-87.8441, 14.4368], [-87.8398, 14.4216]]]}}, {"id": "129", "type": "Feature", "properties": {"adm2_code": "17338", "adm2_name": "San Antonio", "adm1_code": "1428", "adm1_name": "Intibuca"}, "geometry": {"type": "Polygon", "coordinates": [[[-88.4285, 14.0045], [-88.4381, 13.9896], [-88.4293, 13.9706], [-88.4324, 13.9647], [-88.4187, 13.9671], [-88.4112, 13.9528], [-88.426, 13.9371], [-88.4183, 13.933], [-88.4218, 13.9199], [-88.4348, 13.9199], [-88.4359, 13.9119], [-88.4512, 13.9003], [-88.4542, 13.8806], [-88.4612, 13.8789], [-88.4725, 13.8592], [-88.4915, 13.861], [-88.4958, 13.8704], [-88.4913, 13.8786], [-88.5105, 13.9123], [-88.5065, 13.9395], [-88.4969, 13.9402], [-88.4977, 13.9516], [-88.4909, 13.9499], [-88.4874, 13.9604], [-88.4754, 13.9654], [-88.4789, 13.9784], [-88.4672, 13.9812], [-88.4614, 13.994], [-88.4285, 14.0045]]]}}, {"id": "130", "type": "Feature", "properties": {"adm2_code": "17339", "adm2_name": "San Isidro", "adm1_code": "1428", "adm1_name": "Intibuca"}, "geometry": {"type": "Polygon", "coordinates": [[[-88.1231, 14.4951], [-88.1442, 14.488], [-88.1502, 14.4977], [-88.1561, 14.5375], [-88.1401, 14.551], [-88.1614, 14.5801], [-88.155, 14.593], [-88.1263, 14.6066], [-88.1258, 14.6133], [-88.0856, 14.5861], [-88.0706, 14.5631], [-88.0554, 14.5572], [-88.0841, 14.5196], [-88.1029, 14.5162], [-88.1231, 14.4951]]]}}, {"id": "131", "type": "Feature", "properties": {"adm2_code": "17340", "adm2_name": "San Juan", "adm1_code": "1428", "adm1_name": "Intibuca"}, "geometry": {"type": "Polygon", "coordinates": [[[-88.3759, 14.4618], [-88.3578, 14.4492], [-88.3709, 14.4336], [-88.3312, 14.4055], [-88.3535, 14.3727], [-88.3786, 14.359], [-88.3732, 14.3514], [-88.3985, 14.3368], [-88.418, 14.3333], [-88.4223, 14.3503], [-88.4495, 14.3498], [-88.4883, 14.382], [-88.4943, 14.3925], [-88.4897, 14.3967], [-88.4927, 14.4426], [-88.4477, 14.4644], [-88.4259, 14.4588], [-88.3759, 14.4618]]]}}, {"id": "132", "type": "Feature", "properties": {"adm2_code": "17341", "adm2_name": "San Marcos De Sierra", "adm1_code": "1428", "adm1_name": "Intibuca"}, "geometry": {"type": "Polygon", "coordinates": [[[-88.1507, 14.1453], [-88.1676, 14.127], [-88.1788, 14.1236], [-88.1934, 14.0975], [-88.2135, 14.0833], [-88.2201, 14.0696], [-88.2453, 14.0731], [-88.2661, 14.0536], [-88.2869, 14.0828], [-88.3136, 14.0914], [-88.3201, 14.1209], [-88.3162, 14.1418], [-88.3253, 14.1514], [-88.2757, 14.1624], [-88.1924, 14.161], [-88.1609, 14.1675], [-88.1507, 14.1453]]]}}, {"id": "133", "type": "Feature", "properties": {"adm2_code": "17342", "adm2_name": "San Miguelito", "adm1_code": "1428", "adm1_name": "Intibuca"}, "geometry": {"type": "Polygon", "coordinates": [[[-88.3249, 14.2775], [-88.3371, 14.2753], [-88.3394, 14.2816], [-88.3801, 14.2772], [-88.4075, 14.2646], [-88.418, 14.3333], [-88.3985, 14.3368], [-88.3732, 14.3514], [-88.3786, 14.359], [-88.3535, 14.3727], [-88.3315, 14.401], [-88.3709, 14.4336], [-88.3578, 14.4492], [-88.259, 14.3798], [-88.3049, 14.3477], [-88.3054, 14.3417], [-88.2878, 14.3312], [-88.2798, 14.3183], [-88.3249, 14.2775]]]}}, {"id": "134", "type": "Feature", "properties": {"adm2_code": "17343", "adm2_name": "Santa Lucia", "adm1_code": "1428", "adm1_name": "Intibuca"}, "geometry": {"type": "Polygon", "coordinates": [[[-88.4018, 13.9644], [-88.3953, 13.9441], [-88.3984, 13.92], [-88.3857, 13.9158], [-88.3738, 13.8981], [-88.395, 13.8824], [-88.4137, 13.88], [-88.4185, 13.8868], [-88.4309, 13.8795], [-88.4388, 13.8608], [-88.4658, 13.8639], [-88.4682, 13.8498], [-88.4769, 13.8569], [-88.4542, 13.8806], [-88.4521, 13.8992], [-88.4359, 13.9119], [-88.4348, 13.9199], [-88.4218, 13.9199], [-88.4183, 13.933], [-88.426, 13.9371], [-88.4112, 13.9519], [-88.4187, 13.9671], [-88.4018, 13.9644]]]}}, {"id": "135", "type": "Feature", "properties": {"adm2_code": "17344", "adm2_name": "Yamaranguila", "adm1_code": "1428", "adm1_name": "Intibuca"}, "geometry": {"type": "Polygon", "coordinates": [[[-88.2014, 14.326], [-88.2136, 14.2913], [-88.1571, 14.2278], [-88.1504, 14.1986], [-88.1621, 14.1774], [-88.1609, 14.1675], [-88.1924, 14.161], [-88.2757, 14.1624], [-88.3253, 14.1514], [-88.3158, 14.1974], [-88.3282, 14.2117], [-88.3104, 14.2132], [-88.2893, 14.2687], [-88.3074, 14.2812], [-88.3249, 14.2775], [-88.2798, 14.3183], [-88.3056, 14.3462], [-88.259, 14.3798], [-88.3759, 14.4618], [-88.341, 14.4897], [-88.3433, 14.5155], [-88.3188, 14.5512], [-88.3249, 14.6044], [-88.3427, 14.6368], [-88.3387, 14.6395], [-88.2462, 14.6308], [-88.2249, 14.6403], [-88.1851, 14.6419], [-88.2116, 14.6028], [-88.1865, 14.5903], [-88.2097, 14.5739], [-88.2131, 14.5431], [-88.2429, 14.5153], [-88.2454, 14.5053], [-88.2342, 14.499], [-88.2321, 14.4903], [-88.2332, 14.4687], [-88.2476, 14.4529], [-88.2402, 14.4209], [-88.2424, 14.4021], [-88.2167, 14.3646], [-88.216, 14.3348], [-88.2014, 14.326]]]}}, {"id": "136", "type": "Feature", "properties": {"adm2_code": "17345", "adm2_name": "Guanaja", "adm1_code": "1429", "adm1_name": "Islas De Bahia"}, "geometry": {"type": "MultiPolygon", "coordinates": [[[[-85.8817, 16.407], [-85.8866, 16.4042], [-85.8822, 16.4086], [-85.8817, 16.407]]], [[[-85.8827, 16.4366], [-85.8832, 16.4359], [-85.8833, 16.4361], [-85.8827, 16.4366]]], [[[-85.8487, 16.4427], [-85.849, 16.4396], [-85.8517, 16.4394], [-85.8487, 16.4427]]], [[[-85.886, 16.4429], [-85.8868, 16.4395], [-85.8892, 16.4428], [-85.886, 16.4429]]], [[[-85.864, 16.4437], [-85.8631, 16.4435], [-85.864, 16.4436], [-85.864, 16.4437]]], [[[-85.8564, 16.4448], [-85.8567, 16.4446], [-85.8567, 16.4448], [-85.8564, 16.4448]]], [[[-85.8444, 16.445], [-85.8434, 16.4445], [-85.8444, 16.4448], [-85.8444, 16.445]]], [[[-85.8412, 16.4473], [-85.8388, 16.4471], [-85.841, 16.446], [-85.8412, 16.4473]]], [[[-85.8375, 16.4499], [-85.8385, 16.4489], [-85.8385, 16.4496], [-85.8375, 16.4499]]], [[[-85.8351, 16.4512], [-85.8375, 16.4477], [-85.8383, 16.4478], [-85.8351, 16.4512]]], [[[-85.834, 16.4524], [-85.8342, 16.4527], [-85.8337, 16.4527], [-85.834, 16.4524]]], [[[-85.835, 16.4532], [-85.8356, 16.4527], [-85.8356, 16.4532], [-85.835, 16.4532]]], [[[-85.924, 16.4557], [-85.9152, 16.4439], [-85.8977, 16.438], [-85.9518, 16.4026], [-85.9309, 16.4536], [-85.924, 16.4557]]], [[[-85.8321, 16.4558], [-85.8313, 16.4555], [-85.8324, 16.4547], [-85.8321, 16.4558]]], [[[-85.8318, 16.4565], [-85.8321, 16.456], [-85.8326, 16.456], [-85.8318, 16.4565]]], [[[-85.8329, 16.4578], [-85.8331, 16.4576], [-85.8331, 16.4578], [-85.8329, 16.4578]]], [[[-85.8323, 16.4581], [-85.8291, 16.457], [-85.8323, 16.4576], [-85.8323, 16.4581]]], [[[-85.8275, 16.4637], [-85.8264, 16.4635], [-85.8272, 16.463], [-85.8275, 16.4637]]], [[[-85.8259, 16.466], [-85.8261, 16.4658], [-85.8261, 16.466], [-85.8259, 16.466]]], [[[-85.8264, 16.4663], [-85.8285, 16.4661], [-85.8272, 16.4679], [-85.8264, 16.4663]]], [[[-85.8259, 16.4702], [-85.8251, 16.4687], [-85.8261, 16.4689], [-85.8259, 16.4702]]], [[[-85.8215, 16.4799], [-85.8223, 16.4786], [-85.8229, 16.4797], [-85.8215, 16.4799]]], [[[-85.8627, 16.5139], [-85.8635, 16.5134], [-85.8635, 16.5136], [-85.8627, 16.5139]]], [[[-85.8584, 16.5158], [-85.8432, 16.5138], [-85.8416, 16.5081], [-85.8494, 16.5046], [-85.8315, 16.5021], [-85.8227, 16.5078], [-85.8161, 16.4974], [-85.8188, 16.4912], [-85.8418, 16.4827], [-85.8523, 16.4862], [-85.8472, 16.4687], [-85.8608, 16.4524], [-85.8721, 16.458], [-85.8998, 16.4414], [-85.9172, 16.4499], [-85.9076, 16.4819], [-85.8988, 16.4833], [-85.8809, 16.5038], [-85.8664, 16.4985], [-85.8675, 16.5085], [-85.8584, 16.5158]]]]}}, {"id": "137", "type": "Feature", "properties": {"adm2_code": "17346", "adm2_name": "Jose Santos Guardiola", "adm1_code": "1429", "adm1_name": "Islas De Bahia"}, "geometry": {"type": "MultiPolygon", "coordinates": [[[[-86.4357, 16.3599], [-86.4378, 16.3558], [-86.4392, 16.3578], [-86.4357, 16.3599]]], [[[-86.4339, 16.3599], [-86.4345, 16.3597], [-86.4346, 16.3601], [-86.4339, 16.3599]]], [[[-86.3734, 16.3852], [-86.3713, 16.3833], [-86.3728, 16.3831], [-86.3734, 16.3852]]], [[[-86.3507, 16.3914], [-86.3478, 16.3913], [-86.352, 16.3915], [-86.3507, 16.3914]]], [[[-86.4155, 16.3963], [-86.4158, 16.3955], [-86.4159, 16.3965], [-86.4155, 16.3963]]], [[[-86.3168, 16.3966], [-86.3171, 16.3961], [-86.317, 16.3966], [-86.3168, 16.3966]]], [[[-86.3094, 16.3996], [-86.3075, 16.3987], [-86.309, 16.3983], [-86.3094, 16.3996]]], [[[-86.2881, 16.4058], [-86.285, 16.4031], [-86.2811, 16.4034], [-86.2843, 16.4014], [-86.2881, 16.4058]]], [[[-86.2774, 16.4074], [-86.2778, 16.4071], [-86.2778, 16.4073], [-86.2774, 16.4074]]], [[[-86.2757, 16.4101], [-86.2727, 16.4098], [-86.2721, 16.4086], [-86.2757, 16.4101]]], [[[-86.1291, 16.4108], [-86.1297, 16.4103], [-86.1297, 16.4108], [-86.1291, 16.4108]]], [[[-86.115, 16.4116], [-86.1153, 16.411], [-86.1152, 16.4116], [-86.115, 16.4116]]], [[[-86.1195, 16.4113], [-86.1209, 16.4111], [-86.1209, 16.4116], [-86.1195, 16.4113]]], [[[-86.2612, 16.4147], [-86.2602, 16.4144], [-86.2615, 16.4137], [-86.2612, 16.4147]]], [[[-86.2621, 16.4145], [-86.2641, 16.4136], [-86.2623, 16.4148], [-86.2621, 16.4145]]], [[[-86.2588, 16.416], [-86.2599, 16.4149], [-86.2596, 16.416], [-86.2588, 16.416]]], [[[-86.257, 16.416], [-86.2549, 16.4163], [-86.2546, 16.4165], [-86.2548, 16.416], [-86.257, 16.416]]], [[[-86.2013, 16.4143], [-86.2074, 16.4137], [-86.207, 16.4168], [-86.2013, 16.4143]]], [[[-86.2487, 16.4198], [-86.2479, 16.4186], [-86.249, 16.4185], [-86.2487, 16.4198]]], [[[-86.2505, 16.4201], [-86.2508, 16.4196], [-86.2508, 16.4201], [-86.2505, 16.4201]]], [[[-86.2487, 16.4214], [-86.2479, 16.4206], [-86.2487, 16.4206], [-86.2487, 16.4214]]], [[[-86.1913, 16.4209], [-86.1921, 16.4211], [-86.1913, 16.4214], [-86.1913, 16.4209]]], [[[-86.2342, 16.4231], [-86.2348, 16.4223], [-86.2348, 16.4231], [-86.2342, 16.4231]]], [[[-86.2337, 16.4218], [-86.2313, 16.4221], [-86.2313, 16.4208], [-86.2337, 16.4218]]], [[[-86.2364, 16.4218], [-86.2364, 16.4232], [-86.235, 16.4234], [-86.2364, 16.4218]]], [[[-86.262, 16.4237], [-86.2607, 16.4231], [-86.262, 16.4232], [-86.262, 16.4237]]], [[[-86.2599, 16.4235], [-86.2569, 16.4228], [-86.2599, 16.4232], [-86.2599, 16.4235]]], [[[-86.2311, 16.4239], [-86.2302, 16.4233], [-86.2311, 16.4236], [-86.2311, 16.4239]]], [[[-86.2543, 16.4242], [-86.254, 16.4237], [-86.2548, 16.424], [-86.2543, 16.4242]]], [[[-86.2487, 16.4244], [-86.2476, 16.4241], [-86.2487, 16.4242], [-86.2487, 16.4244]]], [[[-86.2454, 16.4249], [-86.2463, 16.4244], [-86.247, 16.4244], [-86.2462, 16.4251], [-86.2454, 16.4249]]], [[[-86.2425, 16.4249], [-86.2433, 16.4249], [-86.2425, 16.4252], [-86.2425, 16.4249]]], [[[-86.2436, 16.4249], [-86.2444, 16.4247], [-86.2444, 16.4252], [-86.2436, 16.4249]]], [[[-86.235, 16.4252], [-86.235, 16.4247], [-86.2366, 16.4254], [-86.235, 16.4252]]], [[[-86.242, 16.4252], [-86.2382, 16.4249], [-86.242, 16.4249], [-86.242, 16.4252]]], [[[-86.2494, 16.4257], [-86.2537, 16.4242], [-86.2537, 16.4247], [-86.2494, 16.4257]]], [[[-86.2321, 16.4261], [-86.2292, 16.4238], [-86.2342, 16.4249], [-86.2321, 16.4261]]], [[[-86.2366, 16.4257], [-86.2377, 16.426], [-86.2366, 16.4262], [-86.2366, 16.4257]]], [[[-86.2348, 16.4262], [-86.2353, 16.4259], [-86.2353, 16.4262], [-86.2348, 16.4262]]], [[[-86.1973, 16.4295], [-86.1911, 16.4222], [-86.2039, 16.424], [-86.2272, 16.4091], [-86.2279, 16.4258], [-86.1973, 16.4295]]], [[[-86.3155, 16.4299], [-86.2639, 16.4267], [-86.2617, 16.4173], [-86.2684, 16.4197], [-86.2756, 16.4103], [-86.2968, 16.4148], [-86.2991, 16.4071], [-86.3176, 16.4038], [-86.3203, 16.3947], [-86.3287, 16.3927], [-86.3363, 16.394], [-86.3373, 16.4095], [-86.3376, 16.392], [-86.3409, 16.3967], [-86.3517, 16.3915], [-86.3543, 16.3991], [-86.3581, 16.3871], [-86.3656, 16.3959], [-86.3734, 16.3857], [-86.3799, 16.3926], [-86.3748, 16.3825], [-86.3817, 16.3781], [-86.3875, 16.3846], [-86.3921, 16.3668], [-86.4109, 16.3697], [-86.4185, 16.3608], [-86.4194, 16.3698], [-86.42, 16.3598], [-86.4319, 16.3586], [-86.4335, 16.3597], [-86.4277, 16.3593], [-86.4267, 16.3605], [-86.4354, 16.3644], [-86.4386, 16.3605], [-86.4369, 16.3827], [-86.3977, 16.4056], [-86.3925, 16.402], [-86.3522, 16.4213], [-86.3468, 16.4167], [-86.3121, 16.4256], [-86.3155, 16.4299]]], [[[-86.184, 16.4335], [-86.1843, 16.4263], [-86.1913, 16.4266], [-86.1915, 16.432], [-86.184, 16.4335]]], [[[-86.16, 16.4403], [-86.1227, 16.4435], [-86.1416, 16.4287], [-86.1512, 16.4345], [-86.1678, 16.4271], [-86.16, 16.4403]]]]}}, {"id": "138", "type": "Feature", "properties": {"adm2_code": "17347", "adm2_name": "Roatan", "adm1_code": "1429", "adm1_name": "Islas De Bahia"}, "geometry": {"type": "MultiPolygon", "coordinates": [[[[-86.5378, 16.3111], [-86.5358, 16.311], [-86.5379, 16.3092], [-86.5378, 16.3111]]], [[[-86.5033, 16.321], [-86.5039, 16.3196], [-86.5049, 16.3206], [-86.5033, 16.321]]], [[[-86.5039, 16.3219], [-86.5041, 16.3216], [-86.5042, 16.3218], [-86.5039, 16.3219]]], [[[-86.4965, 16.3213], [-86.4948, 16.3215], [-86.4937, 16.3205], [-86.4965, 16.3213]]], [[[-86.576, 16.3271], [-86.5749, 16.3263], [-86.5751, 16.3262], [-86.576, 16.3271]]], [[[-86.5736, 16.3285], [-86.5716, 16.3277], [-86.5732, 16.3277], [-86.5736, 16.3285]]], [[[-86.4822, 16.3315], [-86.4838, 16.3306], [-86.4846, 16.3331], [-86.4822, 16.3315]]], [[[-86.4766, 16.3357], [-86.4764, 16.3339], [-86.4786, 16.3351], [-86.4766, 16.3357]]], [[[-86.4746, 16.3387], [-86.4754, 16.3368], [-86.4757, 16.3368], [-86.4746, 16.3387]]], [[[-86.4719, 16.3388], [-86.4716, 16.3386], [-86.472, 16.3385], [-86.4719, 16.3388]]], [[[-86.4685, 16.3426], [-86.4695, 16.3392], [-86.4721, 16.3398], [-86.4685, 16.3426]]], [[[-86.4629, 16.3479], [-86.4618, 16.3466], [-86.4641, 16.3461], [-86.4629, 16.3479]]], [[[-86.4429, 16.3515], [-86.4432, 16.3514], [-86.4433, 16.3517], [-86.4429, 16.3515]]], [[[-86.4458, 16.3522], [-86.4438, 16.3509], [-86.4453, 16.3502], [-86.4458, 16.3522]]], [[[-86.4434, 16.3525], [-86.4421, 16.3517], [-86.4433, 16.352], [-86.4434, 16.3525]]], [[[-86.5232, 16.3549], [-86.5243, 16.3548], [-86.5229, 16.3558], [-86.5232, 16.3549]]], [[[-86.514, 16.3586], [-86.5158, 16.3551], [-86.5188, 16.3561], [-86.514, 16.3586]]], [[[-86.5125, 16.3587], [-86.5133, 16.3584], [-86.5128, 16.3589], [-86.5125, 16.3587]]], [[[-86.4369, 16.3827], [-86.4401, 16.3571], [-86.4535, 16.3551], [-86.4592, 16.3476], [-86.4597, 16.3539], [-86.4756, 16.338], [-86.4857, 16.3362], [-86.4856, 16.3243], [-86.4879, 16.323], [-86.4911, 16.3231], [-86.4932, 16.3219], [-86.4943, 16.322], [-86.4966, 16.3311], [-86.5071, 16.3207], [-86.5324, 16.3119], [-86.5509, 16.3133], [-86.6021, 16.2668], [-86.5953, 16.3089], [-86.59, 16.3073], [-86.5891, 16.316], [-86.5823, 16.3149], [-86.5844, 16.3187], [-86.5714, 16.3269], [-86.5619, 16.3361], [-86.525, 16.3538], [-86.5215, 16.3493], [-86.5178, 16.3552], [-86.5114, 16.3533], [-86.495, 16.3666], [-86.4865, 16.3648], [-86.4603, 16.3794], [-86.4526, 16.3751], [-86.4369, 16.3827]]]]}}, {"id": "139", "type": "Feature", "properties": {"adm2_code": "17348", "adm2_name": "Utila", "adm1_code": "1429", "adm1_name": "Islas De Bahia"}, "geometry": {"type": "MultiPolygon", "coordinates": [[[[-86.9804, 16.0548], [-86.9806, 16.0545], [-86.9806, 16.0548], [-86.9804, 16.0548]]], [[[-86.9793, 16.0553], [-86.979, 16.0548], [-86.9797, 16.0548], [-86.9793, 16.0553]]], [[[-86.9797, 16.0581], [-86.9802, 16.0577], [-86.9801, 16.0582], [-86.9797, 16.0581]]], [[[-86.976, 16.0599], [-86.975, 16.0586], [-86.9778, 16.0586], [-86.976, 16.0599]]], [[[-86.9734, 16.0618], [-86.9744, 16.0607], [-86.9739, 16.0618], [-86.9734, 16.0618]]], [[[-86.9717, 16.0632], [-86.9719, 16.0627], [-86.9722, 16.0632], [-86.9717, 16.0632]]], [[[-86.969, 16.0636], [-86.968, 16.0627], [-86.9693, 16.0627], [-86.969, 16.0636]]], [[[-86.9638, 16.0646], [-86.9659, 16.0639], [-86.966, 16.0646], [-86.9638, 16.0646]]], [[[-86.9624, 16.0648], [-86.9632, 16.0653], [-86.9622, 16.0656], [-86.9624, 16.0648]]], [[[-87.011, 16.0653], [-87.0121, 16.0656], [-87.0113, 16.0659], [-87.011, 16.0653]]], [[[-86.9996, 16.0692], [-87.0004, 16.069], [-87.0004, 16.0695], [-86.9996, 16.0692]]], [[[-86.998, 16.0852], [-86.9985, 16.0847], [-86.9985, 16.0852], [-86.998, 16.0852]]], [[[-86.8979, 16.0861], [-86.8979, 16.0861], [-86.8979, 16.0861], [-86.8979, 16.0861], [-86.8979, 16.0861], [-86.8979, 16.0861]]], [[[-86.8828, 16.0893], [-86.8839, 16.089], [-86.8831, 16.09], [-86.8828, 16.0893]]], [[[-86.8882, 16.1234], [-86.8753, 16.12], [-86.8722, 16.1125], [-86.8885, 16.0864], [-86.9007, 16.0973], [-86.9099, 16.0895], [-86.9127, 16.0891], [-86.9031, 16.0972], [-86.9129, 16.0983], [-86.9117, 16.0929], [-86.9239, 16.0864], [-86.914, 16.0899], [-86.9182, 16.0839], [-86.9593, 16.0686], [-86.9668, 16.0693], [-86.9704, 16.0778], [-86.99, 16.0813], [-86.9894, 16.0924], [-86.9813, 16.1], [-86.957, 16.1091], [-86.9436, 16.1076], [-86.9447, 16.1146], [-86.9372, 16.1205], [-86.9109, 16.1148], [-86.8882, 16.1234]]]]}}, {"id": "140", "type": "Feature", "properties": {"adm2_code": "17349", "adm2_name": "Aguanqueterique", "adm1_code": "1430", "adm1_name": "La Paz"}, "geometry": {"type": "Polygon", "coordinates": [[[-87.6256, 14.0747], [-87.6152, 14.0224], [-87.6156, 13.9902], [-87.6029, 13.9718], [-87.6082, 13.9624], [-87.6024, 13.9554], [-87.6096, 13.9357], [-87.6117, 13.8899], [-87.6249, 13.8806], [-87.6248, 13.8684], [-87.6784, 13.8808], [-87.674, 13.8957], [-87.6859, 13.9027], [-87.6818, 13.9236], [-87.6898, 13.9283], [-87.6845, 13.9377], [-87.7013, 13.9528], [-87.7035, 13.9703], [-87.6899, 14.0098], [-87.6933, 14.0359], [-87.6591, 14.0746], [-87.6256, 14.0747]]]}}, {"id": "141", "type": "Feature", "properties": {"adm2_code": "17350", "adm2_name": "Cabanas", "adm1_code": "1430", "adm1_name": "La Paz"}, "geometry": {"type": "Polygon", "coordinates": [[[-88.0217, 13.896], [-88.0471, 13.9324], [-88.0636, 13.9434], [-88.0743, 13.9918], [-88.0635, 14.0175], [-88.0539, 14.025], [-88.0512, 14.0406], [-88.0296, 14.0429], [-88.0044, 14.0698], [-87.9908, 14.0754], [-87.9917, 14.0561], [-88.0074, 14.0554], [-88.0101, 14.044], [-87.9896, 14.0396], [-87.98, 14.047], [-87.9693, 14.0347], [-87.9661, 14.0127], [-87.9906, 14.0103], [-87.9943, 14.0009], [-87.9805, 13.9908], [-87.9856, 13.9823], [-87.9575, 13.977], [-87.9432, 13.9571], [-87.944, 13.9473], [-87.9504, 13.9338], [-87.9721, 13.9479], [-87.9794, 13.9462], [-87.9742, 13.9129], [-87.9804, 13.9076], [-88.017, 13.9075], [-88.0217, 13.896]]]}}, {"id": "142", "type": "Feature", "properties": {"adm2_code": "17351", "adm2_name": "Cane", "adm1_code": "1430", "adm1_name": "La Paz"}, "geometry": {"type": "Polygon", "coordinates": [[[-87.6416, 14.2976], [-87.6335, 14.2751], [-87.6416, 14.2669], [-87.6484, 14.2694], [-87.6454, 14.2586], [-87.6504, 14.2545], [-87.6569, 14.2523], [-87.6619, 14.2587], [-87.674, 14.2475], [-87.6762, 14.253], [-87.6831, 14.248], [-87.685, 14.2548], [-87.7008, 14.2601], [-87.7252, 14.2462], [-87.7489, 14.2498], [-87.7528, 14.2597], [-87.7316, 14.2773], [-87.6982, 14.2822], [-87.68, 14.2994], [-87.6549, 14.3023], [-87.6416, 14.2976]]]}}, {"id": "143", "type": "Feature", "properties": {"adm2_code": "17352", "adm2_name": "Chinacla", "adm1_code": "1430", "adm1_name": "La Paz"}, "geometry": {"type": "Polygon", "coordinates": [[[-87.8874, 14.1918], [-87.8751, 14.1651], [-87.8996, 14.171], [-87.9177, 14.1602], [-87.9305, 14.1472], [-87.9396, 14.1202], [-87.9508, 14.1487], [-87.9738, 14.1504], [-87.9904, 14.1421], [-87.9966, 14.1492], [-88.0114, 14.1914], [-88.0057, 14.1997], [-88.0093, 14.215], [-87.9825, 14.2031], [-87.9771, 14.184], [-87.957, 14.1899], [-87.8951, 14.1844], [-87.8874, 14.1918]]]}}, {"id": "144", "type": "Feature", "properties": {"adm2_code": "17353", "adm2_name": "Guajiquiro", "adm1_code": "1430", "adm1_name": "La Paz"}, "geometry": {"type": "Polygon", "coordinates": [[[-87.8216, 14.2008], [-87.821, 14.1882], [-87.7858, 14.1783], [-87.7687, 14.1516], [-87.7841, 14.1421], [-87.784, 14.1268], [-87.7397, 14.1202], [-87.717, 14.0839], [-87.7013, 14.0937], [-87.6912, 14.0715], [-87.6976, 14.0552], [-87.6893, 14.0208], [-87.7004, 13.9766], [-87.7812, 13.9602], [-87.7979, 13.9733], [-87.8087, 13.966], [-87.8335, 14.0179], [-87.8618, 14.0323], [-87.8496, 14.0756], [-87.8509, 14.103], [-87.8558, 14.1142], [-87.8694, 14.1141], [-87.8694, 14.1359], [-87.8811, 14.1489], [-87.876, 14.1733], [-87.8369, 14.1844], [-87.8216, 14.2008]]]}}, {"id": "145", "type": "Feature", "properties": {"adm2_code": "17354", "adm2_name": "La Paz", "adm1_code": "1430", "adm1_name": "La Paz"}, "geometry": {"type": "Polygon", "coordinates": [[[-87.7876, 14.3803], [-87.7814, 14.3626], [-87.7565, 14.3613], [-87.7157, 14.3478], [-87.7049, 14.3381], [-87.6529, 14.3639], [-87.6547, 14.3523], [-87.6421, 14.3324], [-87.6476, 14.3222], [-87.6447, 14.307], [-87.6356, 14.3006], [-87.68, 14.2994], [-87.6982, 14.2822], [-87.7316, 14.2773], [-87.753, 14.2612], [-87.7489, 14.2498], [-87.7252, 14.2462], [-87.7035, 14.2597], [-87.6876, 14.2562], [-87.7039, 14.2399], [-87.7249, 14.2396], [-87.7429, 14.2256], [-87.7747, 14.2232], [-87.7796, 14.2319], [-87.8129, 14.2172], [-87.8226, 14.233], [-87.8159, 14.2419], [-87.8237, 14.2463], [-87.8275, 14.274], [-87.8647, 14.2915], [-87.8495, 14.2985], [-87.8343, 14.3223], [-87.8189, 14.3322], [-87.7876, 14.3803]]]}}, {"id": "146", "type": "Feature", "properties": {"adm2_code": "17355", "adm2_name": "Lauterique", "adm1_code": "1430", "adm1_name": "La Paz"}, "geometry": {"type": "Polygon", "coordinates": [[[-87.6248, 13.8684], [-87.631, 13.8473], [-87.6498, 13.8229], [-87.674, 13.823], [-87.6973, 13.8431], [-87.6836, 13.8652], [-87.6841, 13.8805], [-87.6778, 13.8738], [-87.6702, 13.8819], [-87.6248, 13.8684]]]}}, {"id": "147", "type": "Feature", "properties": {"adm2_code": "17356", "adm2_name": "Marcala", "adm1_code": "1430", "adm1_name": "La Paz"}, "geometry": {"type": "Polygon", "coordinates": [[[-88.0037, 14.237], [-88.0093, 14.215], [-88.0057, 14.1997], [-88.0114, 14.1914], [-87.9966, 14.1492], [-87.9904, 14.1421], [-87.9738, 14.1504], [-87.9508, 14.1487], [-87.9393, 14.1198], [-87.9518, 14.103], [-87.9718, 14.1005], [-87.9659, 14.0898], [-87.9728, 14.0758], [-87.982, 14.0707], [-87.9878, 14.08], [-88.0296, 14.0429], [-88.0512, 14.0406], [-88.0539, 14.025], [-88.0635, 14.0175], [-88.0743, 13.9918], [-88.1007, 13.9984], [-88.0877, 14.0323], [-88.0736, 14.0331], [-88.075, 14.0468], [-88.0464, 14.0706], [-88.0462, 14.0784], [-88.0339, 14.0747], [-88.0364, 14.0829], [-88.0259, 14.0901], [-88.054, 14.0982], [-88.0519, 14.1101], [-88.0578, 14.1161], [-88.0484, 14.1216], [-88.0656, 14.1236], [-88.0766, 14.1427], [-88.0912, 14.1486], [-88.1025, 14.1646], [-88.1104, 14.1584], [-88.1145, 14.1633], [-88.1037, 14.1777], [-88.1037, 14.1945], [-88.044, 14.2379], [-88.0037, 14.237]]]}}, {"id": "148", "type": "Feature", "properties": {"adm2_code": "17357", "adm2_name": "Mercedes De Oriente", "adm1_code": "1430", "adm1_name": "La Paz"}, "geometry": {"type": "Polygon", "coordinates": [[[-87.7829, 13.9602], [-87.7709, 13.9364], [-87.7663, 13.9054], [-87.7464, 13.9002], [-87.7564, 13.8787], [-87.743, 13.8725], [-87.7534, 13.8619], [-87.7846, 13.8766], [-87.7997, 13.891], [-87.7949, 13.9038], [-87.802, 13.9211], [-87.7944, 13.9266], [-87.7938, 13.9489], [-87.8029, 13.972], [-87.7829, 13.9602]]]}}, {"id": "149", "type": "Feature", "properties": {"adm2_code": "17358", "adm2_name": "Opatoro", "adm1_code": "1430", "adm1_name": "La Paz"}, "geometry": {"type": "Polygon", "coordinates": [[[-87.8761, 14.1653], [-87.8811, 14.1489], [-87.8694, 14.1359], [-87.8694, 14.1141], [-87.8558, 14.1142], [-87.8509, 14.103], [-87.8496, 14.0756], [-87.8623, 14.0335], [-87.8518, 14.0229], [-87.8335, 14.0179], [-87.8157, 13.9741], [-87.7982, 13.9614], [-87.7938, 13.9489], [-87.7975, 13.9227], [-87.8301, 13.9175], [-87.8448, 13.897], [-87.859, 13.8934], [-87.8739, 13.8956], [-87.8695, 13.9086], [-87.8745, 13.9124], [-87.8926, 13.9141], [-87.9034, 13.9384], [-87.8749, 13.9556], [-87.8934, 13.983], [-87.9232, 13.9977], [-87.9037, 14.0255], [-87.9126, 14.0356], [-87.9065, 14.0528], [-87.947, 14.103], [-87.9305, 14.1472], [-87.9177, 14.1602], [-87.8996, 14.171], [-87.8761, 14.1653]]]}}, {"id": "150", "type": "Feature", "properties": {"adm2_code": "17359", "adm2_name": "San  Antonio Del Norte", "adm1_code": "1430", "adm1_name": "La Paz"}, "geometry": {"type": "Polygon", "coordinates": [[[-87.6872, 13.9269], [-87.6817, 13.9229], [-87.6859, 13.9027], [-87.674, 13.8957], [-87.679, 13.8827], [-87.674, 13.8776], [-87.6778, 13.8738], [-87.6858, 13.8788], [-87.6836, 13.8652], [-87.6973, 13.8436], [-87.6943, 13.8384], [-87.7312, 13.8369], [-87.7423, 13.831], [-87.7458, 13.8547], [-87.7534, 13.8619], [-87.743, 13.8725], [-87.7564, 13.8787], [-87.7464, 13.9002], [-87.7649, 13.9042], [-87.7693, 13.9179], [-87.7645, 13.9208], [-87.753, 13.9132], [-87.7327, 13.9217], [-87.71, 13.9196], [-87.6872, 13.9269]]]}}, {"id": "151", "type": "Feature", "properties": {"adm2_code": "17360", "adm2_name": "San Jose", "adm1_code": "1430", "adm1_name": "La Paz"}, "geometry": {"type": "Polygon", "coordinates": [[[-87.8874, 14.1918], [-87.8951, 14.1844], [-87.957, 14.1899], [-87.9771, 14.184], [-87.9825, 14.2031], [-88.0088, 14.2162], [-87.9963, 14.2699], [-87.9669, 14.2801], [-87.9609, 14.265], [-87.9663, 14.2577], [-87.9512, 14.2503], [-87.9484, 14.237], [-87.9345, 14.2318], [-87.9257, 14.2189], [-87.9122, 14.2205], [-87.9012, 14.2132], [-87.8969, 14.2256], [-87.8803, 14.2253], [-87.8874, 14.1918]]]}}, {"id": "152", "type": "Feature", "properties": {"adm2_code": "17361", "adm2_name": "San Juan", "adm1_code": "1430", "adm1_name": "La Paz"}, "geometry": {"type": "Polygon", "coordinates": [[[-87.6872, 13.9269], [-87.71, 13.9196], [-87.7327, 13.9217], [-87.753, 13.9132], [-87.7645, 13.9208], [-87.7693, 13.9179], [-87.7709, 13.9364], [-87.7829, 13.9602], [-87.7004, 13.9766], [-87.7013, 13.9528], [-87.6851, 13.9392], [-87.6872, 13.9269]]]}}, {"id": "153", "type": "Feature", "properties": {"adm2_code": "17362", "adm2_name": "San Pedro De Tutule", "adm1_code": "1430", "adm1_name": "La Paz"}, "geometry": {"type": "Polygon", "coordinates": [[[-87.8177, 14.2209], [-87.829, 14.2106], [-87.8216, 14.2008], [-87.8416, 14.1827], [-87.8727, 14.2137], [-87.8773, 14.2426], [-87.8614, 14.2612], [-87.8585, 14.2859], [-87.8386, 14.2835], [-87.8275, 14.274], [-87.8237, 14.2463], [-87.8159, 14.2419], [-87.8226, 14.2343], [-87.8177, 14.2209]]]}}, {"id": "154", "type": "Feature", "properties": {"adm2_code": "17363", "adm2_name": "Santa Ana", "adm1_code": "1430", "adm1_name": "La Paz"}, "geometry": {"type": "Polygon", "coordinates": [[[-87.8739, 13.8956], [-87.8824, 13.9019], [-87.8899, 13.8974], [-87.9062, 13.9006], [-87.9138, 13.8929], [-87.9211, 13.895], [-87.9217, 13.8856], [-87.9595, 13.8986], [-88.0134, 13.8725], [-88.0217, 13.896], [-88.017, 13.9075], [-87.9787, 13.9084], [-87.974, 13.9138], [-87.9794, 13.9462], [-87.9721, 13.9479], [-87.9504, 13.9338], [-87.944, 13.9473], [-87.9432, 13.9571], [-87.9575, 13.977], [-87.9856, 13.9823], [-87.9805, 13.9908], [-87.9943, 14.0009], [-87.9906, 14.0103], [-87.9661, 14.0127], [-87.9693, 14.0347], [-87.98, 14.047], [-87.9896, 14.0396], [-88.0101, 14.044], [-88.0074, 14.0554], [-87.9917, 14.0561], [-87.9878, 14.08], [-87.9806, 14.0706], [-87.9683, 14.0804], [-87.9707, 14.1014], [-87.9469, 14.1077], [-87.9408, 14.09], [-87.9065, 14.0528], [-87.9126, 14.0356], [-87.9037, 14.0255], [-87.9232, 13.9977], [-87.8934, 13.983], [-87.879, 13.965], [-87.8746, 13.9542], [-87.9034, 13.9384], [-87.8926, 13.9141], [-87.8695, 13.9086], [-87.8739, 13.8956]]]}}, {"id": "155", "type": "Feature", "properties": {"adm2_code": "17364", "adm2_name": "Santa Elena", "adm1_code": "1430", "adm1_name": "La Paz"}, "geometry": {"type": "Polygon", "coordinates": [[[-88.1148, 13.9969], [-88.1628, 13.9821], [-88.1975, 13.9954], [-88.2103, 13.992], [-88.2013, 14.0372], [-88.2248, 14.0539], [-88.2325, 14.0709], [-88.2201, 14.0696], [-88.1714, 14.128], [-88.1516, 14.1196], [-88.1307, 14.0959], [-88.1177, 14.1048], [-88.1091, 14.101], [-88.0928, 14.073], [-88.0879, 14.0533], [-88.1225, 14.0093], [-88.1148, 13.9969]]]}}, {"id": "156", "type": "Feature", "properties": {"adm2_code": "17365", "adm2_name": "Santa Maria", "adm1_code": "1430", "adm1_name": "La Paz"}, "geometry": {"type": "Polygon", "coordinates": [[[-87.8658, 14.2573], [-87.8773, 14.2426], [-87.8757, 14.2205], [-87.8436, 14.1856], [-87.876, 14.1733], [-87.8874, 14.1918], [-87.8803, 14.2253], [-87.8969, 14.2256], [-87.9012, 14.2132], [-87.9122, 14.2205], [-87.9257, 14.2189], [-87.9345, 14.2318], [-87.9484, 14.237], [-87.9512, 14.2503], [-87.9663, 14.2577], [-87.9609, 14.265], [-87.9701, 14.2816], [-87.9655, 14.3055], [-87.9447, 14.3122], [-87.8713, 14.2955], [-87.8753, 14.2614], [-87.8658, 14.2573]]]}}, {"id": "157", "type": "Feature", "properties": {"adm2_code": "17366", "adm2_name": "Santiago De Puringla", "adm1_code": "1430", "adm1_name": "La Paz"}, "geometry": {"type": "Polygon", "coordinates": [[[-87.8484, 14.415], [-87.8305, 14.3829], [-87.7882, 14.3807], [-87.8189, 14.3322], [-87.8343, 14.3223], [-87.8495, 14.2985], [-87.8643, 14.2924], [-87.8581, 14.2831], [-87.8644, 14.2689], [-87.8614, 14.2612], [-87.872, 14.257], [-87.8713, 14.2955], [-87.949, 14.3133], [-87.9441, 14.3279], [-87.952, 14.3351], [-87.9491, 14.3426], [-87.956, 14.3535], [-87.9478, 14.3605], [-87.9502, 14.3763], [-87.9087, 14.369], [-87.8484, 14.415]]]}}, {"id": "158", "type": "Feature", "properties": {"adm2_code": "17367", "adm2_name": "Yarula", "adm1_code": "1430", "adm1_name": "La Paz"}, "geometry": {"type": "Polygon", "coordinates": [[[-88.1007, 13.9984], [-88.1148, 13.9969], [-88.1225, 14.0093], [-88.0879, 14.0533], [-88.1008, 14.0899], [-88.1177, 14.1048], [-88.1307, 14.0959], [-88.1666, 14.1287], [-88.1538, 14.1436], [-88.1046, 14.1646], [-88.0912, 14.1486], [-88.0766, 14.1427], [-88.0656, 14.1236], [-88.0484, 14.1216], [-88.0578, 14.1161], [-88.0519, 14.1101], [-88.054, 14.0982], [-88.0259, 14.0901], [-88.0364, 14.0829], [-88.0339, 14.0747], [-88.0462, 14.0784], [-88.0464, 14.0706], [-88.075, 14.0468], [-88.0736, 14.0331], [-88.0877, 14.0323], [-88.1007, 13.9984]]]}}, {"id": "159", "type": "Feature", "properties": {"adm2_code": "17368", "adm2_name": "Belen", "adm1_code": "1431", "adm1_name": "Lempira"}, "geometry": {"type": "Polygon", "coordinates": [[[-88.3189, 14.5559], [-88.3433, 14.5155], [-88.341, 14.4897], [-88.3687, 14.4659], [-88.4198, 14.4589], [-88.4477, 14.4644], [-88.4927, 14.4426], [-88.4919, 14.4314], [-88.5085, 14.4558], [-88.5044, 14.4705], [-88.5245, 14.4947], [-88.5327, 14.5186], [-88.5136, 14.5307], [-88.5062, 14.5497], [-88.465, 14.5438], [-88.4566, 14.5483], [-88.4389, 14.537], [-88.4353, 14.5271], [-88.4094, 14.524], [-88.3978, 14.5297], [-88.4008, 14.569], [-88.3937, 14.578], [-88.3801, 14.5713], [-88.3583, 14.5752], [-88.3189, 14.5559]]]}}, {"id": "160", "type": "Feature", "properties": {"adm2_code": "17369", "adm2_name": "Candelaria", "adm1_code": "1431", "adm1_name": "Lempira"}, "geometry": {"type": "Polygon", "coordinates": [[[-88.5278, 14.0628], [-88.5174, 14.0429], [-88.5187, 14.0018], [-88.5924, 14.024], [-88.5983, 14.0481], [-88.5729, 14.0807], [-88.5542, 14.0842], [-88.5278, 14.0628]]]}}, {"id": "161", "type": "Feature", "properties": {"adm2_code": "17370", "adm2_name": "Cololaca", "adm1_code": "1431", "adm1_name": "Lempira"}, "geometry": {"type": "Polygon", "coordinates": [[[-88.801, 14.3727], [-88.7783, 14.3371], [-88.778, 14.3254], [-88.8058, 14.2865], [-88.8326, 14.2852], [-88.8362, 14.2761], [-88.8312, 14.2559], [-88.8705, 14.2512], [-88.8972, 14.2284], [-88.9265, 14.2539], [-88.9367, 14.2524], [-88.9488, 14.2402], [-88.9226, 14.2094], [-88.9301, 14.204], [-88.9663, 14.2116], [-88.9626, 14.2194], [-88.9687, 14.2465], [-88.9618, 14.2606], [-88.977, 14.2888], [-88.9511, 14.3011], [-88.9431, 14.329], [-88.9031, 14.3341], [-88.8821, 14.3437], [-88.8721, 14.3612], [-88.8715, 14.3959], [-88.8524, 14.3929], [-88.8499, 14.384], [-88.8312, 14.3712], [-88.801, 14.3727]]]}}, {"id": "162", "type": "Feature", "properties": {"adm2_code": "17371", "adm2_name": "Erandique", "adm1_code": "1431", "adm1_name": "Lempira"}, "geometry": {"type": "Polygon", "coordinates": [[[-88.4223, 14.3503], [-88.4053, 14.2703], [-88.4194, 14.2465], [-88.4171, 14.2345], [-88.3809, 14.216], [-88.3571, 14.2173], [-88.3289, 14.213], [-88.3268, 14.2078], [-88.3438, 14.2026], [-88.3681, 14.1734], [-88.3882, 14.1718], [-88.4035, 14.1619], [-88.4094, 14.148], [-88.4299, 14.1349], [-88.4302, 14.1219], [-88.4691, 14.1216], [-88.4774, 14.1107], [-88.4792, 14.1361], [-88.4879, 14.1364], [-88.5265, 14.1726], [-88.5261, 14.1953], [-88.5133, 14.1995], [-88.5266, 14.2178], [-88.5328, 14.2512], [-88.5588, 14.27], [-88.5405, 14.2826], [-88.497, 14.2828], [-88.4784, 14.3275], [-88.4406, 14.352], [-88.4223, 14.3503]]]}}, {"id": "163", "type": "Feature", "properties": {"adm2_code": "17372", "adm2_name": "Gracias", "adm1_code": "1431", "adm1_name": "Lempira"}, "geometry": {"type": "Polygon", "coordinates": [[[-88.5062, 14.5497], [-88.5136, 14.5307], [-88.5602, 14.4984], [-88.5851, 14.505], [-88.6167, 14.506], [-88.6435, 14.4967], [-88.6854, 14.5086], [-88.7124, 14.505], [-88.7095, 14.5209], [-88.7185, 14.5298], [-88.7477, 14.5267], [-88.7723, 14.5354], [-88.7527, 14.5798], [-88.7282, 14.597], [-88.7052, 14.5973], [-88.6956, 14.6218], [-88.672, 14.6386], [-88.6375, 14.6399], [-88.6146, 14.6543], [-88.6116, 14.6627], [-88.6184, 14.6748], [-88.608, 14.6759], [-88.6201, 14.6824], [-88.6151, 14.6926], [-88.5952, 14.7053], [-88.5718, 14.7059], [-88.5404, 14.7289], [-88.4894, 14.7308], [-88.4896, 14.6987], [-88.52, 14.6906], [-88.5349, 14.6697], [-88.5136, 14.6039], [-88.5316, 14.5806], [-88.5154, 14.5643], [-88.5188, 14.5545], [-88.5062, 14.5497]]]}}, {"id": "164", "type": "Feature", "properties": {"adm2_code": "17373", "adm2_name": "Gualcince", "adm1_code": "1431", "adm1_name": "Lempira"}, "geometry": {"type": "Polygon", "coordinates": [[[-88.4792, 14.1361], [-88.4806, 14.0895], [-88.5186, 14.083], [-88.5258, 14.0771], [-88.5236, 14.063], [-88.5542, 14.0842], [-88.5729, 14.0807], [-88.6181, 14.0562], [-88.6479, 14.0687], [-88.6609, 14.111], [-88.6548, 14.128], [-88.6349, 14.1409], [-88.6002, 14.1345], [-88.5703, 14.161], [-88.5522, 14.1634], [-88.5527, 14.1812], [-88.5398, 14.1827], [-88.5264, 14.1945], [-88.5219, 14.1641], [-88.4931, 14.1458], [-88.4879, 14.1364], [-88.4792, 14.1361]]]}}, {"id": "165", "type": "Feature", "properties": {"adm2_code": "17374", "adm2_name": "Guarita", "adm1_code": "1431", "adm1_name": "Lempira"}, "geometry": {"type": "Polygon", "coordinates": [[[-88.8058, 14.2865], [-88.7919, 14.2807], [-88.78, 14.2642], [-88.8124, 14.2431], [-88.8087, 14.2237], [-88.8227, 14.2114], [-88.7919, 14.2], [-88.7874, 14.1893], [-88.7622, 14.1903], [-88.7425, 14.1762], [-88.7437, 14.1336], [-88.7525, 14.1388], [-88.7561, 14.1824], [-88.7591, 14.1727], [-88.7728, 14.1757], [-88.7768, 14.1649], [-88.7901, 14.172], [-88.816, 14.1595], [-88.8206, 14.1687], [-88.8167, 14.1782], [-88.8235, 14.1784], [-88.8229, 14.1546], [-88.814, 14.1325], [-88.7865, 14.137], [-88.7845, 14.1179], [-88.7909, 14.1122], [-88.8307, 14.1067], [-88.8359, 14.1257], [-88.8464, 14.1326], [-88.8489, 14.15], [-88.8581, 14.1536], [-88.8607, 14.1739], [-88.8757, 14.1868], [-88.9001, 14.1919], [-88.9021, 14.2062], [-88.9226, 14.2094], [-88.9492, 14.2441], [-88.9273, 14.2543], [-88.896, 14.2285], [-88.8705, 14.2512], [-88.8312, 14.2559], [-88.8362, 14.2761], [-88.8326, 14.2852], [-88.8058, 14.2865]]]}}, {"id": "166", "type": "Feature", "properties": {"adm2_code": "17375", "adm2_name": "La Campa", "adm1_code": "1431", "adm1_name": "Lempira"}, "geometry": {"type": "Polygon", "coordinates": [[[-88.4942, 14.4314], [-88.5202, 14.4094], [-88.5299, 14.3844], [-88.5285, 14.3704], [-88.5419, 14.3691], [-88.5575, 14.3479], [-88.5648, 14.3503], [-88.599, 14.3354], [-88.6329, 14.3294], [-88.6386, 14.321], [-88.6476, 14.33], [-88.6655, 14.3261], [-88.6854, 14.3532], [-88.6607, 14.3626], [-88.6487, 14.3576], [-88.6144, 14.3631], [-88.6185, 14.3764], [-88.6144, 14.3844], [-88.6271, 14.4011], [-88.6065, 14.4318], [-88.6155, 14.4594], [-88.6206, 14.4582], [-88.6301, 14.4766], [-88.605, 14.4737], [-88.5994, 14.504], [-88.5593, 14.4985], [-88.5317, 14.5183], [-88.5245, 14.4947], [-88.5044, 14.4705], [-88.5085, 14.4558], [-88.4989, 14.4474], [-88.4942, 14.4314]]]}}, {"id": "167", "type": "Feature", "properties": {"adm2_code": "17376", "adm2_name": "La Iguala", "adm1_code": "1431", "adm1_name": "Lempira"}, "geometry": {"type": "Polygon", "coordinates": [[[-88.4843, 14.7968], [-88.4622, 14.7793], [-88.4565, 14.761], [-88.4448, 14.7592], [-88.4363, 14.7481], [-88.4205, 14.7496], [-88.4466, 14.7318], [-88.4393, 14.7099], [-88.4121, 14.7038], [-88.3983, 14.6939], [-88.4078, 14.6819], [-88.4059, 14.6569], [-88.385, 14.6447], [-88.342, 14.6374], [-88.3249, 14.6044], [-88.3189, 14.5559], [-88.3583, 14.5752], [-88.3801, 14.5713], [-88.3937, 14.578], [-88.4008, 14.569], [-88.3978, 14.5297], [-88.4124, 14.5231], [-88.4353, 14.5271], [-88.4389, 14.537], [-88.4566, 14.5483], [-88.4719, 14.5443], [-88.5188, 14.5545], [-88.5154, 14.5643], [-88.5293, 14.5732], [-88.5316, 14.5822], [-88.5136, 14.6039], [-88.5349, 14.6697], [-88.52, 14.6906], [-88.4896, 14.6987], [-88.4894, 14.7308], [-88.5404, 14.7289], [-88.5142, 14.7826], [-88.5074, 14.784], [-88.5084, 14.7942], [-88.4843, 14.7968]]]}}, {"id": "168", "type": "Feature", "properties": {"adm2_code": "17377", "adm2_name": "La Union", "adm1_code": "1431", "adm1_name": "Lempira"}, "geometry": {"type": "Polygon", "coordinates": [[[-88.418, 14.8358], [-88.3979, 14.818], [-88.3726, 14.821], [-88.3563, 14.8063], [-88.379, 14.7564], [-88.3908, 14.7496], [-88.3982, 14.7354], [-88.4207, 14.7497], [-88.4363, 14.7481], [-88.4448, 14.7592], [-88.4565, 14.761], [-88.4622, 14.7793], [-88.4807, 14.7946], [-88.4641, 14.8007], [-88.4494, 14.8348], [-88.4381, 14.8407], [-88.418, 14.8358]]]}}, {"id": "169", "type": "Feature", "properties": {"adm2_code": "17378", "adm2_name": "La Virtud", "adm1_code": "1431", "adm1_name": "Lempira"}, "geometry": {"type": "Polygon", "coordinates": [[[-88.6567, 14.1255], [-88.6609, 14.111], [-88.6546, 14.1018], [-88.6566, 14.0888], [-88.6479, 14.0687], [-88.6337, 14.0618], [-88.6421, 14.059], [-88.6418, 14.0501], [-88.6497, 14.049], [-88.6538, 14.0393], [-88.6406, 14.0184], [-88.6628, 14.0255], [-88.6694, 14.012], [-88.683, 14.011], [-88.6876, 14.038], [-88.7312, 14.0492], [-88.7386, 14.0685], [-88.7256, 14.0914], [-88.6956, 14.1064], [-88.6845, 14.1046], [-88.6881, 14.1128], [-88.6567, 14.1255]]]}}, {"id": "170", "type": "Feature", "properties": {"adm2_code": "17379", "adm2_name": "Las Flores", "adm1_code": "1431", "adm1_name": "Lempira"}, "geometry": {"type": "Polygon", "coordinates": [[[-88.5884, 14.7067], [-88.6212, 14.6883], [-88.608, 14.6759], [-88.6184, 14.6748], [-88.6116, 14.6627], [-88.6146, 14.6543], [-88.6375, 14.6399], [-88.672, 14.6386], [-88.6956, 14.6218], [-88.7052, 14.5973], [-88.7282, 14.597], [-88.7478, 14.6286], [-88.7305, 14.6377], [-88.6914, 14.6376], [-88.6755, 14.6667], [-88.6606, 14.6775], [-88.6632, 14.6946], [-88.6466, 14.7017], [-88.6509, 14.7205], [-88.5884, 14.7067]]]}}, {"id": "171", "type": "Feature", "properties": {"adm2_code": "17380", "adm2_name": "Lepaera", "adm1_code": "1431", "adm1_name": "Lempira"}, "geometry": {"type": "Polygon", "coordinates": [[[-88.6024, 14.9296], [-88.5479, 14.9167], [-88.5255, 14.8547], [-88.4843, 14.7968], [-88.5084, 14.7942], [-88.5074, 14.784], [-88.5142, 14.7826], [-88.5404, 14.7289], [-88.5756, 14.7051], [-88.6517, 14.7203], [-88.6575, 14.7266], [-88.6527, 14.7345], [-88.6612, 14.761], [-88.6745, 14.7679], [-88.67, 14.8039], [-88.6618, 14.8198], [-88.6461, 14.8287], [-88.6459, 14.8503], [-88.6366, 14.849], [-88.6428, 14.8666], [-88.632, 14.8829], [-88.6383, 14.9027], [-88.6142, 14.9013], [-88.6041, 14.9105], [-88.6024, 14.9296]]]}}, {"id": "172", "type": "Feature", "properties": {"adm2_code": "17381", "adm2_name": "Mapulaca", "adm1_code": "1431", "adm1_name": "Lempira"}, "geometry": {"type": "Polygon", "coordinates": [[[-88.5831, 14.0715], [-88.5983, 14.0481], [-88.5927, 14.0259], [-88.6112, 14.0101], [-88.6278, 14.0242], [-88.6406, 14.0184], [-88.6515, 14.0302], [-88.6521, 14.0447], [-88.6418, 14.0501], [-88.641, 14.0599], [-88.6181, 14.0562], [-88.5831, 14.0715]]]}}, {"id": "173", "type": "Feature", "properties": {"adm2_code": "17382", "adm2_name": "Piraera", "adm1_code": "1431", "adm1_name": "Lempira"}, "geometry": {"type": "MultiPolygon", "coordinates": [[[[-88.4961, 13.9412], [-88.5065, 13.9395], [-88.4981, 13.9509], [-88.4961, 13.9412]]], [[[-88.4302, 14.1219], [-88.4048, 14.0701], [-88.385, 14.0596], [-88.3748, 14.0488], [-88.3751, 14.0405], [-88.3823, 14.0239], [-88.4368, 14.0038], [-88.4436, 13.9955], [-88.4614, 13.994], [-88.4672, 13.9812], [-88.4789, 13.9784], [-88.4754, 13.9654], [-88.4874, 13.9604], [-88.4909, 13.9499], [-88.4977, 13.9516], [-88.4999, 13.9688], [-88.5244, 13.9829], [-88.5165, 14.033], [-88.5278, 14.0628], [-88.5235, 14.0634], [-88.5258, 14.0771], [-88.5153, 14.085], [-88.4814, 14.0888], [-88.4703, 14.1211], [-88.4302, 14.1219]]]]}}, {"id": "174", "type": "Feature", "properties": {"adm2_code": "17383", "adm2_name": "San Andres", "adm1_code": "1431", "adm1_name": "Lempira"}, "geometry": {"type": "Polygon", "coordinates": [[[-88.5833, 14.2896], [-88.5328, 14.2512], [-88.5266, 14.2178], [-88.5133, 14.1995], [-88.5398, 14.1827], [-88.5527, 14.1812], [-88.5522, 14.1634], [-88.5703, 14.161], [-88.5992, 14.1349], [-88.6349, 14.1409], [-88.6567, 14.1255], [-88.6669, 14.1487], [-88.6631, 14.1547], [-88.6768, 14.1635], [-88.6749, 14.1764], [-88.6847, 14.1802], [-88.6848, 14.2139], [-88.6917, 14.2277], [-88.6782, 14.2561], [-88.6634, 14.2578], [-88.6444, 14.2827], [-88.6497, 14.3003], [-88.6397, 14.3197], [-88.624, 14.3203], [-88.622, 14.3108], [-88.6131, 14.3075], [-88.6127, 14.2937], [-88.5833, 14.2896]]]}}, {"id": "175", "type": "Feature", "properties": {"adm2_code": "17384", "adm2_name": "San Francisco", "adm1_code": "1431", "adm1_name": "Lempira"}, "geometry": {"type": "Polygon", "coordinates": [[[-88.3253, 14.1514], [-88.3162, 14.1418], [-88.3201, 14.1209], [-88.3128, 14.0946], [-88.3306, 14.0798], [-88.3247, 14.0641], [-88.3489, 14.0596], [-88.3627, 14.0384], [-88.3802, 14.0291], [-88.3748, 14.0488], [-88.4048, 14.0701], [-88.4194, 14.1062], [-88.4299, 14.1145], [-88.4299, 14.1349], [-88.4094, 14.148], [-88.4035, 14.1619], [-88.3882, 14.1718], [-88.3681, 14.1734], [-88.3438, 14.2026], [-88.3268, 14.2078], [-88.3158, 14.1974], [-88.3253, 14.1514]]]}}, {"id": "176", "type": "Feature", "properties": {"adm2_code": "17385", "adm2_name": "San Juan Guarita", "adm1_code": "1431", "adm1_name": "Lempira"}, "geometry": {"type": "Polygon", "coordinates": [[[-88.7561, 14.1824], [-88.7539, 14.1088], [-88.7746, 14.102], [-88.7851, 14.105], [-88.7909, 14.1122], [-88.7845, 14.1179], [-88.7849, 14.1354], [-88.814, 14.1325], [-88.8229, 14.1546], [-88.8235, 14.1784], [-88.8167, 14.1782], [-88.8206, 14.1687], [-88.816, 14.1595], [-88.7901, 14.172], [-88.7768, 14.1649], [-88.7728, 14.1757], [-88.7591, 14.1727], [-88.7561, 14.1824]]]}}, {"id": "177", "type": "Feature", "properties": {"adm2_code": "17386", "adm2_name": "San Manuel Del Colohete", "adm1_code": "1431", "adm1_name": "Lempira"}, "geometry": {"type": "Polygon", "coordinates": [[[-88.5994, 14.504], [-88.605, 14.4737], [-88.6301, 14.4766], [-88.6206, 14.4582], [-88.6155, 14.4594], [-88.6065, 14.4318], [-88.6271, 14.4011], [-88.6144, 14.3844], [-88.6185, 14.3771], [-88.6144, 14.3631], [-88.6487, 14.3576], [-88.6607, 14.3626], [-88.6854, 14.3532], [-88.7061, 14.4044], [-88.731, 14.4259], [-88.7345, 14.437], [-88.727, 14.446], [-88.7285, 14.46], [-88.7124, 14.505], [-88.6854, 14.5086], [-88.6435, 14.4967], [-88.6167, 14.506], [-88.5994, 14.504]]]}}, {"id": "178", "type": "Feature", "properties": {"adm2_code": "17387", "adm2_name": "San Rafael", "adm1_code": "1431", "adm1_name": "Lempira"}, "geometry": {"type": "Polygon", "coordinates": [[[-88.3099, 14.7188], [-88.3127, 14.6701], [-88.3436, 14.6372], [-88.385, 14.6447], [-88.4059, 14.6569], [-88.4078, 14.6819], [-88.3983, 14.6939], [-88.4121, 14.7038], [-88.4393, 14.7099], [-88.4466, 14.7318], [-88.4205, 14.7496], [-88.3982, 14.7354], [-88.3908, 14.7496], [-88.3816, 14.7532], [-88.3653, 14.7193], [-88.3466, 14.7043], [-88.3099, 14.7188]]]}}, {"id": "179", "type": "Feature", "properties": {"adm2_code": "17388", "adm2_name": "San Sebastian", "adm1_code": "1431", "adm1_name": "Lempira"}, "geometry": {"type": "Polygon", "coordinates": [[[-88.7364, 14.4288], [-88.7061, 14.4044], [-88.6879, 14.356], [-88.6663, 14.3267], [-88.6485, 14.3301], [-88.6381, 14.3241], [-88.64, 14.3107], [-88.6497, 14.3003], [-88.6444, 14.2827], [-88.6634, 14.2578], [-88.6782, 14.2561], [-88.6819, 14.2486], [-88.724, 14.2498], [-88.7641, 14.2694], [-88.78, 14.2642], [-88.7919, 14.2807], [-88.8058, 14.2865], [-88.7786, 14.3237], [-88.7778, 14.3345], [-88.7994, 14.3717], [-88.8199, 14.3899], [-88.8136, 14.4145], [-88.79, 14.4004], [-88.7491, 14.4155], [-88.7364, 14.4288]]]}}, {"id": "180", "type": "Feature", "properties": {"adm2_code": "17389", "adm2_name": "Santa Cruz", "adm1_code": "1431", "adm1_name": "Lempira"}, "geometry": {"type": "Polygon", "coordinates": [[[-88.4919, 14.4314], [-88.4939, 14.3909], [-88.481, 14.3746], [-88.4441, 14.349], [-88.4784, 14.3275], [-88.497, 14.2828], [-88.5405, 14.2826], [-88.5588, 14.27], [-88.5833, 14.2896], [-88.6127, 14.2937], [-88.6131, 14.3075], [-88.622, 14.3108], [-88.624, 14.3203], [-88.6381, 14.3214], [-88.6335, 14.3292], [-88.599, 14.3354], [-88.5648, 14.3503], [-88.5575, 14.3479], [-88.5419, 14.3691], [-88.5285, 14.3704], [-88.5299, 14.3844], [-88.5202, 14.4094], [-88.4919, 14.4314]]]}}, {"id": "181", "type": "Feature", "properties": {"adm2_code": "17390", "adm2_name": "Talgua", "adm1_code": "1431", "adm1_name": "Lempira"}, "geometry": {"type": "Polygon", "coordinates": [[[-88.6505, 14.7006], [-88.6632, 14.6946], [-88.6606, 14.6775], [-88.6755, 14.6667], [-88.6914, 14.6376], [-88.7305, 14.6377], [-88.7478, 14.6286], [-88.7696, 14.6371], [-88.7941, 14.6864], [-88.7833, 14.7039], [-88.7262, 14.6914], [-88.6844, 14.696], [-88.6744, 14.7067], [-88.6593, 14.7009], [-88.6528, 14.7054], [-88.6505, 14.7006]]]}}, {"id": "182", "type": "Feature", "properties": {"adm2_code": "17391", "adm2_name": "Tambla", "adm1_code": "1431", "adm1_name": "Lempira"}, "geometry": {"type": "Polygon", "coordinates": [[[-88.6862, 14.2067], [-88.6847, 14.1802], [-88.7076, 14.1906], [-88.7154, 14.1723], [-88.7393, 14.1724], [-88.7622, 14.1903], [-88.7874, 14.1893], [-88.7919, 14.2], [-88.8227, 14.2132], [-88.8087, 14.2237], [-88.8124, 14.2431], [-88.78, 14.2642], [-88.7574, 14.2421], [-88.7592, 14.2315], [-88.7868, 14.2178], [-88.7811, 14.2123], [-88.7582, 14.2097], [-88.7407, 14.2161], [-88.7199, 14.2097], [-88.7036, 14.2166], [-88.6862, 14.2067]]]}}, {"id": "183", "type": "Feature", "properties": {"adm2_code": "17392", "adm2_name": "Tomala", "adm1_code": "1431", "adm1_name": "Lempira"}, "geometry": {"type": "Polygon", "coordinates": [[[-88.6816, 14.2492], [-88.6917, 14.2277], [-88.6862, 14.2067], [-88.7036, 14.2166], [-88.7199, 14.2097], [-88.7407, 14.2161], [-88.7582, 14.2097], [-88.7868, 14.2178], [-88.7592, 14.2315], [-88.758, 14.2435], [-88.78, 14.2642], [-88.7749, 14.2691], [-88.7641, 14.2694], [-88.724, 14.2498], [-88.6816, 14.2492]]]}}, {"id": "184", "type": "Feature", "properties": {"adm2_code": "17393", "adm2_name": "Valladolid", "adm1_code": "1431", "adm1_name": "Lempira"}, "geometry": {"type": "Polygon", "coordinates": [[[-88.7076, 14.1906], [-88.6749, 14.1764], [-88.6768, 14.1635], [-88.6631, 14.1547], [-88.6669, 14.1487], [-88.6567, 14.127], [-88.6881, 14.1128], [-88.6845, 14.1046], [-88.6956, 14.1064], [-88.7301, 14.0882], [-88.7288, 14.1132], [-88.7388, 14.1212], [-88.752, 14.1151], [-88.7525, 14.1388], [-88.7437, 14.1336], [-88.7421, 14.171], [-88.7154, 14.1723], [-88.7076, 14.1906]]]}}, {"id": "185", "type": "Feature", "properties": {"adm2_code": "17394", "adm2_name": "Virginia", "adm1_code": "1431", "adm1_name": "Lempira"}, "geometry": {"type": "Polygon", "coordinates": [[[-88.5192, 14.0019], [-88.5244, 13.9829], [-88.5391, 13.9864], [-88.5675, 13.9789], [-88.5851, 14.0073], [-88.6112, 14.0101], [-88.5927, 14.0259], [-88.5192, 14.0019]]]}}, {"id": "186", "type": "Feature", "properties": {"adm2_code": "17396", "adm2_name": "Belen Gualcho", "adm1_code": "1433", "adm1_name": "Ocotepeque"}, "geometry": {"type": "Polygon", "coordinates": [[[-88.7095, 14.5209], [-88.7285, 14.46], [-88.727, 14.446], [-88.7345, 14.437], [-88.7316, 14.4262], [-88.7364, 14.4288], [-88.7491, 14.4155], [-88.7907, 14.4003], [-88.8136, 14.4145], [-88.8341, 14.4153], [-88.8391, 14.4283], [-88.8356, 14.4446], [-88.8425, 14.4486], [-88.8539, 14.48], [-88.8464, 14.4864], [-88.8437, 14.4813], [-88.8223, 14.4869], [-88.8292, 14.5202], [-88.809, 14.5186], [-88.7723, 14.5354], [-88.7477, 14.5267], [-88.7263, 14.5315], [-88.7095, 14.5209]]]}}, {"id": "187", "type": "Feature", "properties": {"adm2_code": "17397", "adm2_name": "Concepcion", "adm1_code": "1433", "adm1_name": "Ocotepeque"}, "geometry": {"type": "Polygon", "coordinates": [[[-89.1577, 14.5717], [-89.1571, 14.5486], [-89.141, 14.531], [-89.1638, 14.513], [-89.144, 14.506], [-89.121, 14.5067], [-89.1328, 14.5011], [-89.138, 14.4808], [-89.1685, 14.4718], [-89.1764, 14.4754], [-89.1801, 14.4615], [-89.1909, 14.462], [-89.2002, 14.4455], [-89.2098, 14.4523], [-89.2412, 14.4471], [-89.2563, 14.4559], [-89.2431, 14.4816], [-89.223, 14.4759], [-89.2111, 14.4812], [-89.2215, 14.4921], [-89.2152, 14.4936], [-89.2183, 14.5013], [-89.2353, 14.5079], [-89.2278, 14.5139], [-89.2364, 14.5141], [-89.2354, 14.5208], [-89.2436, 14.5212], [-89.2585, 14.5371], [-89.2717, 14.5384], [-89.2554, 14.5519], [-89.2491, 14.5681], [-89.2176, 14.5837], [-89.1777, 14.5709], [-89.1577, 14.5717]]]}}, {"id": "188", "type": "Feature", "properties": {"adm2_code": "17398", "adm2_name": "Dolores Merendon", "adm1_code": "1433", "adm1_name": "Ocotepeque"}, "geometry": {"type": "Polygon", "coordinates": [[[-89.0971, 14.5166], [-89.121, 14.5067], [-89.144, 14.506], [-89.1638, 14.513], [-89.141, 14.531], [-89.1571, 14.5486], [-89.1577, 14.5676], [-89.1299, 14.5745], [-89.1284, 14.5904], [-89.1161, 14.5976], [-89.102, 14.5961], [-89.1169, 14.5549], [-89.0991, 14.538], [-89.0971, 14.5166]]]}}, {"id": "189", "type": "Feature", "properties": {"adm2_code": "17399", "adm2_name": "Fraternidad", "adm1_code": "1433", "adm1_name": "Ocotepeque"}, "geometry": {"type": "Polygon", "coordinates": [[[-89.0371, 14.5421], [-89.0408, 14.5336], [-89.0603, 14.5316], [-89.0904, 14.5062], [-89.0996, 14.5211], [-89.0996, 14.5389], [-89.1168, 14.5535], [-89.1037, 14.5983], [-89.0689, 14.6097], [-89.0741, 14.6217], [-89.0645, 14.6223], [-89.053, 14.6345], [-89.0346, 14.6152], [-89.0241, 14.623], [-89.0236, 14.5996], [-89.0148, 14.5919], [-89.0193, 14.5743], [-89.0463, 14.5563], [-89.0446, 14.5425], [-89.0371, 14.5421]]]}}, {"id": "190", "type": "Feature", "properties": {"adm2_code": "17400", "adm2_name": "La Encarnacion", "adm1_code": "1433", "adm1_name": "Ocotepeque"}, "geometry": {"type": "Polygon", "coordinates": [[[-89.0027, 14.6768], [-88.9869, 14.6377], [-89.0057, 14.644], [-89.0359, 14.6338], [-89.0482, 14.6449], [-89.0641, 14.6226], [-89.0758, 14.6185], [-89.0981, 14.6485], [-89.0479, 14.6687], [-89.0027, 14.6768]]]}}, {"id": "191", "type": "Feature", "properties": {"adm2_code": "17401", "adm2_name": "La Labor", "adm1_code": "1433", "adm1_name": "Ocotepeque"}, "geometry": {"type": "Polygon", "coordinates": [[[-88.9894, 14.5254], [-88.9949, 14.5009], [-88.9747, 14.4737], [-88.9779, 14.4666], [-88.9652, 14.4614], [-89.0122, 14.4419], [-89.0266, 14.4184], [-89.0629, 14.424], [-89.081, 14.4926], [-89.0751, 14.5182], [-89.0603, 14.5316], [-89.0408, 14.5336], [-89.0361, 14.5429], [-89.029, 14.5375], [-89.018, 14.5406], [-88.9894, 14.5254]]]}}, {"id": "192", "type": "Feature", "properties": {"adm2_code": "17402", "adm2_name": "Lucerna", "adm1_code": "1433", "adm1_name": "Ocotepeque"}, "geometry": {"type": "Polygon", "coordinates": [[[-88.9869, 14.6377], [-88.9183, 14.5848], [-88.9226, 14.5514], [-88.9284, 14.5481], [-88.9094, 14.5423], [-88.9125, 14.5268], [-88.9035, 14.5166], [-88.9665, 14.5231], [-88.9858, 14.5653], [-88.9807, 14.5815], [-88.9944, 14.6036], [-89.0019, 14.5811], [-88.9954, 14.5798], [-88.988, 14.5271], [-88.995, 14.524], [-89.018, 14.5406], [-89.0442, 14.5419], [-89.0463, 14.5563], [-89.0193, 14.5743], [-89.0148, 14.5919], [-89.0236, 14.5996], [-89.0241, 14.623], [-89.0346, 14.6152], [-89.053, 14.6345], [-89.0482, 14.6449], [-89.0359, 14.6338], [-89.0057, 14.644], [-88.9869, 14.6377]]]}}, {"id": "193", "type": "Feature", "properties": {"adm2_code": "17403", "adm2_name": "Mercedes", "adm1_code": "1433", "adm1_name": "Ocotepeque"}, "geometry": {"type": "Polygon", "coordinates": [[[-88.9446, 14.3262], [-88.9511, 14.3011], [-88.977, 14.2888], [-88.9618, 14.2606], [-88.9687, 14.2465], [-88.9626, 14.2194], [-88.9663, 14.2116], [-88.9722, 14.214], [-88.9697, 14.2265], [-88.9909, 14.259], [-89.0258, 14.2723], [-89.0222, 14.315], [-89.0358, 14.323], [-89.037, 14.3347], [-89.077, 14.3415], [-89.0808, 14.3642], [-89.0704, 14.3773], [-89.0612, 14.3791], [-89.0723, 14.364], [-89.0385, 14.3573], [-89.0183, 14.3306], [-88.9861, 14.3327], [-88.9446, 14.3262]]]}}, {"id": "194", "type": "Feature", "properties": {"adm2_code": "17404", "adm2_name": "Nueva Ocotepeque", "adm1_code": "1433", "adm1_name": "Ocotepeque"}, "geometry": {"type": "Polygon", "coordinates": [[[-89.2461, 14.4508], [-89.2257, 14.447], [-89.2063, 14.4516], [-89.2002, 14.4455], [-89.2059, 14.4364], [-89.2025, 14.4172], [-89.1581, 14.4288], [-89.1512, 14.4195], [-89.1115, 14.4017], [-89.1487, 14.352], [-89.1682, 14.3652], [-89.2053, 14.3661], [-89.2165, 14.382], [-89.2782, 14.4003], [-89.2991, 14.4149], [-89.3236, 14.4104], [-89.3404, 14.4174], [-89.3185, 14.4327], [-89.2938, 14.4699], [-89.2456, 14.4464], [-89.2461, 14.4508]]]}}, {"id": "195", "type": "Feature", "properties": {"adm2_code": "17405", "adm2_name": "San Fernando", "adm1_code": "1433", "adm1_name": "Ocotepeque"}, "geometry": {"type": "Polygon", "coordinates": [[[-89.0725, 14.7097], [-89.0593, 14.6907], [-89.0286, 14.693], [-89.0375, 14.6693], [-89.0891, 14.6554], [-89.1002, 14.6472], [-89.1279, 14.6448], [-89.1475, 14.6758], [-89.1356, 14.6969], [-89.0966, 14.7111], [-89.0725, 14.7097]]]}}, {"id": "196", "type": "Feature", "properties": {"adm2_code": "17406", "adm2_name": "San Francisco Del Valle", "adm1_code": "1433", "adm1_name": "Ocotepeque"}, "geometry": {"type": "Polygon", "coordinates": [[[-88.8977, 14.4305], [-88.9101, 14.4295], [-88.9834, 14.3846], [-88.9919, 14.3779], [-88.9838, 14.3713], [-88.9857, 14.3632], [-88.9977, 14.3538], [-89.0151, 14.3566], [-89.0558, 14.387], [-89.056, 14.3797], [-89.076, 14.3726], [-89.0656, 14.3879], [-89.0629, 14.424], [-89.0266, 14.4184], [-89.0122, 14.4419], [-88.9653, 14.4617], [-88.9368, 14.4497], [-88.9208, 14.4551], [-88.8908, 14.4459], [-88.8977, 14.4305]]]}}, {"id": "197", "type": "Feature", "properties": {"adm2_code": "17407", "adm2_name": "San Jorge", "adm1_code": "1433", "adm1_name": "Ocotepeque"}, "geometry": {"type": "MultiPolygon", "coordinates": [[[[-89.1475, 14.6759], [-89.1272, 14.6444], [-89.0981, 14.6485], [-89.0689, 14.6097], [-89.0868, 14.6004], [-89.1263, 14.5938], [-89.1299, 14.5745], [-89.1577, 14.5676], [-89.1463, 14.6025], [-89.153, 14.6629], [-89.1475, 14.6759]]], [[[-89.0725, 14.7097], [-89.007, 14.701], [-89.0027, 14.6768], [-89.0375, 14.6693], [-89.0286, 14.693], [-89.0593, 14.6907], [-89.0725, 14.7097]]]]}}, {"id": "198", "type": "Feature", "properties": {"adm2_code": "17408", "adm2_name": "San Marcos", "adm1_code": "1433", "adm1_name": "Ocotepeque"}, "geometry": {"type": "Polygon", "coordinates": [[[-88.8139, 14.4115], [-88.8199, 14.3899], [-88.8006, 14.3719], [-88.8312, 14.3712], [-88.8499, 14.384], [-88.8524, 14.3929], [-88.8715, 14.3959], [-88.8721, 14.3612], [-88.8821, 14.3437], [-88.9446, 14.3262], [-88.9861, 14.3327], [-89.0183, 14.3306], [-89.0385, 14.3573], [-89.0728, 14.3654], [-89.056, 14.3797], [-89.0558, 14.387], [-89.0151, 14.3566], [-88.9977, 14.3538], [-88.9847, 14.3654], [-88.9919, 14.3779], [-88.9557, 14.4048], [-88.9101, 14.4295], [-88.8628, 14.4332], [-88.8452, 14.4545], [-88.8356, 14.4446], [-88.8391, 14.4283], [-88.8341, 14.4153], [-88.8139, 14.4115]]]}}, {"id": "199", "type": "Feature", "properties": {"adm2_code": "17409", "adm2_name": "Santa Fe", "adm1_code": "1433", "adm1_name": "Ocotepeque"}, "geometry": {"type": "Polygon", "coordinates": [[[-89.2571, 14.4587], [-89.2456, 14.4464], [-89.2938, 14.4699], [-89.3185, 14.4327], [-89.3404, 14.4174], [-89.3532, 14.4185], [-89.3483, 14.4681], [-89.3095, 14.4853], [-89.2717, 14.5384], [-89.2585, 14.5371], [-89.2436, 14.5212], [-89.2354, 14.5208], [-89.2364, 14.5141], [-89.2273, 14.5133], [-89.2353, 14.5079], [-89.2183, 14.5013], [-89.2152, 14.4936], [-89.2215, 14.4921], [-89.2109, 14.4845], [-89.223, 14.4759], [-89.2431, 14.4816], [-89.2571, 14.4587]]]}}, {"id": "200", "type": "Feature", "properties": {"adm2_code": "17410", "adm2_name": "Sensenti", "adm1_code": "1433", "adm1_name": "Ocotepeque"}, "geometry": {"type": "Polygon", "coordinates": [[[-88.9035, 14.5166], [-88.8919, 14.5037], [-88.8483, 14.4916], [-88.8539, 14.48], [-88.8452, 14.4545], [-88.8628, 14.4332], [-88.8977, 14.4305], [-88.8908, 14.4459], [-88.9208, 14.4551], [-88.9368, 14.4497], [-88.9779, 14.4666], [-88.9747, 14.4737], [-88.9949, 14.5009], [-88.9851, 14.5331], [-88.9931, 14.5453], [-88.9954, 14.5798], [-89.0019, 14.5811], [-88.9944, 14.6036], [-88.9807, 14.5815], [-88.9858, 14.5653], [-88.9665, 14.5231], [-88.9035, 14.5166]]]}}, {"id": "201", "type": "Feature", "properties": {"adm2_code": "17411", "adm2_name": "Sinuapa", "adm1_code": "1433", "adm1_name": "Ocotepeque"}, "geometry": {"type": "Polygon", "coordinates": [[[-89.0783, 14.5119], [-89.081, 14.4926], [-89.064, 14.4431], [-89.0625, 14.4178], [-89.0656, 14.3879], [-89.0808, 14.3642], [-89.077, 14.3415], [-89.0826, 14.3401], [-89.0816, 14.3732], [-89.0945, 14.3991], [-89.1512, 14.4195], [-89.1581, 14.4288], [-89.2025, 14.4172], [-89.2059, 14.4364], [-89.1943, 14.459], [-89.1801, 14.4615], [-89.1764, 14.4754], [-89.1685, 14.4718], [-89.138, 14.4808], [-89.1264, 14.5055], [-89.0971, 14.5166], [-89.0904, 14.5062], [-89.0783, 14.5119]]]}}, {"id": "202", "type": "Feature", "properties": {"adm2_code": "17412", "adm2_name": "Campamento", "adm1_code": "1434", "adm1_name": "Olancho"}, "geometry": {"type": "Polygon", "coordinates": [[[-86.5651, 14.3613], [-86.6114, 14.3714], [-86.6224, 14.3635], [-86.6285, 14.3824], [-86.6443, 14.3977], [-86.6625, 14.3991], [-86.6711, 14.3886], [-86.6846, 14.3993], [-86.7271, 14.4119], [-86.7244, 14.4239], [-86.7475, 14.4699], [-86.7438, 14.496], [-86.7563, 14.4995], [-86.7634, 14.5209], [-86.7556, 14.564], [-86.6932, 14.5725], [-86.6832, 14.5823], [-86.6572, 14.5644], [-86.6329, 14.5699], [-86.6168, 14.5826], [-86.6171, 14.5887], [-86.5819, 14.5605], [-86.5765, 14.5485], [-86.5808, 14.5354], [-86.5614, 14.5308], [-86.5814, 14.4769], [-86.5763, 14.4386], [-86.5668, 14.4231], [-86.5612, 14.3788], [-86.5651, 14.3613]]]}}, {"id": "203", "type": "Feature", "properties": {"adm2_code": "17413", "adm2_name": "Catacamas", "adm1_code": "1434", "adm1_name": "Olancho"}, "geometry": {"type": "Polygon", "coordinates": [[[-85.0513, 14.6616], [-85.0494, 14.6523], [-85.0263, 14.6309], [-85.0423, 14.6109], [-85.0252, 14.602], [-85.0451, 14.5723], [-85.0689, 14.5542], [-85.0946, 14.5499], [-85.1139, 14.5742], [-85.1266, 14.5801], [-85.1489, 14.5702], [-85.1406, 14.5481], [-85.1443, 14.5379], [-85.139, 14.5126], [-85.1507, 14.4893], [-85.1783, 14.461], [-85.2067, 14.3896], [-85.2255, 14.3668], [-85.2197, 14.3594], [-85.2039, 14.3565], [-85.2013, 14.3364], [-85.1903, 14.3253], [-85.1811, 14.328], [-85.1783, 14.3059], [-85.1579, 14.2935], [-85.1836, 14.2506], [-85.1921, 14.2481], [-85.1972, 14.2571], [-85.2104, 14.2529], [-85.2784, 14.2575], [-85.2967, 14.2488], [-85.3174, 14.2546], [-85.3387, 14.2446], [-85.3415, 14.2323], [-85.3574, 14.2139], [-85.3679, 14.2154], [-85.3706, 14.2249], [-85.3796, 14.2229], [-85.3748, 14.2088], [-85.3794, 14.1755], [-85.4, 14.156], [-85.3969, 14.1362], [-85.4053, 14.1248], [-85.4249, 14.1151], [-85.4283, 14.1061], [-85.4427, 14.1042], [-85.456, 14.1122], [-85.4699, 14.0918], [-85.4786, 14.0931], [-85.4815, 14.0809], [-85.4927, 14.0934], [-85.4949, 14.078], [-85.5052, 14.0864], [-85.523, 14.0464], [-85.5564, 14.0482], [-85.5619, 14.0521], [-85.5614, 14.0652], [-85.5765, 14.0624], [-85.5823, 14.0457], [-85.5953, 14.0429], [-85.6079, 14.0254], [-85.6321, 14.0112], [-85.6615, 14.0127], [-85.6676, 13.9902], [-85.6825, 13.9784], [-85.7124, 13.9881], [-85.7332, 13.9696], [-85.7539, 13.9649], [-85.7591, 13.9583], [-85.7579, 13.913], [-85.7652, 13.8816], [-85.7397, 13.8621], [-85.7486, 13.8351], [-85.7555, 13.8319], [-85.7709, 13.8447], [-85.7912, 13.8393], [-85.8182, 13.8432], [-85.8445, 13.8772], [-85.8438, 13.9032], [-85.8513, 13.9133], [-85.8879, 13.9221], [-85.901, 13.8999], [-85.92, 13.9079], [-85.9476, 13.9388], [-86.0154, 13.9898], [-86.0233, 14.0076], [-86.0049, 14.0593], [-86.0121, 14.0771], [-86.0344, 14.0688], [-86.0924, 14.0639], [-86.1431, 14.0364], [-86.1472, 14.1242], [-86.053, 14.178], [-86.0708, 14.2515], [-86.0689, 14.2644], [-86.0616, 14.2697], [-86.0194, 14.2615], [-85.994, 14.2814], [-85.8789, 14.1858], [-85.8738, 14.1948], [-85.859, 14.1983], [-85.8209, 14.2295], [-85.8168, 14.2508], [-85.8252, 14.2911], [-85.8176, 14.3149], [-85.804, 14.325], [-85.8108, 14.3454], [-85.8225, 14.3554], [-85.8561, 14.3624], [-85.8748, 14.3952], [-85.8886, 14.4045], [-85.9321, 14.4087], [-85.9565, 14.4428], [-85.9845, 14.4382], [-85.9996, 14.4516], [-85.9763, 14.4801], [-85.9772, 14.4892], [-85.9671, 14.494], [-85.9608, 14.5161], [-85.9884, 14.5246], [-85.9627, 14.566], [-85.9573, 14.6298], [-85.9153, 14.686], [-85.915, 14.7084], [-85.9303, 14.7405], [-85.9097, 14.7488], [-85.9011, 14.7594], [-85.9194, 14.8792], [-85.9407, 14.8971], [-85.9411, 14.9113], [-85.9338, 14.9187], [-85.9383, 15.0187], [-85.9327, 15.041], [-85.8361, 15.057], [-85.801, 15.026], [-85.6911, 15.0717], [-85.6085, 15.0175], [-85.524, 14.9822], [-85.4861, 14.919], [-85.4559, 14.8991], [-85.4552, 14.8894], [-85.4346, 14.883], [-85.4245, 14.864], [-85.4052, 14.8589], [-85.4004, 14.8676], [-85.374, 14.857], [-85.3732, 14.8647], [-85.3548, 14.8824], [-85.328, 14.8775], [-85.3026, 14.8945], [-85.2733, 14.8889], [-85.2552, 14.8701], [-85.2307, 14.8706], [-85.2285, 14.8627], [-85.2052, 14.8538], [-85.2051, 14.8444], [-85.1953, 14.8434], [-85.1863, 14.829], [-85.1725, 14.8312], [-85.1783, 14.8505], [-85.168, 14.865], [-85.1608, 14.8626], [-85.1603, 14.8508], [-85.147, 14.8655], [-85.1333, 14.8665], [-85.1283, 14.8549], [-85.1184, 14.8513], [-85.1157, 14.8574], [-85.1058, 14.852], [-85.1028, 14.8572], [-85.1055, 14.8448], [-85.1275, 14.8348], [-85.144, 14.7797], [-85.1386, 14.7627], [-85.1573, 14.7549], [-85.0513, 14.6616]]]}}, {"id": "204", "type": "Feature", "properties": {"adm2_code": "17414", "adm2_name": "Concordia", "adm1_code": "1434", "adm1_name": "Olancho"}, "geometry": {"type": "Polygon", "coordinates": [[[-86.6913, 14.6951], [-86.6958, 14.6832], [-86.6873, 14.6796], [-86.6914, 14.6719], [-86.6748, 14.6525], [-86.6743, 14.6401], [-86.6529, 14.6377], [-86.6448, 14.6301], [-86.6163, 14.5833], [-86.6329, 14.5699], [-86.6572, 14.5644], [-86.6832, 14.5823], [-86.6932, 14.5725], [-86.7556, 14.564], [-86.7714, 14.5769], [-86.7801, 14.5967], [-86.8077, 14.6131], [-86.8162, 14.6304], [-86.7977, 14.6458], [-86.8051, 14.6651], [-86.7974, 14.6937], [-86.7787, 14.7144], [-86.7746, 14.7305], [-86.7642, 14.7361], [-86.7631, 14.7292], [-86.7297, 14.711], [-86.7141, 14.7209], [-86.7006, 14.7209], [-86.6913, 14.6951]]]}}, {"id": "205", "type": "Feature", "properties": {"adm2_code": "17415", "adm2_name": "Dulce Nombre De Culmi", "adm1_code": "1434", "adm1_name": "Olancho"}, "geometry": {"type": "Polygon", "coordinates": [[[-84.994, 15.0612], [-84.9959, 14.7247], [-85.0281, 14.698], [-85.0233, 14.6844], [-85.0319, 14.6691], [-85.0433, 14.6702], [-85.0513, 14.6616], [-85.1573, 14.7549], [-85.1386, 14.7627], [-85.144, 14.7797], [-85.1275, 14.8348], [-85.1055, 14.8448], [-85.1028, 14.8572], [-85.1058, 14.852], [-85.1157, 14.8574], [-85.1184, 14.8513], [-85.1283, 14.8549], [-85.1333, 14.8665], [-85.147, 14.8655], [-85.1603, 14.8508], [-85.1608, 14.8626], [-85.168, 14.865], [-85.1783, 14.8505], [-85.1725, 14.8312], [-85.1863, 14.829], [-85.1953, 14.8434], [-85.2051, 14.8444], [-85.2052, 14.8538], [-85.2285, 14.8627], [-85.2307, 14.8706], [-85.2552, 14.8701], [-85.2733, 14.8889], [-85.3026, 14.8945], [-85.328, 14.8775], [-85.3548, 14.8824], [-85.3732, 14.8647], [-85.374, 14.857], [-85.4004, 14.8676], [-85.4052, 14.8589], [-85.4245, 14.864], [-85.4346, 14.883], [-85.4552, 14.8894], [-85.4559, 14.8991], [-85.4861, 14.919], [-85.524, 14.9822], [-85.6085, 15.0175], [-85.6911, 15.0717], [-85.6177, 15.1179], [-85.6128, 15.1849], [-85.5028, 15.2643], [-85.473, 15.3013], [-85.4704, 15.431], [-85.3729, 15.3959], [-85.3166, 15.3129], [-85.2315, 15.2062], [-85.0944, 15.1731], [-84.994, 15.0612]]]}}, {"id": "206", "type": "Feature", "properties": {"adm2_code": "17416", "adm2_name": "El Rosario", "adm1_code": "1434", "adm1_name": "Olancho"}, "geometry": {"type": "Polygon", "coordinates": [[[-86.7252, 14.961], [-86.694, 14.9377], [-86.6861, 14.9193], [-86.644, 14.9209], [-86.6437, 14.8896], [-86.6542, 14.8546], [-86.672, 14.8495], [-86.6923, 14.8282], [-86.7782, 14.852], [-86.8051, 14.886], [-86.7623, 14.8932], [-86.7404, 14.9305], [-86.7239, 14.9417], [-86.7252, 14.961]]]}}, {"id": "207", "type": "Feature", "properties": {"adm2_code": "17417", "adm2_name": "Esquipulas Del Norte", "adm1_code": "1434", "adm1_name": "Olancho"}, "geometry": {"type": "Polygon", "coordinates": [[[-86.4189, 15.3177], [-86.4745, 15.3121], [-86.492, 15.2857], [-86.491, 15.2715], [-86.5054, 15.2515], [-86.5218, 15.2094], [-86.5506, 15.1691], [-86.6052, 15.1506], [-86.6343, 15.1275], [-86.6452, 15.1317], [-86.646, 15.147], [-86.671, 15.175], [-86.6674, 15.1967], [-86.6855, 15.2011], [-86.6835, 15.256], [-86.6775, 15.2588], [-86.6914, 15.2837], [-86.6763, 15.2957], [-86.6741, 15.3286], [-86.6584, 15.3338], [-86.644, 15.3286], [-86.6258, 15.3442], [-86.5785, 15.3613], [-86.5487, 15.383], [-86.5322, 15.3783], [-86.5089, 15.3893], [-86.5072, 15.399], [-86.471, 15.3897], [-86.4585, 15.3638], [-86.4383, 15.363], [-86.4189, 15.3177]]]}}, {"id": "208", "type": "Feature", "properties": {"adm2_code": "17418", "adm2_name": "Gualaco", "adm1_code": "1434", "adm1_name": "Olancho"}, "geometry": {"type": "Polygon", "coordinates": [[[-85.8301, 15.5144], [-85.8326, 15.5079], [-85.7714, 15.4467], [-85.7752, 15.4317], [-85.7681, 15.4147], [-85.7788, 15.4028], [-85.7702, 15.3951], [-85.7694, 15.3834], [-85.7751, 15.3771], [-85.8378, 15.4062], [-85.9564, 15.3362], [-85.9351, 15.2348], [-85.9446, 15.2122], [-85.9198, 15.2091], [-85.945, 15.1969], [-85.9406, 15.1786], [-85.9322, 15.1727], [-85.9406, 15.1509], [-85.9207, 15.1414], [-85.9109, 15.1443], [-85.9125, 15.1362], [-85.9045, 15.1402], [-85.9023, 15.1326], [-85.8921, 15.1351], [-85.8906, 15.1239], [-85.8726, 15.1179], [-85.8598, 15.125], [-85.8489, 15.1204], [-85.8444, 15.1023], [-85.8497, 15.0972], [-85.8416, 15.0888], [-85.8354, 15.0571], [-85.9327, 15.041], [-85.9383, 15.0187], [-85.9362, 14.9145], [-85.95, 14.9142], [-85.9943, 14.9368], [-86.0233, 14.9245], [-86.0482, 14.9222], [-86.0775, 14.9396], [-86.1207, 14.9326], [-86.2133, 14.9418], [-86.2728, 14.971], [-86.3482, 14.9827], [-86.2858, 15.0135], [-86.2751, 15.0234], [-86.2697, 15.0459], [-86.2482, 15.063], [-86.2681, 15.1272], [-86.2659, 15.1543], [-86.2532, 15.1676], [-86.3121, 15.2197], [-86.3264, 15.2492], [-86.3068, 15.2532], [-86.2909, 15.2793], [-86.2911, 15.2904], [-86.3108, 15.3098], [-86.3256, 15.3456], [-86.3391, 15.3516], [-86.2309, 15.4126], [-86.1647, 15.3732], [-86.1487, 15.3699], [-86.1243, 15.3744], [-86.1009, 15.3913], [-86.0892, 15.3864], [-86.0849, 15.3986], [-86.049, 15.3947], [-86.0396, 15.3842], [-86.0275, 15.3865], [-86.0204, 15.3984], [-86.008, 15.3964], [-86.0038, 15.4035], [-85.9924, 15.4026], [-85.9885, 15.4107], [-85.9782, 15.4098], [-85.9655, 15.4194], [-85.9617, 15.4355], [-85.944, 15.4548], [-85.9276, 15.4575], [-85.8859, 15.4975], [-85.8909, 15.5161], [-85.885, 15.5242], [-85.8635, 15.5271], [-85.8583, 15.5196], [-85.8301, 15.5144]]]}}, {"id": "209", "type": "Feature", "properties": {"adm2_code": "17419", "adm2_name": "Guarizama", "adm1_code": "1434", "adm1_name": "Olancho"}, "geometry": {"type": "Polygon", "coordinates": [[[-86.2185, 14.9445], [-86.2331, 14.908], [-86.2433, 14.8995], [-86.239, 14.866], [-86.2537, 14.8422], [-86.238, 14.8281], [-86.2391, 14.8193], [-86.2594, 14.8232], [-86.2931, 14.8189], [-86.3218, 14.8369], [-86.3393, 14.8349], [-86.3893, 14.8649], [-86.3591, 14.894], [-86.366, 14.9033], [-86.3402, 14.9368], [-86.3136, 14.9554], [-86.3282, 14.9806], [-86.2728, 14.971], [-86.2185, 14.9445]]]}}, {"id": "210", "type": "Feature", "properties": {"adm2_code": "17420", "adm2_name": "Guata", "adm1_code": "1434", "adm1_name": "Olancho"}, "geometry": {"type": "Polygon", "coordinates": [[[-86.3482, 14.9827], [-86.3848, 14.9756], [-86.4158, 14.9786], [-86.4509, 14.9955], [-86.4738, 15.0237], [-86.4631, 15.0435], [-86.4625, 15.0679], [-86.4818, 15.075], [-86.4744, 15.1019], [-86.5161, 15.1447], [-86.4904, 15.1882], [-86.4544, 15.21], [-86.4779, 15.2106], [-86.5043, 15.1966], [-86.5329, 15.1914], [-86.491, 15.2715], [-86.492, 15.2857], [-86.4745, 15.3121], [-86.3971, 15.3186], [-86.3391, 15.3516], [-86.3256, 15.3456], [-86.3108, 15.3098], [-86.2911, 15.2904], [-86.2909, 15.2793], [-86.3068, 15.2532], [-86.3264, 15.2492], [-86.3121, 15.2197], [-86.2532, 15.1676], [-86.2659, 15.1543], [-86.2681, 15.1272], [-86.2482, 15.063], [-86.2697, 15.0459], [-86.2751, 15.0234], [-86.2858, 15.0135], [-86.3482, 14.9827]]]}}, {"id": "211", "type": "Feature", "properties": {"adm2_code": "17421", "adm2_name": "Guayape", "adm1_code": "1434", "adm1_name": "Olancho"}, "geometry": {"type": "Polygon", "coordinates": [[[-86.8051, 14.886], [-86.7782, 14.852], [-86.7418, 14.84], [-86.7417, 14.8305], [-86.7578, 14.7747], [-86.7722, 14.7675], [-86.7865, 14.7442], [-86.793, 14.7455], [-86.7787, 14.7351], [-86.7665, 14.735], [-86.7984, 14.6909], [-86.8051, 14.6651], [-86.7977, 14.6458], [-86.8162, 14.6304], [-86.8299, 14.6291], [-86.8388, 14.6302], [-86.854, 14.6496], [-86.8709, 14.6587], [-86.8959, 14.7351], [-86.919, 14.7594], [-86.9094, 14.7884], [-86.9285, 14.7982], [-86.9287, 14.8109], [-86.9232, 14.8127], [-86.9262, 14.8271], [-86.9376, 14.8533], [-86.9519, 14.8617], [-86.9559, 14.8894], [-86.9448, 14.8985], [-86.9323, 14.927], [-86.9245, 14.9301], [-86.883, 14.9099], [-86.8723, 14.8935], [-86.8349, 14.8814], [-86.8051, 14.886]]]}}, {"id": "212", "type": "Feature", "properties": {"adm2_code": "17422", "adm2_name": "Jano", "adm1_code": "1434", "adm1_name": "Olancho"}, "geometry": {"type": "Polygon", "coordinates": [[[-86.4518, 14.9963], [-86.4745, 14.9827], [-86.4969, 14.9846], [-86.4996, 14.9676], [-86.5181, 14.9407], [-86.5204, 14.9574], [-86.5419, 14.9612], [-86.5415, 14.9492], [-86.5345, 14.9425], [-86.5408, 14.9258], [-86.5386, 14.9078], [-86.5696, 14.9397], [-86.5729, 14.954], [-86.5847, 14.9596], [-86.5838, 14.9924], [-86.5884, 15.0028], [-86.6001, 15.0049], [-86.605, 15.0632], [-86.6135, 15.0793], [-86.6266, 15.0833], [-86.6297, 15.1035], [-86.6461, 15.1113], [-86.6452, 15.1317], [-86.6343, 15.1275], [-86.6052, 15.1506], [-86.5506, 15.1691], [-86.5329, 15.1914], [-86.5043, 15.1966], [-86.4779, 15.2106], [-86.4544, 15.21], [-86.4904, 15.1882], [-86.5161, 15.1447], [-86.4744, 15.1019], [-86.4818, 15.075], [-86.462, 15.0639], [-86.4631, 15.0435], [-86.4738, 15.0237], [-86.4518, 14.9963]]]}}, {"id": "213", "type": "Feature", "properties": {"adm2_code": "17423", "adm2_name": "Juticalpa", "adm1_code": "1434", "adm1_name": "Olancho"}, "geometry": {"type": "Polygon", "coordinates": [[[-85.9654, 14.7082], [-85.9796, 14.7168], [-85.9798, 14.7289], [-85.9913, 14.7308], [-86.0065, 14.6871], [-86.0111, 14.6923], [-86.0239, 14.6833], [-86.0301, 14.6912], [-86.0315, 14.6825], [-86.0488, 14.6791], [-86.0535, 14.6716], [-86.0592, 14.6762], [-86.0771, 14.6658], [-86.107, 14.6657], [-86.1118, 14.6576], [-86.1172, 14.6634], [-86.1264, 14.6444], [-86.14, 14.6398], [-86.1438, 14.6309], [-86.1353, 14.6172], [-86.1347, 14.5914], [-86.102, 14.5492], [-86.0897, 14.5227], [-85.9878, 14.5244], [-86.0415, 14.4743], [-86.0633, 14.4266], [-86.0798, 14.4099], [-86.1117, 14.3556], [-86.1097, 14.3369], [-86.1532, 14.2867], [-86.1789, 14.3456], [-86.2335, 14.3419], [-86.2754, 14.3304], [-86.3557, 14.2777], [-86.3704, 14.2747], [-86.4549, 14.2814], [-86.4621, 14.3065], [-86.4786, 14.3246], [-86.5156, 14.3279], [-86.5367, 14.3552], [-86.5651, 14.3613], [-86.5612, 14.3788], [-86.5668, 14.4231], [-86.5763, 14.4386], [-86.5814, 14.4769], [-86.5614, 14.5308], [-86.5798, 14.5341], [-86.5807, 14.559], [-86.6232, 14.5923], [-86.6448, 14.6301], [-86.6529, 14.6377], [-86.6737, 14.6394], [-86.6748, 14.6525], [-86.6914, 14.6719], [-86.6873, 14.6796], [-86.6958, 14.6832], [-86.6656, 14.7277], [-86.6533, 14.7194], [-86.6522, 14.7079], [-86.635, 14.6884], [-86.6102, 14.6759], [-86.5597, 14.6698], [-86.5202, 14.704], [-86.4703, 14.7071], [-86.4853, 14.7159], [-86.4468, 14.7833], [-86.4005, 14.7594], [-86.3163, 14.7556], [-86.1457, 14.7287], [-86.1274, 14.7429], [-86.0167, 14.7858], [-85.9385, 14.7386], [-85.9444, 14.7241], [-85.9672, 14.7178], [-85.9654, 14.7082]]]}}, {"id": "214", "type": "Feature", "properties": {"adm2_code": "17424", "adm2_name": "La Union", "adm1_code": "1434", "adm1_name": "Olancho"}, "geometry": {"type": "Polygon", "coordinates": [[[-86.646, 15.147], [-86.6461, 15.1113], [-86.6297, 15.1035], [-86.6266, 15.0833], [-86.6135, 15.0793], [-86.605, 15.0632], [-86.6001, 15.0049], [-86.5884, 15.0028], [-86.5838, 14.9924], [-86.5856, 14.939], [-86.597, 14.9251], [-86.6861, 14.9193], [-86.694, 14.9377], [-86.7191, 14.9597], [-86.7155, 14.9848], [-86.7435, 14.9897], [-86.7674, 15.0069], [-86.7816, 15.0061], [-86.8175, 15.0948], [-86.8162, 15.1097], [-86.8086, 15.1396], [-86.7796, 15.1689], [-86.7717, 15.1903], [-86.7328, 15.2344], [-86.7268, 15.2571], [-86.692, 15.2754], [-86.6913, 15.2812], [-86.6775, 15.2588], [-86.6835, 15.256], [-86.6855, 15.2011], [-86.6674, 15.1967], [-86.671, 15.175], [-86.646, 15.147]]]}}, {"id": "215", "type": "Feature", "properties": {"adm2_code": "17425", "adm2_name": "Mangulile", "adm1_code": "1434", "adm1_name": "Olancho"}, "geometry": {"type": "Polygon", "coordinates": [[[-86.7268, 15.2571], [-86.7328, 15.2344], [-86.7717, 15.1903], [-86.7796, 15.1689], [-86.812, 15.1294], [-86.8175, 15.0948], [-86.784, 15.0124], [-86.7938, 15.0011], [-86.8301, 15.0022], [-86.8601, 14.9815], [-86.9094, 14.9904], [-86.9305, 14.9777], [-86.9924, 14.9751], [-87.0136, 15.0042], [-86.9964, 15.0287], [-86.9827, 15.0355], [-86.9472, 15.0301], [-86.9418, 15.0579], [-86.9194, 15.0699], [-86.9043, 15.0709], [-86.9075, 15.0925], [-86.9021, 15.094], [-86.9028, 15.1101], [-86.8865, 15.1248], [-86.8842, 15.1337], [-86.8905, 15.1369], [-86.8811, 15.151], [-86.8949, 15.2225], [-86.8898, 15.2411], [-86.8456, 15.2623], [-86.8423, 15.2766], [-86.8194, 15.2692], [-86.8026, 15.2876], [-86.7876, 15.2802], [-86.7795, 15.262], [-86.7268, 15.2571]]]}}, {"id": "216", "type": "Feature", "properties": {"adm2_code": "17426", "adm2_name": "Manto", "adm1_code": "1434", "adm1_name": "Olancho"}, "geometry": {"type": "Polygon", "coordinates": [[[-86.4, 14.9758], [-86.3282, 14.9806], [-86.3136, 14.9554], [-86.3402, 14.9368], [-86.366, 14.9033], [-86.3591, 14.894], [-86.3893, 14.8649], [-86.3393, 14.8349], [-86.3218, 14.8369], [-86.2931, 14.8189], [-86.2361, 14.8215], [-86.2525, 14.7631], [-86.249, 14.7445], [-86.3163, 14.7556], [-86.4053, 14.7605], [-86.4488, 14.7867], [-86.4648, 14.7866], [-86.4833, 14.8023], [-86.5068, 14.804], [-86.5116, 14.827], [-86.5259, 14.832], [-86.5376, 14.8281], [-86.557, 14.8552], [-86.5568, 14.8882], [-86.5356, 14.8998], [-86.5408, 14.9258], [-86.5345, 14.9425], [-86.5415, 14.9492], [-86.5419, 14.9612], [-86.5204, 14.9574], [-86.5181, 14.9407], [-86.4996, 14.9676], [-86.4969, 14.9846], [-86.4745, 14.9827], [-86.4518, 14.9963], [-86.4, 14.9758]]]}}, {"id": "217", "type": "Feature", "properties": {"adm2_code": "17427", "adm2_name": "Patuca", "adm1_code": "1434", "adm1_name": "Olancho"}, "geometry": {"type": "Polygon", "coordinates": [[[-86.0688, 14.2469], [-86.1438, 14.2654], [-86.1532, 14.2867], [-86.1097, 14.3369], [-86.1117, 14.3556], [-86.0798, 14.4099], [-86.0633, 14.4266], [-86.0415, 14.4743], [-85.9878, 14.5244], [-85.9702, 14.5226], [-85.9606, 14.5173], [-85.9661, 14.4959], [-85.9772, 14.4892], [-85.9763, 14.4801], [-85.9983, 14.4568], [-85.9975, 14.4468], [-85.9794, 14.4372], [-85.9565, 14.4428], [-85.9321, 14.4087], [-85.8886, 14.4045], [-85.8748, 14.3952], [-85.8561, 14.3624], [-85.8225, 14.3554], [-85.8063, 14.3392], [-85.804, 14.325], [-85.8176, 14.3149], [-85.8252, 14.2911], [-85.8168, 14.2508], [-85.8209, 14.2295], [-85.859, 14.1983], [-85.8738, 14.1948], [-85.8789, 14.1858], [-85.994, 14.2814], [-86.0194, 14.2615], [-86.0616, 14.2697], [-86.0701, 14.2615], [-86.0688, 14.2469]]]}}, {"id": "218", "type": "Feature", "properties": {"adm2_code": "17428", "adm2_name": "Salama", "adm1_code": "1434", "adm1_name": "Olancho"}, "geometry": {"type": "Polygon", "coordinates": [[[-86.5386, 14.9078], [-86.537, 14.8982], [-86.5568, 14.8882], [-86.557, 14.8552], [-86.5808, 14.829], [-86.574, 14.7961], [-86.6219, 14.7413], [-86.6202, 14.722], [-86.6609, 14.7213], [-86.6656, 14.7277], [-86.6913, 14.6951], [-86.7006, 14.7209], [-86.7141, 14.7209], [-86.7297, 14.711], [-86.7631, 14.7292], [-86.7613, 14.7361], [-86.7787, 14.7351], [-86.793, 14.7445], [-86.7865, 14.7442], [-86.7722, 14.7675], [-86.7578, 14.7747], [-86.7418, 14.84], [-86.6923, 14.8282], [-86.672, 14.8495], [-86.6542, 14.8546], [-86.6437, 14.8896], [-86.644, 14.9209], [-86.597, 14.9251], [-86.5856, 14.939], [-86.5847, 14.9596], [-86.5729, 14.954], [-86.5696, 14.9397], [-86.5386, 14.9078]]]}}, {"id": "219", "type": "Feature", "properties": {"adm2_code": "17429", "adm2_name": "San Esteban", "adm1_code": "1434", "adm1_name": "Olancho"}, "geometry": {"type": "Polygon", "coordinates": [[[-85.7059, 15.5758], [-85.5968, 15.5232], [-85.5336, 15.4591], [-85.5071, 15.4425], [-85.4704, 15.431], [-85.473, 15.3013], [-85.5028, 15.2643], [-85.6128, 15.1849], [-85.6177, 15.1179], [-85.6911, 15.0717], [-85.8029, 15.0262], [-85.8361, 15.057], [-85.8416, 15.0888], [-85.8497, 15.0972], [-85.8444, 15.1023], [-85.8489, 15.1204], [-85.8598, 15.125], [-85.8726, 15.1179], [-85.8906, 15.1239], [-85.8921, 15.1351], [-85.9023, 15.1326], [-85.9045, 15.1402], [-85.9125, 15.1362], [-85.9109, 15.1443], [-85.9207, 15.1414], [-85.9406, 15.1509], [-85.9322, 15.1727], [-85.9406, 15.1786], [-85.945, 15.1969], [-85.9198, 15.2091], [-85.9446, 15.2122], [-85.9351, 15.2348], [-85.9564, 15.3362], [-85.8378, 15.4062], [-85.7751, 15.3771], [-85.7694, 15.3834], [-85.7702, 15.3951], [-85.7788, 15.4028], [-85.7681, 15.4147], [-85.7752, 15.4317], [-85.7714, 15.4467], [-85.8321, 15.5111], [-85.8084, 15.5418], [-85.7832, 15.5508], [-85.7831, 15.5709], [-85.7611, 15.5795], [-85.7431, 15.5626], [-85.7313, 15.5604], [-85.7059, 15.5758]]]}}, {"id": "220", "type": "Feature", "properties": {"adm2_code": "17430", "adm2_name": "San Francisco De Becerra", "adm1_code": "1434", "adm1_name": "Olancho"}, "geometry": {"type": "Polygon", "coordinates": [[[-85.972, 14.7119], [-85.9795, 14.702], [-85.9545, 14.6359], [-85.9626, 14.6073], [-85.9627, 14.566], [-85.9849, 14.5289], [-85.9884, 14.5246], [-86.0897, 14.5227], [-86.102, 14.5492], [-86.1347, 14.5914], [-86.1353, 14.6172], [-86.1448, 14.6282], [-86.14, 14.6398], [-86.1264, 14.6444], [-86.1172, 14.6634], [-86.1118, 14.6576], [-86.107, 14.6657], [-86.0771, 14.6658], [-86.0592, 14.6762], [-86.0535, 14.6716], [-86.0488, 14.6791], [-86.0315, 14.6825], [-86.0301, 14.6912], [-86.0239, 14.6833], [-86.0111, 14.6923], [-86.0065, 14.6871], [-85.9913, 14.7308], [-85.9798, 14.7289], [-85.9796, 14.7168], [-85.972, 14.7119]]]}}, {"id": "221", "type": "Feature", "properties": {"adm2_code": "17431", "adm2_name": "San Francisco De La Paz", "adm1_code": "1434", "adm1_name": "Olancho"}, "geometry": {"type": "Polygon", "coordinates": [[[-86.047, 14.9225], [-86.0224, 14.8914], [-85.9802, 14.8058], [-86.0174, 14.7853], [-86.1274, 14.7429], [-86.1427, 14.7291], [-86.249, 14.7445], [-86.2525, 14.7631], [-86.2349, 14.8195], [-86.2537, 14.8422], [-86.239, 14.866], [-86.2433, 14.8995], [-86.2331, 14.908], [-86.2185, 14.9445], [-86.1207, 14.9326], [-86.0775, 14.9396], [-86.047, 14.9225]]]}}, {"id": "222", "type": "Feature", "properties": {"adm2_code": "17432", "adm2_name": "Santa Maria Del Real", "adm1_code": "1434", "adm1_name": "Olancho"}, "geometry": {"type": "Polygon", "coordinates": [[[-85.9411, 14.9113], [-85.9395, 14.8951], [-85.9194, 14.8792], [-85.901, 14.7611], [-85.9097, 14.7488], [-85.9303, 14.7405], [-85.915, 14.7084], [-85.9153, 14.686], [-85.9545, 14.6359], [-85.9796, 14.7061], [-85.974, 14.7123], [-85.9654, 14.7082], [-85.9672, 14.7178], [-85.9444, 14.7241], [-85.9379, 14.7369], [-86.0167, 14.7858], [-85.9802, 14.8058], [-86.0224, 14.8914], [-86.047, 14.9225], [-86.0233, 14.9245], [-85.9943, 14.9368], [-85.9411, 14.9113]]]}}, {"id": "223", "type": "Feature", "properties": {"adm2_code": "17433", "adm2_name": "Silca", "adm1_code": "1434", "adm1_name": "Olancho"}, "geometry": {"type": "Polygon", "coordinates": [[[-86.4468, 14.7833], [-86.4853, 14.7159], [-86.4703, 14.7071], [-86.5202, 14.704], [-86.5597, 14.6698], [-86.6102, 14.6759], [-86.635, 14.6884], [-86.6522, 14.7079], [-86.6553, 14.7211], [-86.6202, 14.722], [-86.6219, 14.7413], [-86.574, 14.7961], [-86.5803, 14.8301], [-86.557, 14.8552], [-86.5376, 14.8281], [-86.5259, 14.832], [-86.5116, 14.827], [-86.5068, 14.804], [-86.4833, 14.8023], [-86.4648, 14.7866], [-86.4468, 14.7833]]]}}, {"id": "224", "type": "Feature", "properties": {"adm2_code": "17434", "adm2_name": "Yocon", "adm1_code": "1434", "adm1_name": "Olancho"}, "geometry": {"type": "Polygon", "coordinates": [[[-86.7191, 14.9597], [-86.7252, 14.961], [-86.7239, 14.9417], [-86.7404, 14.9305], [-86.7623, 14.8932], [-86.8349, 14.8814], [-86.8723, 14.8935], [-86.883, 14.9099], [-86.9537, 14.9437], [-86.9574, 14.9563], [-86.9874, 14.9637], [-86.9924, 14.9751], [-86.9305, 14.9777], [-86.9094, 14.9904], [-86.8601, 14.9815], [-86.8448, 14.9968], [-86.8266, 15.0029], [-86.7946, 15.0005], [-86.784, 15.0124], [-86.7816, 15.0061], [-86.7619, 15.0051], [-86.7435, 14.9897], [-86.7155, 14.9848], [-86.7191, 14.9597]]]}}, {"id": "225", "type": "Feature", "properties": {"adm2_code": "17435", "adm2_name": "Alauca", "adm1_code": "1435", "adm1_name": "Paraiso"}, "geometry": {"type": "Polygon", "coordinates": [[[-86.7188, 13.9302], [-86.6711, 13.8837], [-86.6718, 13.8707], [-86.662, 13.8643], [-86.6436, 13.8293], [-86.6093, 13.8241], [-86.5801, 13.7879], [-86.6537, 13.7778], [-86.7153, 13.7871], [-86.7415, 13.7742], [-86.7628, 13.7731], [-86.7658, 13.7607], [-86.769, 13.7597], [-86.7656, 13.7747], [-86.7752, 13.7839], [-86.764, 13.8037], [-86.7779, 13.8408], [-86.7689, 13.8626], [-86.7636, 13.8685], [-86.7463, 13.8681], [-86.7399, 13.8594], [-86.7372, 13.8661], [-86.7275, 13.8646], [-86.7305, 13.872], [-86.7245, 13.8809], [-86.7294, 13.8893], [-86.716, 13.903], [-86.7219, 13.9138], [-86.7188, 13.9302]]]}}, {"id": "226", "type": "Feature", "properties": {"adm2_code": "17436", "adm2_name": "Danli", "adm1_code": "1435", "adm1_name": "Paraiso"}, "geometry": {"type": "Polygon", "coordinates": [[[-86.1789, 14.3456], [-86.1438, 14.2654], [-86.0688, 14.2469], [-86.053, 14.178], [-86.1472, 14.1242], [-86.1431, 14.0364], [-86.1505, 14.0325], [-86.1518, 14.0206], [-86.1359, 14.0085], [-86.1374, 14.0009], [-86.1587, 13.9862], [-86.1885, 13.9795], [-86.1859, 13.9551], [-86.2021, 13.9376], [-86.2222, 13.9274], [-86.252, 13.8842], [-86.2758, 13.869], [-86.2801, 13.8554], [-86.3004, 13.8455], [-86.3013, 13.814], [-86.3214, 13.7812], [-86.3462, 13.7618], [-86.3579, 13.7603], [-86.3675, 13.7746], [-86.3624, 13.8092], [-86.3708, 13.8364], [-86.3655, 13.8496], [-86.4245, 13.8705], [-86.4616, 13.8753], [-86.5226, 13.9102], [-86.5835, 13.9306], [-86.5676, 13.9521], [-86.5897, 13.961], [-86.621, 13.9857], [-86.6493, 14.0376], [-86.6931, 14.0685], [-86.7, 14.1312], [-86.6842, 14.182], [-86.6417, 14.2075], [-86.6403, 14.226], [-86.6271, 14.2319], [-86.628, 14.239], [-86.5915, 14.245], [-86.5855, 14.2554], [-86.5789, 14.254], [-86.5707, 14.2723], [-86.5533, 14.2729], [-86.5379, 14.288], [-86.5306, 14.283], [-86.5211, 14.2965], [-86.5048, 14.2908], [-86.4584, 14.2937], [-86.4549, 14.2814], [-86.3704, 14.2747], [-86.3557, 14.2777], [-86.2754, 14.3304], [-86.2335, 14.3419], [-86.1789, 14.3456]]]}}, {"id": "227", "type": "Feature", "properties": {"adm2_code": "17437", "adm2_name": "El Paraiso", "adm1_code": "1435", "adm1_name": "Paraiso"}, "geometry": {"type": "Polygon", "coordinates": [[[-86.5969, 13.9315], [-86.5226, 13.9102], [-86.4616, 13.8753], [-86.4245, 13.8705], [-86.3655, 13.8496], [-86.3708, 13.8364], [-86.362, 13.8011], [-86.368, 13.7774], [-86.3579, 13.7603], [-86.3762, 13.7698], [-86.394, 13.759], [-86.4361, 13.7595], [-86.4511, 13.7829], [-86.474, 13.7713], [-86.4991, 13.7692], [-86.5165, 13.7763], [-86.5395, 13.8], [-86.5608, 13.8007], [-86.5801, 13.7879], [-86.6093, 13.8241], [-86.6436, 13.8293], [-86.69, 13.9104], [-86.6836, 13.9159], [-86.6573, 13.9155], [-86.6533, 13.9072], [-86.6308, 13.9031], [-86.619, 13.9221], [-86.6042, 13.9196], [-86.5969, 13.9315]]]}}, {"id": "228", "type": "Feature", "properties": {"adm2_code": "17438", "adm2_name": "Guinope", "adm1_code": "1435", "adm1_name": "Paraiso"}, "geometry": {"type": "Polygon", "coordinates": [[[-86.9449, 13.9511], [-86.9216, 13.9419], [-86.8846, 13.9087], [-86.891, 13.8861], [-86.8874, 13.8685], [-86.8651, 13.8554], [-86.8829, 13.8524], [-86.8944, 13.8415], [-86.941, 13.8322], [-86.9256, 13.8052], [-86.8882, 13.7847], [-86.8884, 13.7733], [-86.8942, 13.7709], [-86.9763, 13.7791], [-86.9837, 13.7744], [-87.0163, 13.7836], [-86.9989, 13.8127], [-86.9934, 13.839], [-86.9985, 13.852], [-86.9907, 13.8778], [-87.0011, 13.9015], [-86.9855, 13.9245], [-86.9952, 13.9533], [-86.99, 13.9578], [-86.957, 13.9413], [-86.9449, 13.9511]]]}}, {"id": "229", "type": "Feature", "properties": {"adm2_code": "17439", "adm2_name": "Jacaleapa", "adm1_code": "1435", "adm1_name": "Paraiso"}, "geometry": {"type": "Polygon", "coordinates": [[[-86.621, 13.9857], [-86.6937, 13.9862], [-86.7042, 13.9833], [-86.7103, 13.9717], [-86.722, 13.9706], [-86.7389, 13.951], [-86.7502, 13.9614], [-86.7443, 13.981], [-86.7344, 13.9835], [-86.7136, 14.0348], [-86.7193, 14.046], [-86.7164, 14.0641], [-86.7326, 14.0854], [-86.7336, 14.1289], [-86.7041, 14.1376], [-86.6956, 14.1538], [-86.7, 14.1312], [-86.6931, 14.0685], [-86.6493, 14.0376], [-86.621, 13.9857]]]}}, {"id": "230", "type": "Feature", "properties": {"adm2_code": "17440", "adm2_name": "Liure", "adm1_code": "1435", "adm1_name": "Paraiso"}, "geometry": {"type": "Polygon", "coordinates": [[[-87.0022, 13.5837], [-87.0033, 13.5707], [-87.0107, 13.5638], [-87.0091, 13.5463], [-87.0254, 13.5344], [-87.0271, 13.5187], [-87.0513, 13.516], [-87.0562, 13.5036], [-87.0669, 13.4976], [-87.0813, 13.5062], [-87.0833, 13.4976], [-87.1069, 13.511], [-87.1127, 13.5454], [-87.0884, 13.5684], [-87.084, 13.582], [-87.0519, 13.5928], [-87.0513, 13.5783], [-87.0453, 13.5751], [-87.0316, 13.5935], [-87.0223, 13.5953], [-87.0089, 13.5936], [-87.0022, 13.5837]]]}}, {"id": "231", "type": "Feature", "properties": {"adm2_code": "17441", "adm2_name": "Moroceli", "adm1_code": "1435", "adm1_name": "Paraiso"}, "geometry": {"type": "Polygon", "coordinates": [[[-86.8534, 14.2821], [-86.8175, 14.281], [-86.8337, 14.2219], [-86.8299, 14.21], [-86.7833, 14.1943], [-86.7975, 14.1686], [-86.7799, 14.1603], [-86.7766, 14.1435], [-86.7336, 14.1289], [-86.7334, 14.1148], [-86.7574, 14.1149], [-86.7608, 14.1274], [-86.775, 14.1211], [-86.7808, 14.1029], [-86.773, 14.0943], [-86.7766, 14.0758], [-86.8354, 14.0357], [-86.8615, 14.049], [-86.8674, 14.061], [-86.8953, 14.0544], [-86.9153, 14.0416], [-86.9516, 14.0528], [-86.9541, 14.0747], [-86.9772, 14.0895], [-86.9944, 14.1147], [-86.9809, 14.132], [-86.9211, 14.12], [-86.9046, 14.1497], [-86.9195, 14.1596], [-86.9364, 14.16], [-86.9321, 14.1742], [-86.9085, 14.1901], [-86.9129, 14.1995], [-86.9068, 14.2044], [-86.9068, 14.2226], [-86.8716, 14.251], [-86.8534, 14.2821]]]}}, {"id": "232", "type": "Feature", "properties": {"adm2_code": "17442", "adm2_name": "Oropoli", "adm1_code": "1435", "adm1_name": "Paraiso"}, "geometry": {"type": "Polygon", "coordinates": [[[-86.77, 13.86], [-86.7779, 13.8408], [-86.764, 13.8037], [-86.7752, 13.7839], [-86.7656, 13.7747], [-86.7673, 13.7608], [-86.7935, 13.765], [-86.8305, 13.7571], [-86.8531, 13.7418], [-86.8645, 13.7528], [-86.8553, 13.7716], [-86.8791, 13.7664], [-86.8884, 13.7733], [-86.8882, 13.7847], [-86.9256, 13.8052], [-86.941, 13.8322], [-86.8944, 13.8415], [-86.8802, 13.8533], [-86.7889, 13.8725], [-86.77, 13.86]]]}}, {"id": "233", "type": "Feature", "properties": {"adm2_code": "17443", "adm2_name": "Potrerillos", "adm1_code": "1435", "adm1_name": "Paraiso"}, "geometry": {"type": "Polygon", "coordinates": [[[-86.7334, 14.1148], [-86.7326, 14.0854], [-86.7164, 14.0641], [-86.7193, 14.046], [-86.7137, 14.0339], [-86.7344, 13.9835], [-86.7443, 13.981], [-86.7475, 13.9679], [-86.7583, 13.9685], [-86.7647, 13.9812], [-86.7785, 13.9763], [-86.7838, 13.9932], [-86.8091, 14.0118], [-86.8372, 14.0126], [-86.8423, 14.0372], [-86.8318, 14.0373], [-86.7766, 14.0758], [-86.773, 14.0943], [-86.7808, 14.1029], [-86.775, 14.1211], [-86.7608, 14.1274], [-86.7574, 14.1149], [-86.7334, 14.1148]]]}}, {"id": "234", "type": "Feature", "properties": {"adm2_code": "17444", "adm2_name": "San Antonio De Flores", "adm1_code": "1435", "adm1_name": "Paraiso"}, "geometry": {"type": "Polygon", "coordinates": [[[-86.769, 13.7597], [-86.7619, 13.7208], [-86.7705, 13.6939], [-86.7885, 13.689], [-86.7937, 13.6941], [-86.8082, 13.6656], [-86.8216, 13.6731], [-86.8414, 13.6721], [-86.8527, 13.6575], [-86.8869, 13.6415], [-86.8958, 13.6734], [-86.9357, 13.6831], [-86.9096, 13.7099], [-86.9305, 13.7317], [-86.9248, 13.735], [-86.8905, 13.7293], [-86.8645, 13.7528], [-86.8531, 13.7418], [-86.8305, 13.7571], [-86.7935, 13.765], [-86.769, 13.7597]]]}}, {"id": "235", "type": "Feature", "properties": {"adm2_code": "17445", "adm2_name": "San Lucas", "adm1_code": "1435", "adm1_name": "Paraiso"}, "geometry": {"type": "Polygon", "coordinates": [[[-86.8884, 13.7733], [-86.8717, 13.7645], [-86.8553, 13.7716], [-86.8553, 13.7653], [-86.8905, 13.7293], [-86.9305, 13.7317], [-86.9096, 13.7099], [-86.9357, 13.6831], [-86.9499, 13.6901], [-86.9738, 13.6845], [-86.9817, 13.7045], [-87.0034, 13.7064], [-87.0014, 13.7378], [-87.0341, 13.7388], [-87.0398, 13.7658], [-87.0163, 13.7836], [-86.9837, 13.7744], [-86.9763, 13.7791], [-86.8884, 13.7733]]]}}, {"id": "236", "type": "Feature", "properties": {"adm2_code": "17446", "adm2_name": "San Matias", "adm1_code": "1435", "adm1_name": "Paraiso"}, "geometry": {"type": "Polygon", "coordinates": [[[-86.621, 13.9857], [-86.5897, 13.961], [-86.5676, 13.9521], [-86.5835, 13.9304], [-86.5969, 13.9315], [-86.6042, 13.9196], [-86.619, 13.9221], [-86.6308, 13.9031], [-86.6533, 13.9072], [-86.6573, 13.9155], [-86.6836, 13.9159], [-86.6928, 13.9082], [-86.716, 13.9296], [-86.7207, 13.9246], [-86.7306, 13.9272], [-86.7307, 13.9398], [-86.7426, 13.9387], [-86.7389, 13.9525], [-86.722, 13.9706], [-86.7091, 13.9725], [-86.7042, 13.9833], [-86.621, 13.9857]]]}}, {"id": "237", "type": "Feature", "properties": {"adm2_code": "17447", "adm2_name": "Soledad", "adm1_code": "1435", "adm1_name": "Paraiso"}, "geometry": {"type": "Polygon", "coordinates": [[[-87.1864, 13.6805], [-87.0805, 13.6272], [-87.0718, 13.6064], [-87.0532, 13.5926], [-87.084, 13.582], [-87.0884, 13.5684], [-87.1087, 13.5488], [-87.1711, 13.545], [-87.1852, 13.5591], [-87.1857, 13.588], [-87.2012, 13.6095], [-87.2248, 13.6107], [-87.2136, 13.6627], [-87.1864, 13.6805]]]}}, {"id": "238", "type": "Feature", "properties": {"adm2_code": "17448", "adm2_name": "Teupasenti", "adm1_code": "1435", "adm1_name": "Paraiso"}, "geometry": {"type": "Polygon", "coordinates": [[[-86.6114, 14.3714], [-86.5367, 14.3552], [-86.5156, 14.3279], [-86.4786, 14.3246], [-86.4584, 14.2937], [-86.5048, 14.2908], [-86.5211, 14.2965], [-86.5306, 14.283], [-86.5379, 14.288], [-86.5533, 14.2729], [-86.5707, 14.2723], [-86.5789, 14.254], [-86.5855, 14.2554], [-86.5915, 14.245], [-86.628, 14.239], [-86.6271, 14.2319], [-86.6403, 14.226], [-86.6417, 14.2075], [-86.6842, 14.182], [-86.7041, 14.1376], [-86.7336, 14.1289], [-86.7766, 14.1435], [-86.7799, 14.1603], [-86.7975, 14.1686], [-86.7833, 14.1943], [-86.8299, 14.21], [-86.8337, 14.2219], [-86.8175, 14.281], [-86.8402, 14.2818], [-86.8423, 14.3214], [-86.7271, 14.4119], [-86.6846, 14.3993], [-86.6711, 14.3886], [-86.6625, 14.3991], [-86.6443, 14.3977], [-86.6285, 14.3824], [-86.6224, 14.3635], [-86.6114, 14.3714]]]}}, {"id": "239", "type": "Feature", "properties": {"adm2_code": "17449", "adm2_name": "Texiguat", "adm1_code": "1435", "adm1_name": "Paraiso"}, "geometry": {"type": "Polygon", "coordinates": [[[-86.9357, 13.6831], [-86.9938, 13.6308], [-86.9934, 13.6201], [-87.0071, 13.6039], [-86.9952, 13.5954], [-86.9957, 13.5839], [-87.0223, 13.5953], [-87.0316, 13.5935], [-87.0453, 13.5751], [-87.0513, 13.5783], [-87.0524, 13.5946], [-87.0718, 13.6064], [-87.0805, 13.6272], [-87.1251, 13.649], [-87.1324, 13.6673], [-87.1165, 13.6941], [-87.1016, 13.7043], [-87.0927, 13.7002], [-87.05, 13.7166], [-87.0316, 13.7272], [-87.0341, 13.7388], [-87.0014, 13.7378], [-87.0034, 13.7064], [-86.9817, 13.7045], [-86.9738, 13.6845], [-86.9499, 13.6901], [-86.9357, 13.6831]]]}}, {"id": "240", "type": "Feature", "properties": {"adm2_code": "17450", "adm2_name": "Vado Ancho", "adm1_code": "1435", "adm1_name": "Paraiso"}, "geometry": {"type": "Polygon", "coordinates": [[[-86.8901, 13.6498], [-86.9255, 13.6442], [-86.9323, 13.655], [-86.9336, 13.6291], [-86.943, 13.6109], [-86.976, 13.5801], [-86.9926, 13.5798], [-87.0033, 13.5707], [-86.9952, 13.5954], [-87.0071, 13.6039], [-86.9934, 13.6201], [-86.9938, 13.6308], [-86.9357, 13.6831], [-86.8958, 13.6734], [-86.8881, 13.6592], [-86.8901, 13.6498]]]}}, {"id": "241", "type": "Feature", "properties": {"adm2_code": "17451", "adm2_name": "Yauyupe", "adm1_code": "1435", "adm1_name": "Paraiso"}, "geometry": {"type": "Polygon", "coordinates": [[[-87.0398, 13.7658], [-87.0316, 13.7272], [-87.0927, 13.7002], [-87.1029, 13.7058], [-87.1304, 13.7447], [-87.1296, 13.7899], [-87.1227, 13.7916], [-87.1179, 13.8032], [-87.0891, 13.7833], [-87.083, 13.7705], [-87.0398, 13.7658]]]}}, {"id": "242", "type": "Feature", "properties": {"adm2_code": "17452", "adm2_name": "Yuscaran", "adm1_code": "1435", "adm1_name": "Paraiso"}, "geometry": {"type": "Polygon", "coordinates": [[[-86.8423, 14.0372], [-86.8372, 14.0126], [-86.8105, 14.0125], [-86.7838, 13.9932], [-86.778, 13.9759], [-86.7647, 13.9812], [-86.7601, 13.9691], [-86.7475, 13.9679], [-86.7502, 13.9614], [-86.7374, 13.9492], [-86.7426, 13.9387], [-86.7288, 13.9378], [-86.7306, 13.9272], [-86.7207, 13.9246], [-86.716, 13.9042], [-86.7294, 13.8893], [-86.7245, 13.8809], [-86.7305, 13.872], [-86.7275, 13.8646], [-86.7372, 13.8661], [-86.7399, 13.8594], [-86.7463, 13.8681], [-86.7636, 13.8685], [-86.7764, 13.8606], [-86.7889, 13.8725], [-86.8651, 13.8554], [-86.8874, 13.8685], [-86.891, 13.8861], [-86.8846, 13.9087], [-86.9216, 13.9419], [-86.9449, 13.9511], [-86.9205, 13.9789], [-86.9254, 13.9902], [-86.9168, 13.9908], [-86.9177, 14.0416], [-86.8674, 14.061], [-86.8615, 14.049], [-86.8423, 14.0372]]]}}, {"id": "243", "type": "Feature", "properties": {"adm2_code": "17453", "adm2_name": "Arada", "adm1_code": "1436", "adm1_name": "Santa Barbara"}, "geometry": {"type": "Polygon", "coordinates": [[[-88.3234, 14.8889], [-88.3234, 14.8498], [-88.2838, 14.846], [-88.2573, 14.855], [-88.2453, 14.8397], [-88.2599, 14.8412], [-88.257, 14.8216], [-88.264, 14.8077], [-88.307, 14.8058], [-88.3243, 14.7806], [-88.3359, 14.7755], [-88.3726, 14.821], [-88.4044, 14.819], [-88.4062, 14.8417], [-88.402, 14.8508], [-88.3866, 14.8511], [-88.3857, 14.8698], [-88.3703, 14.8805], [-88.3703, 14.8913], [-88.3234, 14.8889]]]}}, {"id": "244", "type": "Feature", "properties": {"adm2_code": "17454", "adm2_name": "Atima", "adm1_code": "1436", "adm1_name": "Santa Barbara"}, "geometry": {"type": "Polygon", "coordinates": [[[-88.4599, 14.9851], [-88.4621, 14.9599], [-88.4701, 14.9508], [-88.4523, 14.933], [-88.4515, 14.92], [-88.4315, 14.9214], [-88.4243, 14.9096], [-88.4286, 14.8977], [-88.3963, 14.8927], [-88.4065, 14.8805], [-88.4226, 14.8784], [-88.4369, 14.8409], [-88.4494, 14.8348], [-88.4641, 14.8007], [-88.482, 14.794], [-88.5255, 14.8547], [-88.5479, 14.9167], [-88.5843, 14.9227], [-88.5324, 14.9406], [-88.5329, 14.9527], [-88.5394, 14.9576], [-88.5351, 14.986], [-88.4599, 14.9851]]]}}, {"id": "245", "type": "Feature", "properties": {"adm2_code": "17455", "adm2_name": "Azacualpa", "adm1_code": "1436", "adm1_name": "Santa Barbara"}, "geometry": {"type": "Polygon", "coordinates": [[[-88.4933, 15.2965], [-88.5303, 15.3161], [-88.5776, 15.2984], [-88.5994, 15.2828], [-88.6531, 15.3026], [-88.6849, 15.3363], [-88.6015, 15.4126], [-88.5763, 15.4188], [-88.5455, 15.4491], [-88.5246, 15.4301], [-88.5213, 15.3946], [-88.5069, 15.3598], [-88.4898, 15.3504], [-88.4886, 15.3229], [-88.483, 15.317], [-88.4933, 15.2965]]]}}, {"id": "246", "type": "Feature", "properties": {"adm2_code": "17456", "adm2_name": "Ceguaca", "adm1_code": "1436", "adm1_name": "Santa Barbara"}, "geometry": {"type": "Polygon", "coordinates": [[[-88.1636, 14.8428], [-88.1518, 14.8123], [-88.1834, 14.7757], [-88.1917, 14.7535], [-88.2012, 14.7598], [-88.1991, 14.7661], [-88.214, 14.77], [-88.229, 14.7844], [-88.2367, 14.7835], [-88.2521, 14.7982], [-88.1981, 14.8238], [-88.1934, 14.8502], [-88.1636, 14.8428]]]}}, {"id": "247", "type": "Feature", "properties": {"adm2_code": "17457", "adm2_name": "Chinda", "adm1_code": "1436", "adm1_name": "Santa Barbara"}, "geometry": {"type": "Polygon", "coordinates": [[[-88.0995, 15.14], [-88.1145, 15.1181], [-88.0916, 15.0898], [-88.1093, 15.0746], [-88.1666, 15.0711], [-88.2093, 15.0953], [-88.2165, 15.1053], [-88.193, 15.1117], [-88.1827, 15.1344], [-88.2121, 15.1583], [-88.2191, 15.1947], [-88.2021, 15.1989], [-88.1943, 15.1589], [-88.1847, 15.153], [-88.1777, 15.1367], [-88.1818, 15.122], [-88.1664, 15.1096], [-88.152, 15.1103], [-88.1279, 15.1251], [-88.1206, 15.1384], [-88.0995, 15.14]]]}}, {"id": "248", "type": "Feature", "properties": {"adm2_code": "17458", "adm2_name": "Concepcion Del Norte", "adm1_code": "1436", "adm1_name": "Santa Barbara"}, "geometry": {"type": "Polygon", "coordinates": [[[-88.059, 15.2], [-88.0634, 15.1818], [-88.0757, 15.1722], [-88.0769, 15.1614], [-88.0901, 15.146], [-88.1206, 15.1384], [-88.1279, 15.1251], [-88.152, 15.1103], [-88.1664, 15.1096], [-88.1806, 15.1198], [-88.1777, 15.1367], [-88.1847, 15.153], [-88.1933, 15.1568], [-88.2016, 15.1806], [-88.2017, 15.2136], [-88.196, 15.2194], [-88.1828, 15.2235], [-88.1751, 15.214], [-88.1563, 15.237], [-88.1207, 15.2503], [-88.1086, 15.2364], [-88.099, 15.205], [-88.059, 15.2]]]}}, {"id": "249", "type": "Feature", "properties": {"adm2_code": "17459", "adm2_name": "Concepcion Del Sur", "adm1_code": "1436", "adm1_name": "Santa Barbara"}, "geometry": {"type": "Polygon", "coordinates": [[[-88.1227, 14.8063], [-88.1346, 14.7578], [-88.1585, 14.7491], [-88.1917, 14.7535], [-88.1834, 14.7757], [-88.1518, 14.8123], [-88.1636, 14.8428], [-88.0906, 14.8547], [-88.0854, 14.847], [-88.1227, 14.8063]]]}}, {"id": "250", "type": "Feature", "properties": {"adm2_code": "17460", "adm2_name": "El Nispero", "adm1_code": "1436", "adm1_name": "Santa Barbara"}, "geometry": {"type": "Polygon", "coordinates": [[[-88.2653, 14.8075], [-88.2804, 14.7716], [-88.3006, 14.7514], [-88.2971, 14.7393], [-88.3099, 14.7188], [-88.3466, 14.7043], [-88.3653, 14.7193], [-88.3816, 14.7532], [-88.3588, 14.798], [-88.3496, 14.7949], [-88.3359, 14.7755], [-88.3243, 14.7806], [-88.307, 14.8058], [-88.2653, 14.8075]]]}}, {"id": "251", "type": "Feature", "properties": {"adm2_code": "17461", "adm2_name": "Gualala", "adm1_code": "1436", "adm1_name": "Santa Barbara"}, "geometry": {"type": "Polygon", "coordinates": [[[-88.1009, 14.9821], [-88.1273, 14.963], [-88.156, 14.9557], [-88.2141, 14.9559], [-88.2327, 14.9926], [-88.2184, 15.0002], [-88.2333, 15.0094], [-88.224, 15.017], [-88.1541, 15.0002], [-88.1294, 15.0053], [-88.1145, 14.9823], [-88.1009, 14.9821]]]}}, {"id": "252", "type": "Feature", "properties": {"adm2_code": "17462", "adm2_name": "Ilama", "adm1_code": "1436", "adm1_name": "Santa Barbara"}, "geometry": {"type": "Polygon", "coordinates": [[[-88.0916, 15.0898], [-88.0609, 15.0703], [-88.0346, 15.0672], [-88.0216, 15.0536], [-88.0291, 15.0333], [-88.0312, 14.99], [-88.0405, 14.9811], [-88.1145, 14.9823], [-88.1294, 15.0053], [-88.1541, 15.0002], [-88.231, 15.0222], [-88.2303, 15.0398], [-88.1931, 15.0784], [-88.198, 15.0901], [-88.1619, 15.0708], [-88.1093, 15.0746], [-88.0916, 15.0898]]]}}, {"id": "253", "type": "Feature", "properties": {"adm2_code": "17463", "adm2_name": "Las Vegas", "adm1_code": "1436", "adm1_name": "Santa Barbara"}, "geometry": {"type": "Polygon", "coordinates": [[[-87.9986, 14.8061], [-88.0736, 14.7987], [-88.1226, 14.8018], [-88.1054, 14.8298], [-88.0854, 14.847], [-88.1005, 14.8764], [-88.1019, 14.8966], [-88.02, 14.9227], [-88.0317, 14.8994], [-88.0224, 14.9029], [-88.0242, 14.8939], [-88.0158, 14.8828], [-88.0216, 14.8755], [-88.0019, 14.8741], [-87.991, 14.8627], [-88.0005, 14.8254], [-87.9986, 14.8061]]]}}, {"id": "254", "type": "Feature", "properties": {"adm2_code": "17464", "adm2_name": "Macuelizo", "adm1_code": "1436", "adm1_name": "Santa Barbara"}, "geometry": {"type": "Polygon", "coordinates": [[[-88.4933, 15.2965], [-88.4792, 15.2663], [-88.5134, 15.2232], [-88.5107, 15.1595], [-88.5231, 15.1472], [-88.5733, 15.1337], [-88.5744, 15.1289], [-88.6259, 15.1504], [-88.6422, 15.1413], [-88.664, 15.1573], [-88.6743, 15.1576], [-88.6848, 15.1819], [-88.7171, 15.2062], [-88.706, 15.2328], [-88.7609, 15.2891], [-88.6849, 15.3363], [-88.6531, 15.3026], [-88.5994, 15.2828], [-88.5776, 15.2984], [-88.5303, 15.3161], [-88.4933, 15.2965]]]}}, {"id": "255", "type": "Feature", "properties": {"adm2_code": "17465", "adm2_name": "Naranjito", "adm1_code": "1436", "adm1_name": "Santa Barbara"}, "geometry": {"type": "Polygon", "coordinates": [[[-88.5396, 14.9823], [-88.5349, 14.9635], [-88.5394, 14.9576], [-88.5329, 14.9527], [-88.5324, 14.9406], [-88.5843, 14.9227], [-88.6024, 14.9296], [-88.6041, 14.9105], [-88.6175, 14.8996], [-88.6383, 14.9027], [-88.6354, 14.9098], [-88.642, 14.914], [-88.6694, 14.9045], [-88.6829, 14.9061], [-88.6966, 14.9363], [-88.6742, 14.9842], [-88.6731, 14.9987], [-88.6508, 14.9985], [-88.6073, 14.9815], [-88.5574, 15.0163], [-88.5449, 14.9835], [-88.5396, 14.9823]]]}}, {"id": "256", "type": "Feature", "properties": {"adm2_code": "17466", "adm2_name": "Nuevo Celilac", "adm1_code": "1436", "adm1_name": "Santa Barbara"}, "geometry": {"type": "Polygon", "coordinates": [[[-88.2527, 14.9568], [-88.2527, 14.9351], [-88.2621, 14.9338], [-88.2905, 14.9514], [-88.2972, 14.9271], [-88.343, 14.9383], [-88.3436, 14.932], [-88.3774, 14.9289], [-88.38, 14.9199], [-88.3927, 14.9173], [-88.4018, 14.9233], [-88.4243, 14.9096], [-88.4315, 14.9214], [-88.4515, 14.92], [-88.4523, 14.933], [-88.4701, 14.9508], [-88.4621, 14.9599], [-88.4557, 14.988], [-88.4419, 14.9846], [-88.4058, 14.995], [-88.3956, 14.9915], [-88.3851, 15.0004], [-88.3497, 14.9819], [-88.326, 14.9972], [-88.2874, 14.9997], [-88.2527, 14.9568]]]}}, {"id": "257", "type": "Feature", "properties": {"adm2_code": "17467", "adm2_name": "Petoa", "adm1_code": "1436", "adm1_name": "Santa Barbara"}, "geometry": {"type": "Polygon", "coordinates": [[[-88.1207, 15.2503], [-88.1474, 15.2375], [-88.2, 15.2349], [-88.2527, 15.1963], [-88.2493, 15.1849], [-88.2663, 15.189], [-88.2772, 15.2012], [-88.3298, 15.1615], [-88.3406, 15.1875], [-88.3288, 15.2061], [-88.3359, 15.2271], [-88.3005, 15.281], [-88.2721, 15.2837], [-88.2658, 15.2899], [-88.2559, 15.2899], [-88.2533, 15.2815], [-88.2187, 15.2845], [-88.2125, 15.2987], [-88.1988, 15.2975], [-88.1959, 15.3038], [-88.1774, 15.2983], [-88.1762, 15.3069], [-88.1613, 15.3103], [-88.1587, 15.3369], [-88.1425, 15.3578], [-88.1459, 15.3672], [-88.1295, 15.3608], [-88.1207, 15.2503]]]}}, {"id": "258", "type": "Feature", "properties": {"adm2_code": "17468", "adm2_name": "Proteccion", "adm1_code": "1436", "adm1_name": "Santa Barbara"}, "geometry": {"type": "Polygon", "coordinates": [[[-88.5744, 15.1289], [-88.5772, 15.0794], [-88.5586, 15.0654], [-88.5578, 15.0501], [-88.5398, 15.0311], [-88.6073, 14.9815], [-88.6508, 14.9985], [-88.6731, 14.9987], [-88.6691, 15.0319], [-88.6307, 15.0619], [-88.6388, 15.0839], [-88.6584, 15.1029], [-88.6532, 15.136], [-88.6259, 15.1504], [-88.5744, 15.1289]]]}}, {"id": "259", "type": "Feature", "properties": {"adm2_code": "17469", "adm2_name": "Quimistan", "adm1_code": "1436", "adm1_name": "Santa Barbara"}, "geometry": {"type": "Polygon", "coordinates": [[[-88.1462, 15.3672], [-88.1425, 15.3578], [-88.1587, 15.3369], [-88.1613, 15.3103], [-88.1762, 15.3069], [-88.1774, 15.2983], [-88.1931, 15.3041], [-88.2002, 15.2971], [-88.2125, 15.2987], [-88.2187, 15.2845], [-88.2533, 15.2815], [-88.2559, 15.2899], [-88.2658, 15.2899], [-88.2721, 15.2837], [-88.3023, 15.2796], [-88.3132, 15.3005], [-88.3375, 15.3086], [-88.362, 15.3012], [-88.3795, 15.3148], [-88.3944, 15.3037], [-88.4051, 15.3101], [-88.4155, 15.3078], [-88.4186, 15.2981], [-88.4356, 15.2893], [-88.4359, 15.2824], [-88.4477, 15.2811], [-88.4501, 15.2686], [-88.4701, 15.2636], [-88.473, 15.2706], [-88.4793, 15.2691], [-88.4933, 15.2965], [-88.483, 15.317], [-88.4886, 15.3229], [-88.4898, 15.3504], [-88.5069, 15.3598], [-88.5213, 15.3946], [-88.5246, 15.4301], [-88.5455, 15.4491], [-88.4344, 15.5418], [-88.2366, 15.4864], [-88.2427, 15.4314], [-88.2318, 15.4019], [-88.1928, 15.388], [-88.1843, 15.3745], [-88.1629, 15.3614], [-88.1462, 15.3672]]]}}, {"id": "260", "type": "Feature", "properties": {"adm2_code": "17470", "adm2_name": "San Francisco De Ojuera", "adm1_code": "1436", "adm1_name": "Santa Barbara"}, "geometry": {"type": "Polygon", "coordinates": [[[-88.1917, 14.7535], [-88.1598, 14.7517], [-88.1395, 14.7351], [-88.142, 14.7283], [-88.1313, 14.7127], [-88.14, 14.7011], [-88.1532, 14.6441], [-88.2249, 14.6403], [-88.2462, 14.6308], [-88.3396, 14.6401], [-88.3127, 14.6701], [-88.3108, 14.6991], [-88.2819, 14.6932], [-88.2741, 14.685], [-88.2462, 14.6898], [-88.2245, 14.7435], [-88.229, 14.7517], [-88.2161, 14.7721], [-88.1991, 14.7661], [-88.2012, 14.7598], [-88.1917, 14.7535]]]}}, {"id": "261", "type": "Feature", "properties": {"adm2_code": "17471", "adm2_name": "San Jose De Colimas", "adm1_code": "1436", "adm1_name": "Santa Barbara"}, "geometry": {"type": "Polygon", "coordinates": [[[-88.368, 15.1456], [-88.3174, 15.1338], [-88.3066, 15.1239], [-88.3166, 15.1115], [-88.3105, 15.0978], [-88.2793, 15.0697], [-88.232, 15.0477], [-88.2318, 15.024], [-88.2262, 15.0168], [-88.2329, 15.0075], [-88.2183, 14.9997], [-88.2327, 14.9926], [-88.2208, 14.9677], [-88.2449, 14.9645], [-88.2527, 14.9568], [-88.2887, 15.0], [-88.326, 14.9972], [-88.3497, 14.9819], [-88.3851, 15.0004], [-88.3994, 14.9927], [-88.3952, 15.0002], [-88.4035, 15.0216], [-88.3734, 15.068], [-88.3881, 15.1014], [-88.4066, 15.1118], [-88.4087, 15.1309], [-88.4022, 15.1271], [-88.3728, 15.141], [-88.3658, 15.1369], [-88.368, 15.1456]]]}}, {"id": "262", "type": "Feature", "properties": {"adm2_code": "17472", "adm2_name": "San Luis", "adm1_code": "1436", "adm1_name": "Santa Barbara"}, "geometry": {"type": "Polygon", "coordinates": [[[-88.3572, 15.167], [-88.3696, 15.1453], [-88.3658, 15.1369], [-88.3728, 15.141], [-88.4022, 15.1271], [-88.4087, 15.1309], [-88.4066, 15.1118], [-88.3881, 15.1014], [-88.3734, 15.068], [-88.4035, 15.0216], [-88.3959, 14.9954], [-88.4419, 14.9846], [-88.4515, 14.9886], [-88.5449, 14.9835], [-88.5574, 15.0163], [-88.5398, 15.0311], [-88.5578, 15.0501], [-88.5586, 15.0654], [-88.5772, 15.0794], [-88.58, 15.0943], [-88.5733, 15.1337], [-88.5231, 15.1472], [-88.5107, 15.1595], [-88.512, 15.2187], [-88.5011, 15.2118], [-88.4964, 15.1965], [-88.4816, 15.1898], [-88.4554, 15.1878], [-88.4544, 15.196], [-88.4232, 15.1975], [-88.3902, 15.178], [-88.3741, 15.1798], [-88.3572, 15.167]]]}}, {"id": "263", "type": "Feature", "properties": {"adm2_code": "17473", "adm2_name": "San Marcos", "adm1_code": "1436", "adm1_name": "Santa Barbara"}, "geometry": {"type": "Polygon", "coordinates": [[[-88.3005, 15.281], [-88.3359, 15.2271], [-88.3288, 15.2061], [-88.3572, 15.167], [-88.3741, 15.1798], [-88.3902, 15.178], [-88.4232, 15.1975], [-88.4544, 15.196], [-88.4554, 15.1878], [-88.4816, 15.1898], [-88.4964, 15.1965], [-88.5011, 15.2118], [-88.5134, 15.2232], [-88.4793, 15.2691], [-88.473, 15.2706], [-88.4701, 15.2636], [-88.4501, 15.2686], [-88.4477, 15.2811], [-88.4359, 15.2824], [-88.4356, 15.2893], [-88.4186, 15.2981], [-88.4131, 15.309], [-88.3944, 15.3037], [-88.3781, 15.3147], [-88.36, 15.3011], [-88.331, 15.3079], [-88.3119, 15.2995], [-88.3005, 15.281]]]}}, {"id": "264", "type": "Feature", "properties": {"adm2_code": "17474", "adm2_name": "San Nicolas", "adm1_code": "1436", "adm1_name": "Santa Barbara"}, "geometry": {"type": "Polygon", "coordinates": [[[-88.2512, 14.9356], [-88.2501, 14.9196], [-88.298, 14.9186], [-88.3102, 14.9024], [-88.323, 14.9009], [-88.3234, 14.8889], [-88.3703, 14.8913], [-88.3703, 14.8805], [-88.3857, 14.8698], [-88.3866, 14.8511], [-88.4026, 14.8503], [-88.4074, 14.8248], [-88.418, 14.8358], [-88.4369, 14.8409], [-88.4226, 14.8784], [-88.4065, 14.8805], [-88.3963, 14.8927], [-88.4286, 14.8977], [-88.4281, 14.906], [-88.4018, 14.9233], [-88.3858, 14.9184], [-88.376, 14.9234], [-88.3774, 14.9289], [-88.3436, 14.932], [-88.343, 14.9383], [-88.2972, 14.9271], [-88.2905, 14.9514], [-88.2621, 14.9338], [-88.2512, 14.9356]]]}}, {"id": "265", "type": "Feature", "properties": {"adm2_code": "17475", "adm2_name": "San Pedro Zacapa", "adm1_code": "1436", "adm1_name": "Santa Barbara"}, "geometry": {"type": "Polygon", "coordinates": [[[-87.9986, 14.8061], [-87.9918, 14.7813], [-88.0218, 14.7519], [-88.0422, 14.7437], [-88.0799, 14.7029], [-88.0501, 14.6668], [-88.0824, 14.6447], [-88.0939, 14.6291], [-88.1532, 14.6441], [-88.1394, 14.7029], [-88.131, 14.7104], [-88.142, 14.7283], [-88.1395, 14.7351], [-88.1585, 14.7491], [-88.1309, 14.7618], [-88.1235, 14.8055], [-88.1172, 14.7981], [-87.9986, 14.8061]]]}}, {"id": "266", "type": "Feature", "properties": {"adm2_code": "17476", "adm2_name": "San Vicente Centenario", "adm1_code": "1436", "adm1_name": "Santa Barbara"}, "geometry": {"type": "Polygon", "coordinates": [[[-88.3102, 14.9024], [-88.2878, 14.8927], [-88.274, 14.8783], [-88.2475, 14.8743], [-88.2623, 14.8629], [-88.2573, 14.855], [-88.2838, 14.846], [-88.3241, 14.8504], [-88.323, 14.9009], [-88.3102, 14.9024]]]}}, {"id": "267", "type": "Feature", "properties": {"adm2_code": "17477", "adm2_name": "Santa Barbara", "adm1_code": "1436", "adm1_name": "Santa Barbara"}, "geometry": {"type": "Polygon", "coordinates": [[[-88.0405, 14.9811], [-88.0515, 14.9159], [-88.1019, 14.8966], [-88.1022, 14.882], [-88.0906, 14.8547], [-88.1636, 14.8428], [-88.1934, 14.8502], [-88.1981, 14.8238], [-88.2521, 14.7982], [-88.2665, 14.7978], [-88.257, 14.8216], [-88.2599, 14.8412], [-88.2453, 14.8397], [-88.2626, 14.8618], [-88.2475, 14.8743], [-88.274, 14.8783], [-88.2878, 14.8927], [-88.3102, 14.9024], [-88.298, 14.9186], [-88.2501, 14.9196], [-88.2527, 14.9568], [-88.2449, 14.9645], [-88.2219, 14.9682], [-88.2141, 14.9559], [-88.1593, 14.9552], [-88.1273, 14.963], [-88.1021, 14.9819], [-88.0405, 14.9811]]]}}, {"id": "268", "type": "Feature", "properties": {"adm2_code": "17478", "adm2_name": "Santa Rita", "adm1_code": "1436", "adm1_name": "Santa Barbara"}, "geometry": {"type": "Polygon", "coordinates": [[[-88.2521, 14.7982], [-88.2161, 14.7721], [-88.229, 14.7517], [-88.2245, 14.7435], [-88.2353, 14.727], [-88.242, 14.6948], [-88.2522, 14.6848], [-88.2741, 14.685], [-88.2819, 14.6932], [-88.3108, 14.6991], [-88.3099, 14.7188], [-88.2971, 14.7393], [-88.3006, 14.7514], [-88.2804, 14.7716], [-88.2696, 14.7959], [-88.2521, 14.7982]]]}}, {"id": "269", "type": "Feature", "properties": {"adm2_code": "17479", "adm2_name": "Trinidad", "adm1_code": "1436", "adm1_name": "Santa Barbara"}, "geometry": {"type": "Polygon", "coordinates": [[[-88.2021, 15.1989], [-88.2191, 15.1947], [-88.2126, 15.1599], [-88.1827, 15.1344], [-88.193, 15.1117], [-88.2165, 15.1053], [-88.1927, 15.0794], [-88.2163, 15.0581], [-88.2256, 15.0411], [-88.2793, 15.0697], [-88.3105, 15.0978], [-88.3166, 15.1115], [-88.3066, 15.1239], [-88.3174, 15.1338], [-88.368, 15.1456], [-88.341, 15.1899], [-88.3298, 15.1615], [-88.2772, 15.2012], [-88.2663, 15.189], [-88.2493, 15.1849], [-88.2527, 15.1963], [-88.2, 15.2349], [-88.1563, 15.237], [-88.1751, 15.214], [-88.1841, 15.2237], [-88.2003, 15.2159], [-88.2021, 15.1989]]]}}, {"id": "270", "type": "Feature", "properties": {"adm2_code": "17480", "adm2_name": "Alianza", "adm1_code": "1437", "adm1_name": "Valle"}, "geometry": {"type": "MultiPolygon", "coordinates": [[[[-87.7417, 13.3475], [-87.7437, 13.3474], [-87.7438, 13.3486], [-87.7417, 13.3475]]], [[[-87.8015, 13.4032], [-87.8018, 13.4038], [-87.8011, 13.4042], [-87.8015, 13.4032]]], [[[-87.6795, 13.4136], [-87.6812, 13.4124], [-87.6813, 13.4129], [-87.6795, 13.4136]]], [[[-87.6642, 13.4101], [-87.6701, 13.4099], [-87.668, 13.416], [-87.6671, 13.4157], [-87.6642, 13.4101]]], [[[-87.6771, 13.4236], [-87.6771, 13.4227], [-87.678, 13.4239], [-87.6771, 13.4236]]], [[[-87.6752, 13.424], [-87.6755, 13.4233], [-87.6756, 13.424], [-87.6752, 13.424]]], [[[-87.6805, 13.4279], [-87.672, 13.4308], [-87.6714, 13.4232], [-87.6805, 13.4279]]], [[[-87.6525, 13.4331], [-87.653, 13.4326], [-87.6536, 13.4337], [-87.6525, 13.4331]]], [[[-87.6721, 13.4327], [-87.6549, 13.4338], [-87.6522, 13.4283], [-87.6597, 13.4282], [-87.6602, 13.4312], [-87.661, 13.4313], [-87.6621, 13.4306], [-87.6595, 13.4278], [-87.6523, 13.4265], [-87.6503, 13.4198], [-87.6537, 13.4077], [-87.6592, 13.4196], [-87.6615, 13.419], [-87.656, 13.4079], [-87.6599, 13.4042], [-87.6594, 13.4103], [-87.6758, 13.4224], [-87.6715, 13.4229], [-87.6707, 13.4239], [-87.6721, 13.4327]]], [[[-87.6579, 13.4355], [-87.6592, 13.4343], [-87.6598, 13.4355], [-87.6579, 13.4355]]], [[[-87.653, 13.4424], [-87.6558, 13.4403], [-87.6568, 13.4417], [-87.653, 13.4424]]], [[[-87.6848, 13.4447], [-87.6864, 13.4441], [-87.6848, 13.4462], [-87.6848, 13.4447]]], [[[-87.6673, 13.4685], [-87.6659, 13.4687], [-87.6657, 13.4667], [-87.6673, 13.4685]]], [[[-87.6823, 13.5441], [-87.6706, 13.5153], [-87.6582, 13.5073], [-87.637, 13.4634], [-87.6463, 13.4628], [-87.6425, 13.4734], [-87.6454, 13.4775], [-87.6508, 13.4799], [-87.6581, 13.4751], [-87.659, 13.4838], [-87.6696, 13.4919], [-87.6744, 13.4915], [-87.66, 13.4839], [-87.6648, 13.4795], [-87.659, 13.4747], [-87.6558, 13.4737], [-87.6507, 13.4791], [-87.6438, 13.4745], [-87.6534, 13.4634], [-87.648, 13.4632], [-87.6471, 13.4555], [-87.6554, 13.4534], [-87.6606, 13.4609], [-87.6639, 13.4608], [-87.6598, 13.4637], [-87.6616, 13.4691], [-87.6569, 13.4694], [-87.6623, 13.4702], [-87.6658, 13.4648], [-87.6651, 13.4669], [-87.6658, 13.4695], [-87.672, 13.469], [-87.6734, 13.4667], [-87.6684, 13.4685], [-87.6667, 13.4646], [-87.6609, 13.4656], [-87.6652, 13.4608], [-87.6557, 13.4471], [-87.6786, 13.4325], [-87.6873, 13.4395], [-87.6877, 13.4418], [-87.6847, 13.4445], [-87.6847, 13.4465], [-87.6943, 13.4498], [-87.7024, 13.4471], [-87.6903, 13.4483], [-87.6873, 13.4363], [-87.6786, 13.4307], [-87.6841, 13.4321], [-87.6875, 13.4297], [-87.6907, 13.4317], [-87.6935, 13.4285], [-87.6927, 13.4296], [-87.6931, 13.434], [-87.6964, 13.4214], [-87.6913, 13.4307], [-87.687, 13.429], [-87.6831, 13.431], [-87.6846, 13.4234], [-87.6788, 13.4267], [-87.6787, 13.4234], [-87.6735, 13.42], [-87.6818, 13.4126], [-87.6808, 13.412], [-87.6792, 13.412], [-87.6716, 13.4142], [-87.6713, 13.4089], [-87.6581, 13.3933], [-87.6722, 13.3948], [-87.6804, 13.3707], [-87.6923, 13.3732], [-87.6954, 13.3667], [-87.716, 13.3653], [-87.7184, 13.3579], [-87.7454, 13.3537], [-87.7654, 13.3771], [-87.7842, 13.3769], [-87.7982, 13.3845], [-87.804, 13.3971], [-87.8005, 13.4052], [-87.8006, 13.4074], [-87.8042, 13.3989], [-87.804, 13.3938], [-87.8167, 13.4072], [-87.7936, 13.4106], [-87.7844, 13.4281], [-87.7764, 13.4237], [-87.7588, 13.4397], [-87.7481, 13.4352], [-87.7408, 13.4429], [-87.7212, 13.4456], [-87.7223, 13.4601], [-87.7158, 13.4672], [-87.7242, 13.4926], [-87.7214, 13.5069], [-87.7364, 13.5124], [-87.7457, 13.5063], [-87.7545, 13.5189], [-87.763, 13.5083], [-87.7743, 13.5099], [-87.7451, 13.5329], [-87.6823, 13.5441]]]]}}, {"id": "271", "type": "Feature", "properties": {"adm2_code": "17481", "adm2_name": "Amapala", "adm1_code": "1437", "adm1_name": "Valle"}, "geometry": {"type": "MultiPolygon", "coordinates": [[[[-87.6247, 13.252], [-87.6249, 13.2517], [-87.6249, 13.252], [-87.6247, 13.252]]], [[[-87.6664, 13.2786], [-87.6673, 13.2755], [-87.6679, 13.2758], [-87.6664, 13.2786]]], [[[-87.6297, 13.2979], [-87.6299, 13.2977], [-87.6299, 13.2978], [-87.6297, 13.2979]]], [[[-87.6319, 13.2985], [-87.6319, 13.2982], [-87.6322, 13.2984], [-87.6319, 13.2985]]], [[[-87.6309, 13.2985], [-87.6314, 13.2962], [-87.6323, 13.2974], [-87.6309, 13.2985]]], [[[-87.6415, 13.2987], [-87.6146, 13.2863], [-87.6155, 13.2577], [-87.6335, 13.2492], [-87.6599, 13.2518], [-87.6639, 13.2753], [-87.6575, 13.2933], [-87.6415, 13.2987]]], [[[-87.7009, 13.3088], [-87.701, 13.3077], [-87.7014, 13.3085], [-87.7009, 13.3088]]], [[[-87.7056, 13.3153], [-87.6997, 13.3143], [-87.7051, 13.3118], [-87.7056, 13.3153]]], [[[-87.7123, 13.3224], [-87.7138, 13.3228], [-87.7127, 13.3233], [-87.7123, 13.3224]]], [[[-87.7204, 13.3276], [-87.721, 13.3245], [-87.7229, 13.3253], [-87.7204, 13.3276]]], [[[-87.6678, 13.3226], [-87.6803, 13.3048], [-87.6852, 13.3139], [-87.6746, 13.3315], [-87.6678, 13.3226]]], [[[-87.7206, 13.3344], [-87.7207, 13.3342], [-87.7209, 13.3344], [-87.7206, 13.3344]]], [[[-87.7199, 13.3343], [-87.7098, 13.3357], [-87.7046, 13.3293], [-87.7167, 13.3284], [-87.7199, 13.3343]]], [[[-87.5777, 13.3613], [-87.5631, 13.3581], [-87.5553, 13.3458], [-87.5429, 13.3421], [-87.5752, 13.3355], [-87.5739, 13.3491], [-87.5916, 13.3552], [-87.5777, 13.3613]]]]}}, {"id": "272", "type": "Feature", "properties": {"adm2_code": "17482", "adm2_name": "Aramecina", "adm1_code": "1437", "adm1_name": "Valle"}, "geometry": {"type": "Polygon", "coordinates": [[[-87.6554, 13.7395], [-87.6638, 13.7349], [-87.6531, 13.7098], [-87.6604, 13.6866], [-87.6854, 13.6667], [-87.6945, 13.6662], [-87.7253, 13.6849], [-87.7537, 13.6864], [-87.7324, 13.7155], [-87.7262, 13.735], [-87.7369, 13.7492], [-87.7158, 13.7757], [-87.678, 13.7759], [-87.6499, 13.7843], [-87.6554, 13.7395]]]}}, {"id": "273", "type": "Feature", "properties": {"adm2_code": "17483", "adm2_name": "Caridad", "adm1_code": "1437", "adm1_name": "Valle"}, "geometry": {"type": "Polygon", "coordinates": [[[-87.6943, 13.8384], [-87.674, 13.823], [-87.6505, 13.8229], [-87.6499, 13.7843], [-87.678, 13.7759], [-87.7158, 13.7757], [-87.708, 13.8036], [-87.7125, 13.8162], [-87.7423, 13.831], [-87.7312, 13.8369], [-87.6943, 13.8384]]]}}, {"id": "274", "type": "Feature", "properties": {"adm2_code": "17484", "adm2_name": "Goascoran", "adm1_code": "1437", "adm1_name": "Valle"}, "geometry": {"type": "Polygon", "coordinates": [[[-87.7253, 13.6849], [-87.6849, 13.6557], [-87.6845, 13.6287], [-87.663, 13.6052], [-87.6492, 13.5764], [-87.6493, 13.5367], [-87.6397, 13.5283], [-87.6389, 13.506], [-87.6471, 13.4895], [-87.6548, 13.4914], [-87.6582, 13.5073], [-87.6706, 13.5153], [-87.6798, 13.5443], [-87.7451, 13.5329], [-87.7743, 13.5099], [-87.7824, 13.5146], [-87.7768, 13.5204], [-87.7938, 13.5238], [-87.7804, 13.5361], [-87.787, 13.5439], [-87.7786, 13.5678], [-87.7833, 13.5702], [-87.772, 13.5756], [-87.769, 13.5953], [-87.7538, 13.6045], [-87.7537, 13.6864], [-87.7253, 13.6849]]]}}, {"id": "275", "type": "Feature", "properties": {"adm2_code": "17485", "adm2_name": "Langue", "adm1_code": "1437", "adm1_name": "Valle"}, "geometry": {"type": "Polygon", "coordinates": [[[-87.603, 13.722], [-87.5992, 13.6986], [-87.5919, 13.6902], [-87.6035, 13.6698], [-87.572, 13.6226], [-87.6013, 13.5951], [-87.6224, 13.5967], [-87.6531, 13.5843], [-87.6845, 13.6287], [-87.6849, 13.6557], [-87.6977, 13.6689], [-87.6854, 13.6667], [-87.6613, 13.6848], [-87.6531, 13.7098], [-87.6608, 13.7377], [-87.6344, 13.7432], [-87.603, 13.722]]]}}, {"id": "276", "type": "Feature", "properties": {"adm2_code": "17486", "adm2_name": "Nacaome", "adm1_code": "1437", "adm1_name": "Valle"}, "geometry": {"type": "MultiPolygon", "coordinates": [[[[-87.5959, 13.301], [-87.5974, 13.3003], [-87.597, 13.3018], [-87.5959, 13.301]]], [[[-87.5996, 13.3034], [-87.5994, 13.3025], [-87.6002, 13.3032], [-87.5996, 13.3034]]], [[[-87.5878, 13.3029], [-87.5888, 13.3028], [-87.5886, 13.304], [-87.5878, 13.3029]]], [[[-87.5919, 13.3107], [-87.5929, 13.3105], [-87.5923, 13.3114], [-87.5919, 13.3107]]], [[[-87.6584, 13.3545], [-87.6588, 13.3538], [-87.659, 13.3548], [-87.6584, 13.3545]]], [[[-87.5575, 13.3649], [-87.5594, 13.3641], [-87.5573, 13.3656], [-87.5575, 13.3649]]], [[[-87.5322, 13.3677], [-87.5324, 13.3675], [-87.5324, 13.3678], [-87.5322, 13.3677]]], [[[-87.5383, 13.3687], [-87.5379, 13.369], [-87.5379, 13.3687], [-87.5383, 13.3687]]], [[[-87.5621, 13.3697], [-87.5632, 13.3679], [-87.564, 13.3693], [-87.5621, 13.3697]]], [[[-87.5309, 13.3688], [-87.5292, 13.3683], [-87.5295, 13.3675], [-87.5309, 13.3688]]], [[[-87.5359, 13.3701], [-87.5349, 13.3706], [-87.5349, 13.3705], [-87.5359, 13.3701]]], [[[-87.5324, 13.3703], [-87.5309, 13.3693], [-87.5311, 13.369], [-87.5324, 13.3703]]], [[[-87.5335, 13.3733], [-87.5325, 13.3707], [-87.5363, 13.371], [-87.5335, 13.3733]]], [[[-87.5497, 13.3716], [-87.5551, 13.3728], [-87.548, 13.3746], [-87.5497, 13.3716]]], [[[-87.5377, 13.3753], [-87.5395, 13.3744], [-87.5405, 13.3733], [-87.5377, 13.3753]]], [[[-87.563, 13.3738], [-87.5592, 13.3743], [-87.5597, 13.3718], [-87.563, 13.3738]]], [[[-87.5185, 13.3754], [-87.5191, 13.3753], [-87.5184, 13.3757], [-87.5185, 13.3754]]], [[[-87.5218, 13.3765], [-87.5223, 13.376], [-87.5225, 13.3765], [-87.5218, 13.3765]]], [[[-87.5653, 13.3755], [-87.5626, 13.3755], [-87.5638, 13.3746], [-87.5653, 13.3755]]], [[[-87.6354, 13.3763], [-87.635, 13.377], [-87.6351, 13.3763], [-87.6354, 13.3763]]], [[[-87.5179, 13.3794], [-87.5152, 13.3698], [-87.5142, 13.3677], [-87.5183, 13.3676], [-87.5195, 13.367], [-87.5077, 13.3668], [-87.5026, 13.3711], [-87.5024, 13.3586], [-87.5088, 13.3541], [-87.5088, 13.361], [-87.5179, 13.361], [-87.5207, 13.3557], [-87.5205, 13.3609], [-87.527, 13.3644], [-87.5212, 13.3552], [-87.5189, 13.3554], [-87.5226, 13.3471], [-87.5346, 13.3442], [-87.5446, 13.3511], [-87.531, 13.3516], [-87.5316, 13.3569], [-87.5293, 13.3575], [-87.5294, 13.359], [-87.5458, 13.352], [-87.5575, 13.3554], [-87.5499, 13.3618], [-87.558, 13.3562], [-87.5474, 13.3704], [-87.5443, 13.3669], [-87.5406, 13.3686], [-87.5412, 13.3663], [-87.5398, 13.3697], [-87.5436, 13.3704], [-87.5366, 13.3733], [-87.5392, 13.3699], [-87.5381, 13.3643], [-87.5346, 13.3662], [-87.5381, 13.3707], [-87.5323, 13.367], [-87.5232, 13.3671], [-87.5317, 13.3733], [-87.5278, 13.3713], [-87.5261, 13.3713], [-87.5186, 13.3751], [-87.5179, 13.3764], [-87.5179, 13.3794]]], [[[-87.5679, 13.3761], [-87.5601, 13.3714], [-87.5588, 13.3717], [-87.5587, 13.3743], [-87.5616, 13.3761], [-87.5595, 13.3781], [-87.5517, 13.3744], [-87.5555, 13.3727], [-87.5533, 13.3699], [-87.5605, 13.3669], [-87.5616, 13.3709], [-87.5682, 13.3691], [-87.571, 13.3709], [-87.5655, 13.3719], [-87.5679, 13.3761]]], [[[-87.5143, 13.391], [-87.5133, 13.391], [-87.5154, 13.3899], [-87.5153, 13.3887], [-87.517, 13.3884], [-87.5143, 13.391]]], [[[-87.5867, 13.3924], [-87.5872, 13.3929], [-87.5867, 13.3935], [-87.5867, 13.3924]]], [[[-87.5007, 13.3859], [-87.4993, 13.3906], [-87.4993, 13.3912], [-87.5006, 13.3933], [-87.4993, 13.3937], [-87.498, 13.3908], [-87.5007, 13.3859]]], [[[-87.5758, 13.393], [-87.5774, 13.3926], [-87.5759, 13.3944], [-87.5758, 13.393]]], [[[-87.513, 13.3961], [-87.5132, 13.3958], [-87.5134, 13.3958], [-87.513, 13.3961]]], [[[-87.5153, 13.3961], [-87.5154, 13.3959], [-87.5155, 13.396], [-87.5153, 13.3961]]], [[[-87.6015, 13.4051], [-87.6026, 13.4026], [-87.6022, 13.4056], [-87.6015, 13.4051]]], [[[-87.5877, 13.4173], [-87.5858, 13.4084], [-87.585, 13.4082], [-87.5828, 13.4101], [-87.5819, 13.4097], [-87.5821, 13.4063], [-87.5805, 13.4018], [-87.5882, 13.3993], [-87.5882, 13.3872], [-87.6173, 13.3755], [-87.6113, 13.3929], [-87.6012, 13.3965], [-87.598, 13.4071], [-87.599, 13.4113], [-87.5967, 13.4146], [-87.5961, 13.418], [-87.5943, 13.4171], [-87.5913, 13.4171], [-87.587, 13.4188], [-87.5877, 13.4173]]], [[[-87.6264, 13.4202], [-87.6286, 13.4198], [-87.6262, 13.4204], [-87.6264, 13.4202]]], [[[-87.604, 13.4234], [-87.5966, 13.4162], [-87.5993, 13.4121], [-87.5994, 13.4065], [-87.6071, 13.4101], [-87.6078, 13.402], [-87.6303, 13.4159], [-87.6254, 13.4203], [-87.6197, 13.418], [-87.604, 13.4234]]], [[[-87.6213, 13.4295], [-87.6214, 13.4283], [-87.6221, 13.429], [-87.6213, 13.4295]]], [[[-87.6075, 13.4513], [-87.6132, 13.4315], [-87.6108, 13.4272], [-87.6079, 13.4262], [-87.608, 13.4239], [-87.6163, 13.4195], [-87.6193, 13.419], [-87.6231, 13.4202], [-87.622, 13.4283], [-87.6197, 13.4271], [-87.6174, 13.4229], [-87.6166, 13.4226], [-87.6227, 13.4433], [-87.6075, 13.4513]]], [[[-87.6204, 13.4477], [-87.6143, 13.453], [-87.6131, 13.452], [-87.6151, 13.4502], [-87.6204, 13.4477]]], [[[-87.616, 13.4517], [-87.62, 13.4514], [-87.615, 13.4537], [-87.616, 13.4517]]], [[[-87.6164, 13.4554], [-87.6201, 13.4571], [-87.6158, 13.4582], [-87.6164, 13.4554]]], [[[-87.6136, 13.4581], [-87.6082, 13.456], [-87.6151, 13.455], [-87.6136, 13.4581]]], [[[-87.6219, 13.4591], [-87.6211, 13.4586], [-87.6223, 13.4586], [-87.6219, 13.4591]]], [[[-87.6191, 13.4599], [-87.6179, 13.4589], [-87.6197, 13.4589], [-87.6191, 13.4599]]], [[[-87.6205, 13.46], [-87.6199, 13.4593], [-87.6206, 13.4596], [-87.6205, 13.46]]], [[[-87.6026, 13.4606], [-87.6047, 13.4573], [-87.611, 13.4529], [-87.6136, 13.4542], [-87.6076, 13.4557], [-87.6026, 13.4606]]], [[[-87.6196, 13.4614], [-87.616, 13.4617], [-87.6138, 13.4607], [-87.6196, 13.4614]]], [[[-87.6293, 13.483], [-87.6294, 13.4825], [-87.6296, 13.4829], [-87.6293, 13.483]]], [[[-87.4553, 13.6591], [-87.4142, 13.6362], [-87.4302, 13.5909], [-87.4177, 13.5862], [-87.4159, 13.5714], [-87.3964, 13.537], [-87.3656, 13.5224], [-87.3917, 13.5022], [-87.4, 13.5105], [-87.4284, 13.5171], [-87.448, 13.4716], [-87.4567, 13.4727], [-87.4741, 13.4586], [-87.4969, 13.451], [-87.4989, 13.4346], [-87.4855, 13.4262], [-87.4905, 13.4189], [-87.4849, 13.4209], [-87.4913, 13.4073], [-87.4948, 13.4072], [-87.4925, 13.4081], [-87.4921, 13.4091], [-87.4928, 13.4095], [-87.4943, 13.4085], [-87.4938, 13.4099], [-87.4944, 13.411], [-87.4947, 13.4112], [-87.4949, 13.4111], [-87.4951, 13.411], [-87.4949, 13.4069], [-87.4894, 13.4066], [-87.4939, 13.402], [-87.4968, 13.4025], [-87.5005, 13.4102], [-87.5057, 13.4142], [-87.4903, 13.3913], [-87.4999, 13.3942], [-87.5008, 13.3934], [-87.5, 13.3889], [-87.504, 13.3877], [-87.5021, 13.3892], [-87.5027, 13.3932], [-87.5047, 13.3962], [-87.5062, 13.3954], [-87.5063, 13.3973], [-87.5074, 13.3972], [-87.5079, 13.3963], [-87.5029, 13.3931], [-87.5048, 13.3911], [-87.5026, 13.3896], [-87.5045, 13.3877], [-87.5025, 13.3864], [-87.5105, 13.3842], [-87.511, 13.3712], [-87.5168, 13.381], [-87.5124, 13.3873], [-87.5123, 13.3927], [-87.518, 13.3948], [-87.5176, 13.3968], [-87.516, 13.3959], [-87.513, 13.3954], [-87.5129, 13.3963], [-87.5169, 13.3971], [-87.5174, 13.397], [-87.5178, 13.3967], [-87.5182, 13.3946], [-87.5128, 13.3924], [-87.5177, 13.3881], [-87.528, 13.3935], [-87.5249, 13.3846], [-87.5133, 13.3878], [-87.5264, 13.3718], [-87.5241, 13.3778], [-87.525, 13.3799], [-87.5261, 13.3811], [-87.5321, 13.3793], [-87.5305, 13.383], [-87.5321, 13.3839], [-87.5311, 13.385], [-87.531, 13.3855], [-87.5315, 13.386], [-87.5324, 13.3838], [-87.531, 13.3829], [-87.533, 13.379], [-87.5247, 13.3784], [-87.5302, 13.374], [-87.5357, 13.3737], [-87.5378, 13.3758], [-87.5363, 13.3787], [-87.5368, 13.3804], [-87.5469, 13.3723], [-87.5471, 13.3753], [-87.5536, 13.3813], [-87.55, 13.3831], [-87.5469, 13.3785], [-87.5457, 13.3776], [-87.5454, 13.3776], [-87.5499, 13.3836], [-87.5539, 13.3818], [-87.5533, 13.3794], [-87.5506, 13.3771], [-87.5551, 13.3782], [-87.5559, 13.3826], [-87.5496, 13.3871], [-87.5483, 13.3841], [-87.5429, 13.3819], [-87.5408, 13.3866], [-87.5445, 13.3884], [-87.5426, 13.3937], [-87.5437, 13.3944], [-87.5455, 13.3944], [-87.5441, 13.3959], [-87.5445, 13.3968], [-87.5461, 13.3973], [-87.5443, 13.3981], [-87.5417, 13.4037], [-87.5463, 13.3975], [-87.5457, 13.3942], [-87.5429, 13.3935], [-87.5449, 13.3885], [-87.5427, 13.3857], [-87.5502, 13.3896], [-87.5621, 13.3756], [-87.567, 13.3763], [-87.5652, 13.3831], [-87.577, 13.3766], [-87.5694, 13.373], [-87.573, 13.3725], [-87.5707, 13.3664], [-87.5617, 13.3649], [-87.5637, 13.3607], [-87.5809, 13.3671], [-87.5856, 13.3642], [-87.586, 13.3703], [-87.5821, 13.3691], [-87.577, 13.3731], [-87.581, 13.3717], [-87.5822, 13.3742], [-87.5848, 13.3749], [-87.5869, 13.3743], [-87.5897, 13.369], [-87.5823, 13.3739], [-87.5816, 13.3699], [-87.5863, 13.3708], [-87.5867, 13.3653], [-87.5857, 13.3637], [-87.5842, 13.3636], [-87.5802, 13.3664], [-87.5792, 13.363], [-87.5981, 13.3606], [-87.5748, 13.3459], [-87.5832, 13.337], [-87.5752, 13.3282], [-87.5821, 13.3077], [-87.5896, 13.3064], [-87.5912, 13.3134], [-87.6079, 13.3092], [-87.6087, 13.3139], [-87.6165, 13.3079], [-87.6435, 13.3176], [-87.6594, 13.3358], [-87.6605, 13.3465], [-87.6524, 13.3511], [-87.6564, 13.3655], [-87.646, 13.3616], [-87.6369, 13.3745], [-87.6315, 13.3649], [-87.6096, 13.3628], [-87.6139, 13.3665], [-87.6055, 13.3778], [-87.5979, 13.3755], [-87.6038, 13.3788], [-87.5917, 13.3773], [-87.5949, 13.3739], [-87.5972, 13.3666], [-87.5989, 13.3658], [-87.5974, 13.3661], [-87.5951, 13.3685], [-87.5909, 13.3771], [-87.5865, 13.3765], [-87.5912, 13.3736], [-87.5915, 13.3715], [-87.5898, 13.3693], [-87.5855, 13.3769], [-87.5771, 13.377], [-87.574, 13.3843], [-87.5878, 13.3796], [-87.593, 13.3827], [-87.585, 13.3825], [-87.5788, 13.385], [-87.5785, 13.3884], [-87.5834, 13.3926], [-87.5785, 13.3943], [-87.5772, 13.3971], [-87.5761, 13.396], [-87.5777, 13.3931], [-87.5774, 13.3917], [-87.5727, 13.3951], [-87.5773, 13.3975], [-87.5837, 13.3933], [-87.584, 13.3916], [-87.5789, 13.3863], [-87.5864, 13.3834], [-87.5853, 13.393], [-87.5873, 13.3986], [-87.5809, 13.4001], [-87.5796, 13.4029], [-87.5815, 13.4101], [-87.583, 13.4106], [-87.5857, 13.4089], [-87.5866, 13.4193], [-87.5893, 13.4188], [-87.5856, 13.4315], [-87.5939, 13.4174], [-87.613, 13.4313], [-87.6065, 13.4406], [-87.6068, 13.437], [-87.6047, 13.4352], [-87.6056, 13.4407], [-87.6069, 13.4407], [-87.609, 13.4376], [-87.6102, 13.4389], [-87.6059, 13.4511], [-87.6085, 13.4529], [-87.5987, 13.4608], [-87.5893, 13.459], [-87.5865, 13.4647], [-87.5819, 13.4641], [-87.5822, 13.4604], [-87.5806, 13.4593], [-87.5799, 13.4594], [-87.5782, 13.4606], [-87.5769, 13.4641], [-87.5735, 13.4671], [-87.5718, 13.4658], [-87.5738, 13.463], [-87.5735, 13.4611], [-87.5717, 13.4607], [-87.5704, 13.4611], [-87.57, 13.4621], [-87.5704, 13.4639], [-87.5698, 13.4646], [-87.5678, 13.463], [-87.5694, 13.465], [-87.5705, 13.4641], [-87.5702, 13.4618], [-87.5731, 13.4612], [-87.5714, 13.4657], [-87.5724, 13.467], [-87.5739, 13.4672], [-87.5779, 13.4631], [-87.5788, 13.4605], [-87.5807, 13.4597], [-87.5811, 13.4645], [-87.5768, 13.4688], [-87.5768, 13.474], [-87.5818, 13.4645], [-87.5869, 13.4653], [-87.5905, 13.4631], [-87.5999, 13.4649], [-87.5948, 13.47], [-87.6068, 13.4609], [-87.6324, 13.466], [-87.6381, 13.4727], [-87.6291, 13.4797], [-87.6293, 13.4834], [-87.6337, 13.4822], [-87.6324, 13.4854], [-87.634, 13.4816], [-87.6299, 13.4796], [-87.6383, 13.4759], [-87.6399, 13.485], [-87.6416, 13.4801], [-87.6356, 13.4664], [-87.637, 13.4634], [-87.6479, 13.4904], [-87.6389, 13.506], [-87.6397, 13.5283], [-87.6493, 13.5367], [-87.6531, 13.5843], [-87.6224, 13.5967], [-87.6013, 13.5951], [-87.572, 13.6226], [-87.55, 13.633], [-87.5311, 13.6226], [-87.5147, 13.6345], [-87.5125, 13.66], [-87.4869, 13.6685], [-87.4625, 13.6725], [-87.4553, 13.6591]]]]}}, {"id": "277", "type": "Feature", "properties": {"adm2_code": "17487", "adm2_name": "San Francisco De Coray", "adm1_code": "1437", "adm1_name": "Valle"}, "geometry": {"type": "Polygon", "coordinates": [[[-87.551, 13.7205], [-87.5209, 13.6934], [-87.4643, 13.6726], [-87.5125, 13.66], [-87.5147, 13.6345], [-87.5311, 13.6226], [-87.5495, 13.6331], [-87.572, 13.6226], [-87.6035, 13.6698], [-87.5919, 13.6902], [-87.5992, 13.6986], [-87.603, 13.722], [-87.5887, 13.7165], [-87.551, 13.7205]]]}}, {"id": "278", "type": "Feature", "properties": {"adm2_code": "17488", "adm2_name": "San Lorenzo", "adm1_code": "1437", "adm1_name": "Valle"}, "geometry": {"type": "MultiPolygon", "coordinates": [[[[-87.4073, 13.3689], [-87.4066, 13.3687], [-87.4061, 13.3687], [-87.4062, 13.3686], [-87.4073, 13.3689]]], [[[-87.4951, 13.372], [-87.4963, 13.3707], [-87.4971, 13.3715], [-87.4951, 13.372]]], [[[-87.4209, 13.3821], [-87.425, 13.3785], [-87.4202, 13.3774], [-87.4181, 13.3728], [-87.4201, 13.3746], [-87.422, 13.3742], [-87.4229, 13.3734], [-87.4231, 13.373], [-87.4178, 13.3714], [-87.4133, 13.3765], [-87.4078, 13.3735], [-87.4195, 13.3685], [-87.4247, 13.3579], [-87.4263, 13.3804], [-87.4209, 13.3821]]], [[[-87.4153, 13.3902], [-87.4181, 13.3866], [-87.4175, 13.3902], [-87.4153, 13.3902]]], [[[-87.4751, 13.3868], [-87.4606, 13.3892], [-87.4597, 13.3857], [-87.4602, 13.3832], [-87.4618, 13.3851], [-87.4635, 13.385], [-87.4712, 13.3792], [-87.4776, 13.3863], [-87.476, 13.3908], [-87.4751, 13.3868]]], [[[-87.4716, 13.3903], [-87.4723, 13.389], [-87.4731, 13.3909], [-87.4716, 13.3903]]], [[[-87.4713, 13.3915], [-87.4715, 13.3913], [-87.4715, 13.3915], [-87.4713, 13.3915]]], [[[-87.3815, 13.3915], [-87.382, 13.3917], [-87.3809, 13.392], [-87.3815, 13.3915]]], [[[-87.4732, 13.3923], [-87.4718, 13.3916], [-87.4731, 13.3915], [-87.4732, 13.3923]]], [[[-87.4134, 13.3874], [-87.4086, 13.3805], [-87.404, 13.3798], [-87.4037, 13.3752], [-87.4192, 13.3777], [-87.4112, 13.3927], [-87.4134, 13.3874]]], [[[-87.3791, 13.3951], [-87.3794, 13.3943], [-87.3793, 13.3952], [-87.3791, 13.3951]]], [[[-87.4848, 13.395], [-87.4769, 13.3736], [-87.4817, 13.375], [-87.4754, 13.37], [-87.4791, 13.3579], [-87.4905, 13.364], [-87.486, 13.3682], [-87.4882, 13.3763], [-87.4885, 13.3676], [-87.4937, 13.3685], [-87.4943, 13.3719], [-87.5004, 13.3752], [-87.5092, 13.3762], [-87.5067, 13.3793], [-87.502, 13.3771], [-87.4956, 13.3808], [-87.506, 13.38], [-87.4971, 13.3895], [-87.4941, 13.3866], [-87.4869, 13.3857], [-87.4929, 13.3894], [-87.4848, 13.395]]], [[[-87.4618, 13.3958], [-87.4531, 13.3894], [-87.4472, 13.3917], [-87.4479, 13.3842], [-87.4319, 13.3838], [-87.4388, 13.3778], [-87.4397, 13.3803], [-87.4401, 13.3797], [-87.4413, 13.3803], [-87.4426, 13.3803], [-87.4429, 13.3801], [-87.4418, 13.3746], [-87.4573, 13.3788], [-87.4684, 13.374], [-87.4749, 13.3803], [-87.4709, 13.3784], [-87.4598, 13.3826], [-87.4587, 13.3904], [-87.4682, 13.3883], [-87.471, 13.3914], [-87.4672, 13.3904], [-87.4641, 13.3914], [-87.4618, 13.3958]]], [[[-87.3808, 13.3951], [-87.3816, 13.3952], [-87.3808, 13.396], [-87.3808, 13.3951]]], [[[-87.4694, 13.3922], [-87.4684, 13.3946], [-87.4652, 13.3939], [-87.465, 13.3921], [-87.4694, 13.3922]]], [[[-87.4885, 13.3963], [-87.4885, 13.3958], [-87.4888, 13.396], [-87.4885, 13.3963]]], [[[-87.4486, 13.3965], [-87.4527, 13.3909], [-87.4545, 13.3917], [-87.4486, 13.3965]]], [[[-87.3858, 13.3977], [-87.3843, 13.3962], [-87.3868, 13.3969], [-87.3858, 13.3977]]], [[[-87.4731, 13.3975], [-87.4708, 13.3931], [-87.4735, 13.3928], [-87.4748, 13.3874], [-87.4731, 13.3975]]], [[[-87.474, 13.3994], [-87.4741, 13.3984], [-87.4745, 13.3996], [-87.474, 13.3994]]], [[[-87.4754, 13.3985], [-87.4774, 13.3911], [-87.48, 13.3895], [-87.4811, 13.3957], [-87.4754, 13.3985]]], [[[-87.3764, 13.4], [-87.3718, 13.3944], [-87.3771, 13.3924], [-87.3795, 13.3967], [-87.3764, 13.4]]], [[[-87.4755, 13.3996], [-87.4758, 13.3995], [-87.4755, 13.4], [-87.4755, 13.3996]]], [[[-87.3735, 13.3998], [-87.3744, 13.3995], [-87.3746, 13.4], [-87.3735, 13.3998]]], [[[-87.3843, 13.394], [-87.3801, 13.3943], [-87.3913, 13.3852], [-87.3873, 13.3743], [-87.3943, 13.3688], [-87.4023, 13.3719], [-87.4017, 13.3792], [-87.395, 13.3744], [-87.3967, 13.3789], [-87.3923, 13.3769], [-87.3912, 13.3786], [-87.3988, 13.3807], [-87.3929, 13.3794], [-87.3914, 13.3827], [-87.4041, 13.3815], [-87.4065, 13.3842], [-87.4027, 13.3875], [-87.4027, 13.3891], [-87.4122, 13.386], [-87.4062, 13.3913], [-87.4149, 13.3972], [-87.3983, 13.401], [-87.3986, 13.3899], [-87.3975, 13.3883], [-87.3958, 13.3881], [-87.3964, 13.4017], [-87.3843, 13.394]]], [[[-87.4178, 13.404], [-87.4179, 13.3956], [-87.4117, 13.3935], [-87.4183, 13.3915], [-87.4241, 13.3829], [-87.4178, 13.404]]], [[[-87.4931, 13.4019], [-87.4875, 13.4031], [-87.487, 13.4016], [-87.4793, 13.3991], [-87.4907, 13.3968], [-87.4909, 13.3918], [-87.4931, 13.4019]]], [[[-87.4882, 13.4062], [-87.4904, 13.4057], [-87.4887, 13.4066], [-87.4882, 13.4062]]], [[[-87.4447, 13.4065], [-87.4463, 13.4066], [-87.4444, 13.4067], [-87.4447, 13.4065]]], [[[-87.4775, 13.4063], [-87.4726, 13.4011], [-87.4708, 13.4007], [-87.4768, 13.4019], [-87.4779, 13.3986], [-87.4775, 13.4063]]], [[[-87.4529, 13.4054], [-87.4412, 13.4049], [-87.4494, 13.4026], [-87.4529, 13.4054]]], [[[-87.4609, 13.4078], [-87.4642, 13.3938], [-87.4712, 13.3983], [-87.4609, 13.4078]]], [[[-87.487, 13.4028], [-87.4799, 13.408], [-87.4845, 13.4017], [-87.487, 13.4028]]], [[[-87.4742, 13.4051], [-87.4677, 13.4087], [-87.463, 13.4089], [-87.4742, 13.4051]]], [[[-87.4761, 13.4099], [-87.4778, 13.4087], [-87.4762, 13.4105], [-87.4761, 13.4099]]], [[[-87.3916, 13.4112], [-87.392, 13.4045], [-87.4038, 13.4044], [-87.3953, 13.4076], [-87.3916, 13.4112]]], [[[-87.4531, 13.4135], [-87.4448, 13.4111], [-87.4512, 13.411], [-87.4499, 13.4093], [-87.4541, 13.4066], [-87.4537, 13.4025], [-87.4356, 13.4007], [-87.4312, 13.3898], [-87.4412, 13.3863], [-87.4473, 13.3978], [-87.4594, 13.3952], [-87.4599, 13.4087], [-87.4531, 13.4135]]], [[[-87.4572, 13.4118], [-87.4599, 13.4141], [-87.457, 13.4139], [-87.4572, 13.4118]]], [[[-87.4116, 13.4128], [-87.4115, 13.4173], [-87.4082, 13.4177], [-87.4074, 13.4167], [-87.4116, 13.4128]]], [[[-87.486, 13.418], [-87.4819, 13.4156], [-87.4859, 13.4133], [-87.4775, 13.4106], [-87.4913, 13.4073], [-87.486, 13.418]]], [[[-87.4203, 13.418], [-87.4207, 13.4182], [-87.4203, 13.4185], [-87.4203, 13.418]]], [[[-87.4679, 13.415], [-87.4757, 13.4102], [-87.4815, 13.4156], [-87.475, 13.4151], [-87.4736, 13.4186], [-87.4679, 13.415]]], [[[-87.4664, 13.4178], [-87.4594, 13.4172], [-87.4629, 13.4104], [-87.4677, 13.4101], [-87.4664, 13.4178]]], [[[-87.483, 13.4183], [-87.4799, 13.4183], [-87.4791, 13.4158], [-87.4859, 13.4182], [-87.485, 13.4213], [-87.483, 13.4183]]], [[[-87.4848, 13.4217], [-87.485, 13.4215], [-87.485, 13.4222], [-87.4848, 13.4217]]], [[[-87.4605, 13.4247], [-87.4564, 13.4214], [-87.4605, 13.4198], [-87.4605, 13.4247]]], [[[-87.4778, 13.4266], [-87.4791, 13.4194], [-87.4747, 13.4163], [-87.4774, 13.4154], [-87.4794, 13.4187], [-87.4844, 13.4206], [-87.4821, 13.4212], [-87.4809, 13.4232], [-87.4818, 13.4242], [-87.4806, 13.4248], [-87.4804, 13.4256], [-87.478, 13.4258], [-87.4778, 13.4266]]], [[[-87.4776, 13.4278], [-87.4788, 13.4271], [-87.4788, 13.4281], [-87.4776, 13.4278]]], [[[-87.3614, 13.5188], [-87.3672, 13.4778], [-87.3416, 13.4414], [-87.3516, 13.41], [-87.3611, 13.3994], [-87.372, 13.3947], [-87.368, 13.4001], [-87.3725, 13.4056], [-87.372, 13.4005], [-87.3807, 13.4007], [-87.3794, 13.4083], [-87.3839, 13.3963], [-87.3914, 13.404], [-87.3869, 13.4072], [-87.3908, 13.4151], [-87.3988, 13.4077], [-87.3946, 13.4147], [-87.4, 13.4191], [-87.4158, 13.4218], [-87.4196, 13.4159], [-87.4194, 13.4193], [-87.4253, 13.4195], [-87.4204, 13.4225], [-87.4274, 13.4269], [-87.4226, 13.4224], [-87.4258, 13.4198], [-87.4221, 13.4158], [-87.4288, 13.4135], [-87.4275, 13.4069], [-87.4306, 13.4111], [-87.4329, 13.4086], [-87.4359, 13.4121], [-87.4313, 13.4143], [-87.4325, 13.4145], [-87.4322, 13.4163], [-87.4332, 13.4172], [-87.4329, 13.4183], [-87.4335, 13.4203], [-87.4341, 13.4207], [-87.4363, 13.4114], [-87.4326, 13.4079], [-87.4309, 13.4097], [-87.4275, 13.4062], [-87.4248, 13.4126], [-87.4207, 13.4132], [-87.424, 13.4005], [-87.4312, 13.3979], [-87.4279, 13.4011], [-87.43, 13.4054], [-87.4327, 13.4012], [-87.4374, 13.4096], [-87.4367, 13.4046], [-87.443, 13.4075], [-87.4385, 13.4118], [-87.4427, 13.4177], [-87.4371, 13.4153], [-87.4345, 13.4206], [-87.4359, 13.4219], [-87.4427, 13.4186], [-87.4436, 13.4154], [-87.4416, 13.4118], [-87.4432, 13.4088], [-87.4454, 13.4149], [-87.4596, 13.4184], [-87.4547, 13.4211], [-87.4571, 13.4262], [-87.4621, 13.4243], [-87.4612, 13.4197], [-87.4682, 13.4175], [-87.4746, 13.4198], [-87.4747, 13.4291], [-87.4797, 13.4293], [-87.4792, 13.4273], [-87.4781, 13.426], [-87.4804, 13.4258], [-87.482, 13.4245], [-87.482, 13.4226], [-87.484, 13.4282], [-87.4866, 13.4298], [-87.4822, 13.4219], [-87.4845, 13.4213], [-87.4855, 13.4262], [-87.4984, 13.4337], [-87.4959, 13.452], [-87.4741, 13.4586], [-87.4567, 13.4727], [-87.448, 13.4716], [-87.4294, 13.5165], [-87.4, 13.5105], [-87.3917, 13.5022], [-87.3656, 13.5224], [-87.3614, 13.5188]]]]}}, {"id": "279", "type": "Feature", "properties": {"adm2_code": "17489", "adm2_name": "Arenal", "adm1_code": "1438", "adm1_name": "Yoro"}, "geometry": {"type": "Polygon", "coordinates": [[[-86.8026, 15.2876], [-86.8194, 15.2692], [-86.8541, 15.2783], [-86.9429, 15.3473], [-86.9615, 15.3758], [-86.9779, 15.3758], [-86.9505, 15.3883], [-86.9315, 15.3798], [-86.9058, 15.3936], [-86.8968, 15.3909], [-86.8664, 15.3995], [-86.8532, 15.389], [-86.7869, 15.3908], [-86.7794, 15.4089], [-86.7331, 15.4167], [-86.7234, 15.4077], [-86.7319, 15.3974], [-86.7656, 15.3853], [-86.7644, 15.3759], [-86.7808, 15.3813], [-86.7861, 15.37], [-86.7807, 15.348], [-86.7843, 15.3329], [-86.7974, 15.3336], [-86.811, 15.3065], [-86.8026, 15.2876]]]}}, {"id": "280", "type": "Feature", "properties": {"adm2_code": "17490", "adm2_name": "El Negrito", "adm1_code": "1438", "adm1_name": "Yoro"}, "geometry": {"type": "Polygon", "coordinates": [[[-87.6283, 15.504], [-87.6273, 15.4746], [-87.6439, 15.4703], [-87.6482, 15.4572], [-87.6263, 15.4508], [-87.6147, 15.4359], [-87.6284, 15.4306], [-87.6414, 15.3863], [-87.6358, 15.3531], [-87.6496, 15.2936], [-87.6755, 15.2858], [-87.6731, 15.2759], [-87.6855, 15.2748], [-87.6983, 15.2487], [-87.6941, 15.2399], [-87.7029, 15.2347], [-87.7012, 15.2262], [-87.7167, 15.2055], [-87.7249, 15.2039], [-87.727, 15.1921], [-87.7347, 15.1935], [-87.7334, 15.2002], [-87.7627, 15.197], [-87.7736, 15.2077], [-87.7967, 15.2142], [-87.8099, 15.2285], [-87.7869, 15.2585], [-87.7774, 15.3244], [-87.7666, 15.3563], [-87.7309, 15.4317], [-87.6932, 15.4561], [-87.6923, 15.4912], [-87.7131, 15.5248], [-87.7451, 15.5307], [-87.7451, 15.5367], [-87.7699, 15.5569], [-87.751, 15.5885], [-87.7481, 15.6063], [-87.7657, 15.6252], [-87.7654, 15.6496], [-87.7382, 15.6549], [-87.7449, 15.6608], [-87.7439, 15.6699], [-87.7346, 15.6752], [-87.7149, 15.6635], [-87.7072, 15.6657], [-87.705, 15.6538], [-87.6921, 15.644], [-87.6908, 15.5912], [-87.6771, 15.5476], [-87.6527, 15.5298], [-87.6388, 15.5078], [-87.6283, 15.504]]]}}, {"id": "281", "type": "Feature", "properties": {"adm2_code": "17491", "adm2_name": "El Progreso", "adm1_code": "1438", "adm1_name": "Yoro"}, "geometry": {"type": "Polygon", "coordinates": [[[-87.7832, 15.7187], [-87.7814, 15.7008], [-87.7568, 15.697], [-87.747, 15.6808], [-87.7346, 15.6752], [-87.7456, 15.6644], [-87.7382, 15.6549], [-87.7654, 15.6496], [-87.7657, 15.6252], [-87.7481, 15.6063], [-87.751, 15.5885], [-87.7699, 15.5569], [-87.7451, 15.5367], [-87.7451, 15.5307], [-87.7131, 15.5248], [-87.6923, 15.4912], [-87.6932, 15.4561], [-87.7309, 15.4317], [-87.7774, 15.3244], [-87.7869, 15.2585], [-87.8099, 15.2285], [-87.8442, 15.2132], [-87.9183, 15.2114], [-87.9244, 15.2175], [-87.9205, 15.2298], [-87.9337, 15.2209], [-87.9367, 15.2397], [-87.9334, 15.2593], [-87.9126, 15.2616], [-87.9113, 15.2731], [-87.9275, 15.2792], [-87.923, 15.2894], [-87.9071, 15.2902], [-87.9181, 15.3078], [-87.8943, 15.3096], [-87.8863, 15.3309], [-87.8692, 15.3226], [-87.8676, 15.3295], [-87.8811, 15.332], [-87.8815, 15.337], [-87.8521, 15.3624], [-87.8434, 15.3907], [-87.8285, 15.3874], [-87.824, 15.3943], [-87.8305, 15.4201], [-87.8665, 15.4356], [-87.8687, 15.4415], [-87.8402, 15.4467], [-87.8315, 15.4265], [-87.8153, 15.4452], [-87.817, 15.4597], [-87.8331, 15.4653], [-87.8293, 15.4816], [-87.8419, 15.4904], [-87.8336, 15.5057], [-87.8384, 15.518], [-87.8313, 15.5207], [-87.814, 15.5114], [-87.8233, 15.5399], [-87.807, 15.5519], [-87.8134, 15.5715], [-87.8034, 15.5743], [-87.7841, 15.5608], [-87.7808, 15.5674], [-87.7924, 15.5881], [-87.7743, 15.5892], [-87.7746, 15.606], [-87.7839, 15.6144], [-87.7825, 15.633], [-87.8157, 15.6365], [-87.8199, 15.6435], [-87.8158, 15.6596], [-87.8261, 15.6484], [-87.8374, 15.6556], [-87.833, 15.6743], [-87.8158, 15.6784], [-87.8151, 15.6844], [-87.8468, 15.6805], [-87.8346, 15.695], [-87.815, 15.7024], [-87.8111, 15.7213], [-87.7919, 15.707], [-87.7832, 15.7187]]]}}, {"id": "282", "type": "Feature", "properties": {"adm2_code": "17492", "adm2_name": "Jocon", "adm1_code": "1438", "adm1_name": "Yoro"}, "geometry": {"type": "Polygon", "coordinates": [[[-86.9931, 15.3739], [-86.9615, 15.3758], [-86.9429, 15.3473], [-86.9034, 15.3203], [-86.8817, 15.2956], [-86.8439, 15.2748], [-86.8456, 15.2623], [-86.8912, 15.2393], [-86.8949, 15.2225], [-86.884, 15.1748], [-86.8947, 15.1698], [-86.9292, 15.2015], [-86.9734, 15.1967], [-86.9922, 15.22], [-87.0093, 15.2239], [-87.025, 15.2419], [-87.0433, 15.2465], [-87.0984, 15.2872], [-87.1125, 15.2916], [-87.1152, 15.3034], [-87.1232, 15.3048], [-87.1312, 15.3171], [-87.1171, 15.3297], [-87.1205, 15.3513], [-87.1032, 15.3678], [-87.0812, 15.3693], [-87.0774, 15.3621], [-87.0687, 15.3649], [-87.0511, 15.3566], [-87.0395, 15.3601], [-87.0399, 15.373], [-87.0319, 15.3727], [-87.0228, 15.3894], [-87.0199, 15.3829], [-86.9931, 15.3739]]]}}, {"id": "283", "type": "Feature", "properties": {"adm2_code": "17493", "adm2_name": "Morazan", "adm1_code": "1438", "adm1_name": "Yoro"}, "geometry": {"type": "Polygon", "coordinates": [[[-87.5403, 15.5198], [-87.5211, 15.5092], [-87.526, 15.5029], [-87.5203, 15.4567], [-87.5461, 15.4393], [-87.5433, 15.4271], [-87.555, 15.3972], [-87.5254, 15.3747], [-87.5153, 15.3516], [-87.4955, 15.3416], [-87.4749, 15.3208], [-87.4546, 15.254], [-87.4619, 15.2455], [-87.5124, 15.2556], [-87.5313, 15.2339], [-87.5461, 15.2271], [-87.5502, 15.1934], [-87.5783, 15.1698], [-87.6059, 15.1712], [-87.633, 15.1869], [-87.6718, 15.2234], [-87.6649, 15.2628], [-87.6867, 15.2692], [-87.6833, 15.2768], [-87.6731, 15.2759], [-87.6755, 15.2858], [-87.6496, 15.2936], [-87.6358, 15.3531], [-87.6414, 15.3863], [-87.6284, 15.4306], [-87.6147, 15.4359], [-87.6263, 15.4508], [-87.6447, 15.4528], [-87.6465, 15.4666], [-87.6273, 15.4746], [-87.6283, 15.504], [-87.585, 15.5061], [-87.5403, 15.5198]]]}}, {"id": "284", "type": "Feature", "properties": {"adm2_code": "17494", "adm2_name": "Olanchito", "adm1_code": "1438", "adm1_name": "Yoro"}, "geometry": {"type": "Polygon", "coordinates": [[[-86.5041, 15.5891], [-86.4326, 15.5669], [-86.3946, 15.5367], [-86.3667, 15.5395], [-86.3593, 15.5465], [-86.3203, 15.5485], [-86.2799, 15.5406], [-86.2512, 15.522], [-86.2497, 15.5312], [-86.2277, 15.5328], [-86.2359, 15.5265], [-86.2241, 15.5051], [-86.2315, 15.4773], [-86.2262, 15.4661], [-86.2393, 15.4536], [-86.2301, 15.4423], [-86.2309, 15.4114], [-86.3624, 15.3365], [-86.4125, 15.3152], [-86.4192, 15.3182], [-86.4383, 15.363], [-86.4585, 15.3638], [-86.471, 15.3897], [-86.5072, 15.399], [-86.5089, 15.3893], [-86.5322, 15.3783], [-86.5487, 15.383], [-86.5785, 15.3613], [-86.6258, 15.3442], [-86.644, 15.3286], [-86.6584, 15.3338], [-86.6741, 15.3286], [-86.6763, 15.2957], [-86.6914, 15.2837], [-86.692, 15.2754], [-86.7286, 15.2565], [-86.7627, 15.2572], [-86.7795, 15.262], [-86.7876, 15.2802], [-86.8026, 15.2876], [-86.811, 15.3065], [-86.7974, 15.3336], [-86.7843, 15.3329], [-86.7807, 15.348], [-86.7861, 15.37], [-86.7808, 15.3813], [-86.7644, 15.3759], [-86.7656, 15.3853], [-86.7319, 15.3974], [-86.7234, 15.4077], [-86.7347, 15.4174], [-86.7794, 15.4089], [-86.7869, 15.3908], [-86.8532, 15.389], [-86.8664, 15.3995], [-86.8968, 15.3909], [-86.9058, 15.3936], [-86.9315, 15.3798], [-86.9505, 15.3883], [-86.9931, 15.3739], [-87.0263, 15.3886], [-87.0319, 15.3727], [-87.0399, 15.373], [-87.0395, 15.3601], [-87.0511, 15.3566], [-87.0687, 15.3649], [-87.0774, 15.3621], [-87.0812, 15.3693], [-87.1032, 15.3678], [-87.1205, 15.3513], [-87.1199, 15.3254], [-87.1421, 15.336], [-87.1409, 15.3749], [-87.1748, 15.3986], [-87.1979, 15.4336], [-87.1852, 15.4501], [-87.1412, 15.4483], [-87.1265, 15.4643], [-87.1097, 15.4653], [-87.0844, 15.4796], [-87.0779, 15.5024], [-87.0443, 15.5223], [-87.02, 15.5506], [-87.0073, 15.5425], [-86.9624, 15.5426], [-86.9418, 15.5573], [-86.9322, 15.5528], [-86.9087, 15.5563], [-86.8928, 15.5648], [-86.8857, 15.5639], [-86.8829, 15.5463], [-86.8589, 15.54], [-86.8411, 15.5533], [-86.8316, 15.5461], [-86.7959, 15.5407], [-86.7256, 15.5776], [-86.6696, 15.5985], [-86.6038, 15.5816], [-86.5644, 15.5877], [-86.5518, 15.5768], [-86.5041, 15.5891]]]}}, {"id": "285", "type": "Feature", "properties": {"adm2_code": "17495", "adm2_name": "Santa Rita", "adm1_code": "1438", "adm1_name": "Yoro"}, "geometry": {"type": "Polygon", "coordinates": [[[-87.7334, 15.2002], [-87.7358, 15.1741], [-87.7462, 15.1676], [-87.7496, 15.1543], [-87.7856, 15.1267], [-87.8006, 15.13], [-87.7974, 15.1392], [-87.8038, 15.1472], [-87.8154, 15.1417], [-87.8215, 15.1511], [-87.8471, 15.1489], [-87.8482, 15.1624], [-87.8592, 15.1665], [-87.8658, 15.1795], [-87.8964, 15.1771], [-87.9209, 15.1868], [-87.9171, 15.195], [-87.9234, 15.1997], [-87.9183, 15.2114], [-87.8442, 15.2132], [-87.8099, 15.2285], [-87.7967, 15.2142], [-87.7736, 15.2077], [-87.7627, 15.197], [-87.7334, 15.2002]]]}}, {"id": "286", "type": "Feature", "properties": {"adm2_code": "17496", "adm2_name": "Sulaco", "adm1_code": "1438", "adm1_name": "Yoro"}, "geometry": {"type": "Polygon", "coordinates": [[[-87.2134, 14.9979], [-87.2125, 14.9556], [-87.2269, 14.9477], [-87.247, 14.9235], [-87.236, 14.9086], [-87.2387, 14.8952], [-87.222, 14.8915], [-87.225, 14.8846], [-87.2195, 14.8757], [-87.2256, 14.8618], [-87.2873, 14.8927], [-87.3021, 14.9122], [-87.3127, 14.911], [-87.3231, 14.8985], [-87.3371, 14.916], [-87.367, 14.9143], [-87.3811, 14.9245], [-87.387, 14.9224], [-87.3828, 14.9367], [-87.3919, 14.946], [-87.3749, 14.955], [-87.4195, 14.9922], [-87.4098, 15.0223], [-87.3844, 15.0406], [-87.3669, 15.0435], [-87.3662, 15.0248], [-87.3557, 15.0194], [-87.3551, 15.0068], [-87.3148, 15.008], [-87.3026, 14.9997], [-87.294, 15.01], [-87.2725, 15.0107], [-87.2134, 14.9979]]]}}, {"id": "287", "type": "Feature", "properties": {"adm2_code": "17497", "adm2_name": "Victoria", "adm1_code": "1438", "adm1_name": "Yoro"}, "geometry": {"type": "Polygon", "coordinates": [[[-87.579, 15.1696], [-87.5709, 15.1637], [-87.5496, 15.1632], [-87.5387, 15.1462], [-87.4999, 15.1412], [-87.4694, 15.112], [-87.4537, 15.1091], [-87.4258, 15.0901], [-87.4333, 15.0211], [-87.4124, 15.0131], [-87.4195, 14.9922], [-87.3749, 14.955], [-87.3919, 14.946], [-87.383, 14.9372], [-87.3831, 14.9256], [-87.3988, 14.9215], [-87.4251, 14.8933], [-87.4476, 14.8885], [-87.4705, 14.8939], [-87.4778, 14.9136], [-87.4721, 14.9217], [-87.4827, 14.9335], [-87.4811, 14.9577], [-87.4934, 14.9571], [-87.4913, 14.9659], [-87.5097, 14.9716], [-87.5172, 14.9851], [-87.5187, 15.0167], [-87.5294, 15.0331], [-87.5515, 15.049], [-87.5709, 15.0452], [-87.5809, 15.0316], [-87.5957, 15.0315], [-87.591, 15.0193], [-87.6154, 15.0155], [-87.6259, 15.0023], [-87.6412, 15.015], [-87.6542, 15.0106], [-87.6742, 15.0163], [-87.7042, 15.0034], [-87.7433, 15.0045], [-87.737, 15.0109], [-87.7455, 15.0183], [-87.7522, 15.04], [-87.7479, 15.0664], [-87.7363, 15.0778], [-87.7426, 15.0935], [-87.7359, 15.1028], [-87.7736, 15.1333], [-87.771, 15.1398], [-87.763, 15.1396], [-87.7627, 15.1483], [-87.7496, 15.1543], [-87.7462, 15.1676], [-87.7358, 15.1741], [-87.7332, 15.1928], [-87.727, 15.1921], [-87.7249, 15.2039], [-87.7167, 15.2055], [-87.7012, 15.2262], [-87.7029, 15.2347], [-87.6941, 15.2399], [-87.698, 15.2499], [-87.6867, 15.2692], [-87.6649, 15.2628], [-87.6718, 15.2234], [-87.633, 15.1869], [-87.6091, 15.1721], [-87.579, 15.1696]]]}}, {"id": "288", "type": "Feature", "properties": {"adm2_code": "17498", "adm2_name": "Yorito", "adm1_code": "1438", "adm1_name": "Yoro"}, "geometry": {"type": "Polygon", "coordinates": [[[-87.1851, 15.0145], [-87.2004, 15.0108], [-87.2134, 14.9979], [-87.2725, 15.0107], [-87.294, 15.01], [-87.3026, 14.9997], [-87.3148, 15.008], [-87.3527, 15.0063], [-87.3557, 15.0194], [-87.3662, 15.0248], [-87.3669, 15.0435], [-87.4002, 15.0314], [-87.4124, 15.0131], [-87.4302, 15.0194], [-87.4273, 15.0842], [-87.4188, 15.1158], [-87.3958, 15.1282], [-87.3525, 15.1178], [-87.3338, 15.1023], [-87.316, 15.1074], [-87.3038, 15.1005], [-87.2893, 15.1058], [-87.2648, 15.0427], [-87.2164, 15.0307], [-87.1851, 15.0145]]]}}, {"id": "289", "type": "Feature", "properties": {"adm2_code": "17499", "adm2_name": "Yoro", "adm1_code": "1438", "adm1_name": "Yoro"}, "geometry": {"type": "Polygon", "coordinates": [[[-87.3198, 15.4392], [-87.3032, 15.4282], [-87.2796, 15.427], [-87.2465, 15.4132], [-87.2247, 15.4174], [-87.2167, 15.4104], [-87.2069, 15.4146], [-87.1979, 15.4336], [-87.1748, 15.3986], [-87.1409, 15.3749], [-87.1421, 15.336], [-87.1201, 15.3274], [-87.1315, 15.3181], [-87.1232, 15.3048], [-87.1152, 15.3034], [-87.1125, 15.2916], [-87.0984, 15.2872], [-87.0433, 15.2465], [-87.025, 15.2419], [-87.0093, 15.2239], [-86.9922, 15.22], [-86.9734, 15.1967], [-86.9292, 15.2015], [-86.8962, 15.1701], [-86.884, 15.1748], [-86.8811, 15.151], [-86.8905, 15.1369], [-86.8844, 15.1322], [-86.9028, 15.1101], [-86.9021, 15.094], [-86.9075, 15.0925], [-86.9043, 15.0709], [-86.9194, 15.0699], [-86.9418, 15.0579], [-86.9472, 15.0301], [-86.9919, 15.0323], [-87.014, 15.0036], [-87.055, 15.0132], [-87.1083, 15.0029], [-87.1368, 15.0189], [-87.1638, 15.02], [-87.1666, 15.0142], [-87.1789, 15.0132], [-87.2164, 15.0307], [-87.2648, 15.0427], [-87.2893, 15.1058], [-87.3038, 15.1005], [-87.316, 15.1074], [-87.3338, 15.1023], [-87.3525, 15.1178], [-87.3958, 15.1282], [-87.4188, 15.1158], [-87.4258, 15.0901], [-87.4537, 15.1091], [-87.4694, 15.112], [-87.4999, 15.1412], [-87.5387, 15.1462], [-87.5496, 15.1632], [-87.5709, 15.1637], [-87.579, 15.1696], [-87.5502, 15.1934], [-87.5461, 15.2271], [-87.5313, 15.2339], [-87.5124, 15.2556], [-87.4619, 15.2455], [-87.4546, 15.254], [-87.4749, 15.3208], [-87.4955, 15.3416], [-87.5153, 15.3516], [-87.5254, 15.3747], [-87.555, 15.3972], [-87.5433, 15.4271], [-87.5461, 15.4393], [-87.5203, 15.4567], [-87.526, 15.5029], [-87.5211, 15.5092], [-87.5262, 15.5137], [-87.5014, 15.5221], [-87.4904, 15.5363], [-87.4757, 15.5405], [-87.4654, 15.5275], [-87.4522, 15.5267], [-87.4574, 15.4937], [-87.4496, 15.4858], [-87.4555, 15.4796], [-87.4436, 15.4719], [-87.4422, 15.458], [-87.4206, 15.4485], [-87.4204, 15.442], [-87.4125, 15.4454], [-87.4065, 15.4315], [-87.3863, 15.4355], [-87.3717, 15.4485], [-87.3513, 15.4444], [-87.3402, 15.4319], [-87.3198, 15.4392]]]}}]}